id,dt,account,payee,category,payment,deposit,net,quarter,month,day,investment
id266886,2022-09-14,CreditCard,Williams Gallagher and Dawson,Internet,1626,0,-1626,3,9,Wed,0
id630533,2022-09-14,Cash,Marks-Davis,House,217,0,-217,3,9,Wed,0
id876954,2022-09-14,SavingsBank,Zuniga-Cochran,Fuel,4178,0,-4178,3,9,Wed,0
id741665,2022-09-14,CreditCard,Collins Robertson and Scott,Investment,6763,0,-6763,3,9,Wed,1
id164732,2022-09-14,SavingsBank,Hughes PLC,Dinner,3386,0,-3386,3,9,Wed,0
id482120,2022-09-14,CheckingAccount,Mckinney Wallace and Francis,Telephone,5505,0,-5505,3,9,Wed,0
id992581,2022-09-15,CreditCard,Cooper Hall and Gibbs,Dinner,3643,0,-3643,3,9,Thu,0
id317180,2022-09-15,Cash,Williams Ho and Davis,Investment,2510,0,-2510,3,9,Thu,1
id434295,2022-09-15,Cash,Daugherty LLC,Telephone,8229,0,-8229,3,9,Thu,0
id120881,2022-09-15,CreditCard,Ramos LLC,House,127,0,-127,3,9,Thu,0
id927936,2022-09-16,CheckingAccount,Khan Rodriguez and Parks,Fuel,5040,0,-5040,3,9,Fri,0
id959066,2022-09-16,CreditCard,Ortiz-Hull,Dinner,790,0,-790,3,9,Fri,0
id176869,2022-09-16,SavingsBank,Patel Inc,Internet,3498,0,-3498,3,9,Fri,0
id266566,2022-09-16,CreditCard,Scott-Campbell,Books,660,0,-660,3,9,Fri,0
id813085,2022-09-16,SavingsBank,Bradford-Sanchez,Books,3823,0,-3823,3,9,Fri,0
id767092,2022-09-17,CheckingAccount,Jones Mitchell and Andrews,Investment,473,0,-473,3,9,Sat,1
id602536,2022-09-17,CheckingAccount,Williams Inc,Books,5630,0,-5630,3,9,Sat,0
id989450,2022-09-17,Cash,Gutierrez Santiago and Dean,Fuel,6398,0,-6398,3,9,Sat,0
id958730,2022-09-17,SavingsBank,Salary,Salary,0,30630,30630,3,9,Sat,0
id156786,2022-09-17,Cash,Tucker-Mills,House,5723,0,-5723,3,9,Sat,0
id380184,2022-09-17,CreditCard,Wright Group,Grocery,3136,0,-3136,3,9,Sat,0
id617634,2022-09-17,Cash,Contreras PLC,Investment,5928,0,-5928,3,9,Sat,1
id271408,2022-09-17,SavingsBank,Salary,Salary,0,40575,40575,3,9,Sat,0
id381698,2022-09-18,SavingsBank,Garner Group,Tax,1575,0,-1575,3,9,Sun,0
id285244,2022-09-18,CreditCard,Cab,Hire,7720,0,-7720,3,9,Sun,0
id340269,2022-09-18,CreditCard,Dixon Group,Dinner,1382,0,-1382,3,9,Sun,0
id163759,2022-09-18,CheckingAccount,Campbell-Larsen,Fuel,5055,0,-5055,3,9,Sun,0
id991159,2022-09-18,CheckingAccount,Sandoval-Hampton,Insurance,6942,0,-6942,3,9,Sun,0
id353606,2022-09-18,CreditCard,Macias White and Ballard,Books,5678,0,-5678,3,9,Sun,0
id807190,2022-09-18,CreditCard,Baird Inc,Grocery,5300,0,-5300,3,9,Sun,0
id818661,2022-09-19,Cash,Lewis-Velasquez,Fuel,7554,0,-7554,3,9,Mon,0
id697318,2022-09-19,SavingsBank,Barrett and Sons,Fuel,1784,0,-1784,3,9,Mon,0
id817629,2022-09-19,SavingsBank,Interest,Interest,0,6805,6805,3,9,Mon,0
id267969,2022-09-19,CheckingAccount,Chambers Dillon and Bird,School,7706,0,-7706,3,9,Mon,0
id509438,2022-09-19,Cash,Carr Osborne and Nunez,Grocery,2168,0,-2168,3,9,Mon,0
id130026,2022-09-19,CreditCard,Harris and Sons,Insurance,4910,0,-4910,3,9,Mon,0
id909566,2022-09-19,SavingsBank,Mullen-Haynes,Books,9044,0,-9044,3,9,Mon,0
id581843,2022-09-19,Cash,Parker LLC,Telephone,4602,0,-4602,3,9,Mon,0
id517438,2022-09-19,CheckingAccount,Schneider-Wilson,Telephone,6945,0,-6945,3,9,Mon,0
id761190,2022-09-19,CheckingAccount,Ponce PLC,Insurance,9586,0,-9586,3,9,Mon,0
id455170,2022-09-20,Cash,Cleaning,Hire,7543,0,-7543,3,9,Tue,0
id298557,2022-09-20,Cash,Barajas Group,House,2904,0,-2904,3,9,Tue,0
id281100,2022-09-20,CreditCard,Livingston Schmidt and Oliver,School,8561,0,-8561,3,9,Tue,0
id474228,2022-09-20,Cash,Ware PLC,Insurance,6778,0,-6778,3,9,Tue,0
id736831,2022-09-20,Cash,Contreras-Perkins,Grocery,2076,0,-2076,3,9,Tue,0
id348037,2022-09-20,Cash,Mckay-Green,Tax,6353,0,-6353,3,9,Tue,0
id726643,2022-09-20,Cash,Accountant,Hire,5959,0,-5959,3,9,Tue,0
id361252,2022-09-21,SavingsBank,Marshall Richardson and Wheeler,Internet,9511,0,-9511,3,9,Wed,0
id310742,2022-09-21,CreditCard,Morgan-Pope,Investment,3695,0,-3695,3,9,Wed,1
id655589,2022-09-21,SavingsBank,Hughes Rodriguez and Banks,Dinner,4648,0,-4648,3,9,Wed,0
id432980,2022-09-21,CreditCard,Flores Group,Investment,8616,0,-8616,3,9,Wed,1
id503978,2022-09-22,CreditCard,Petersen Myers and Mcmahon,Tax,7222,0,-7222,3,9,Thu,0
id298682,2022-09-22,Cash,Foster LLC,Telephone,3760,0,-3760,3,9,Thu,0
id151910,2022-09-22,CreditCard,Davidson Ltd,Internet,545,0,-545,3,9,Thu,0
id502247,2022-09-23,SavingsBank,Lane-Brown,Insurance,4091,0,-4091,3,9,Fri,0
id831009,2022-09-23,Cash,Harrison LLC,Internet,1086,0,-1086,3,9,Fri,0
id235099,2022-09-23,CheckingAccount,Cruz LLC,Dinner,8823,0,-8823,3,9,Fri,0
id459883,2022-09-23,SavingsBank,Interest,Interest,0,6822,6822,3,9,Fri,0
id729993,2022-09-23,CreditCard,Terry-Petty,House,2252,0,-2252,3,9,Fri,0
id938864,2022-09-24,CreditCard,Wall LLC,Dinner,1957,0,-1957,3,9,Sat,0
id415323,2022-09-24,SavingsBank,Dividend,Dividend,0,9481,9481,3,9,Sat,0
id651534,2022-09-24,Cash,Scott Washington and Ruiz,School,4147,0,-4147,3,9,Sat,0
id215442,2022-09-24,CreditCard,Craig Group,Telephone,4100,0,-4100,3,9,Sat,0
id754451,2022-09-24,CheckingAccount,Lewis Bowman and Blake,School,8010,0,-8010,3,9,Sat,0
id870961,2022-09-24,CreditCard,Howell Smith and Bridges,Internet,6263,0,-6263,3,9,Sat,0
id296325,2022-09-24,CreditCard,Brown-Arellano,Tax,5382,0,-5382,3,9,Sat,0
id170665,2022-09-25,Cash,Beck Martinez and Davis,Fuel,8819,0,-8819,3,9,Sun,0
id268836,2022-09-25,CreditCard,Clark-Lopez,School,6902,0,-6902,3,9,Sun,0
id306426,2022-09-25,CreditCard,Anderson and Sons,Insurance,1299,0,-1299,3,9,Sun,0
id624213,2022-09-25,SavingsBank,Salary,Salary,0,68085,68085,3,9,Sun,0
id945140,2022-09-25,SavingsBank,Watson Fischer and Barr,Investment,8788,0,-8788,3,9,Sun,1
id532897,2022-09-25,CreditCard,Parrish Ltd,Internet,6540,0,-6540,3,9,Sun,0
id220451,2022-09-25,SavingsBank,Richard Ltd,Investment,8234,0,-8234,3,9,Sun,1
id598849,2022-09-25,CreditCard,Olson Group,Internet,5855,0,-5855,3,9,Sun,0
id854195,2022-09-25,SavingsBank,Hinton Frederick and Valencia,Fuel,3908,0,-3908,3,9,Sun,0
id747515,2022-09-25,SavingsBank,Andrews Walton and Reeves,Fuel,5790,0,-5790,3,9,Sun,0
id988248,2022-09-25,Cash,Waters Inc,School,5815,0,-5815,3,9,Sun,0
id327481,2022-09-26,CheckingAccount,Moore Madden and Flores,Internet,9454,0,-9454,3,9,Mon,0
id352088,2022-09-26,CreditCard,Driver,Hire,4376,0,-4376,3,9,Mon,0
id594313,2022-09-26,CheckingAccount,Hunt-Adams,Internet,4667,0,-4667,3,9,Mon,0
id492248,2022-09-26,Cash,Nolan-Horne,Telephone,1559,0,-1559,3,9,Mon,0
id287349,2022-09-26,SavingsBank,Mitchell-Henry,Dinner,8340,0,-8340,3,9,Mon,0
id616688,2022-09-26,SavingsBank,Williams Bolton and Jones,Grocery,5177,0,-5177,3,9,Mon,0
id129707,2022-09-26,CreditCard,Allen-Howard,Dinner,6549,0,-6549,3,9,Mon,0
id854642,2022-09-26,CreditCard,Johnson Jarvis and Moore,Insurance,6078,0,-6078,3,9,Mon,0
id621728,2022-09-27,CheckingAccount,Gutierrez and Sons,House,5075,0,-5075,3,9,Tue,0
id409595,2022-09-27,Cash,Walter Ltd,Telephone,180,0,-180,3,9,Tue,0
id699049,2022-09-27,CreditCard,Proctor Fry and Jones,School,2552,0,-2552,3,9,Tue,0
id810101,2022-09-28,Cash,Jenkins Ltd,Books,5521,0,-5521,3,9,Wed,0
id586565,2022-09-28,Cash,Carter PLC,Internet,4302,0,-4302,3,9,Wed,0
id993673,2022-09-28,CheckingAccount,Cleaning,Hire,6426,0,-6426,3,9,Wed,0
id690234,2022-09-28,SavingsBank,Dividend,Dividend,0,5641,5641,3,9,Wed,0
id638823,2022-09-28,CreditCard,Perry-Shelton,Books,222,0,-222,3,9,Wed,0
id498066,2022-09-28,CheckingAccount,Perez-Myers,Grocery,6478,0,-6478,3,9,Wed,0
id271708,2022-09-28,CreditCard,Turner-Burke,Investment,7363,0,-7363,3,9,Wed,1
id939045,2022-09-28,CheckingAccount,Castro Ltd,Books,7246,0,-7246,3,9,Wed,0
id282070,2022-09-28,Cash,Brown Brown and Johnson,School,7854,0,-7854,3,9,Wed,0
id267134,2022-09-28,SavingsBank,Steele Lucero and Roth,Investment,2533,0,-2533,3,9,Wed,1
id930457,2022-09-29,SavingsBank,Driver,Hire,9979,0,-9979,3,9,Thu,0
id901935,2022-09-29,Cash,Stafford Inc,Tax,1392,0,-1392,3,9,Thu,0
id896401,2022-09-29,SavingsBank,Dividend,Dividend,0,8392,8392,3,9,Thu,0
id916589,2022-09-29,SavingsBank,Duncan Mullins and Lynch,School,9495,0,-9495,3,9,Thu,0
id876781,2022-09-29,CheckingAccount,Carlson Inc,Telephone,7418,0,-7418,3,9,Thu,0
id422740,2022-09-29,SavingsBank,Rodriguez Johnson and Bernard,Fuel,8974,0,-8974,3,9,Thu,0
id129644,2022-09-30,SavingsBank,Salary,Salary,0,47490,47490,3,9,Fri,0
id596581,2022-09-30,SavingsBank,Interest,Interest,0,3763,3763,3,9,Fri,0
id919000,2022-09-30,SavingsBank,Barrett-Greer,Internet,3860,0,-3860,3,9,Fri,0
id225658,2022-09-30,CheckingAccount,Reese-Vazquez,Insurance,4816,0,-4816,3,9,Fri,0
id894091,2022-09-30,CheckingAccount,Reyes Monroe and Robertson,House,5766,0,-5766,3,9,Fri,0
id770826,2022-09-30,Cash,Hogan-Anderson,Tax,6466,0,-6466,3,9,Fri,0
id679415,2022-09-30,SavingsBank,Sanchez Osborne and James,School,2976,0,-2976,3,9,Fri,0
id944477,2022-09-30,CheckingAccount,Gordon Valentine and Benton,Grocery,3631,0,-3631,3,9,Fri,0
id306561,2022-09-30,SavingsBank,Adkins Group,Books,7369,0,-7369,3,9,Fri,0
id399062,2022-10-01,CreditCard,Wagner and Sons,Insurance,528,0,-528,4,10,Sat,0
id228202,2022-10-01,CreditCard,Jones Berg and Johnson,Fuel,4410,0,-4410,4,10,Sat,0
id198909,2022-10-01,Cash,Brown Crane and Walker,Dinner,2780,0,-2780,4,10,Sat,0
id250946,2022-10-01,Cash,Hale-Newton,Investment,4548,0,-4548,4,10,Sat,1
id225372,2022-10-01,SavingsBank,Daniels-Castro,School,1956,0,-1956,4,10,Sat,0
id489802,2022-10-01,CreditCard,Bennett Wallace and Lane,Books,7811,0,-7811,4,10,Sat,0
id513725,2022-10-02,Cash,Molina Cline and Atkinson,House,1877,0,-1877,4,10,Sun,0
id713948,2022-10-02,SavingsBank,Haas-Silva,Grocery,2086,0,-2086,4,10,Sun,0
id337643,2022-10-02,SavingsBank,Clark Inc,Fuel,7068,0,-7068,4,10,Sun,0
id412808,2022-10-02,CheckingAccount,Mitchell Group,Books,3838,0,-3838,4,10,Sun,0
id308175,2022-10-02,Cash,Macias Group,Tax,7551,0,-7551,4,10,Sun,0
id755784,2022-10-02,CreditCard,Ashley Dickerson and Anderson,Dinner,1020,0,-1020,4,10,Sun,0
id333050,2022-10-02,CheckingAccount,Hartman Moyer and Adams,School,9414,0,-9414,4,10,Sun,0
id337470,2022-10-02,CheckingAccount,Bates and Sons,Investment,2834,0,-2834,4,10,Sun,1
id799765,2022-10-02,Cash,Hall Ross and Buchanan,Telephone,8901,0,-8901,4,10,Sun,0
id530797,2022-10-02,SavingsBank,Thompson Garcia and Tate,Fuel,3020,0,-3020,4,10,Sun,0
id454019,2022-10-03,Cash,Carson Palmer and Smith,Investment,8504,0,-8504,4,10,Mon,1
id636955,2022-10-03,Cash,Reynolds Durham and Travis,Investment,8895,0,-8895,4,10,Mon,1
id306104,2022-10-03,Cash,Mccarthy and Sons,Tax,9312,0,-9312,4,10,Mon,0
id210085,2022-10-03,CreditCard,Johnson Williams and Torres,Dinner,2649,0,-2649,4,10,Mon,0
id219293,2022-10-03,CreditCard,Hernandez LLC,Internet,8257,0,-8257,4,10,Mon,0
id789135,2022-10-03,Cash,Cab,Hire,4299,0,-4299,4,10,Mon,0
id227059,2022-10-03,Cash,James LLC,Dinner,8300,0,-8300,4,10,Mon,0
id269782,2022-10-04,CreditCard,Accountant,Hire,3879,0,-3879,4,10,Tue,0
id583434,2022-10-04,CreditCard,Warren-Mckay,Grocery,4447,0,-4447,4,10,Tue,0
id634962,2022-10-04,SavingsBank,Clark Garcia and Long,Grocery,9805,0,-9805,4,10,Tue,0
id375568,2022-10-04,CreditCard,Miller and Sons,Investment,1236,0,-1236,4,10,Tue,1
id562714,2022-10-04,CreditCard,Zhang Barnes and Aguirre,Investment,8203,0,-8203,4,10,Tue,1
id405858,2022-10-04,CheckingAccount,Stokes Ltd,Fuel,549,0,-549,4,10,Tue,0
id640086,2022-10-04,Cash,Wilson-Velez,Insurance,6535,0,-6535,4,10,Tue,0
id607989,2022-10-04,SavingsBank,Wagner-Webster,Dinner,9608,0,-9608,4,10,Tue,0
id884181,2022-10-05,CheckingAccount,Cobb Austin and Parker,Tax,4880,0,-4880,4,10,Wed,0
id769800,2022-10-05,SavingsBank,Anderson-Gonzalez,Fuel,151,0,-151,4,10,Wed,0
id644220,2022-10-05,SavingsBank,Payne PLC,Internet,8159,0,-8159,4,10,Wed,0
id444104,2022-10-05,CheckingAccount,Hardy-Escobar,Fuel,9570,0,-9570,4,10,Wed,0
id784166,2022-10-06,CheckingAccount,Wright Torres and Howell,Internet,6471,0,-6471,4,10,Thu,0
id620071,2022-10-06,SavingsBank,Cleaning,Hire,8322,0,-8322,4,10,Thu,0
id181300,2022-10-07,SavingsBank,Mcmahon Pierce and Krause,House,8288,0,-8288,4,10,Fri,0
id953341,2022-10-07,SavingsBank,Dividend,Dividend,0,6908,6908,4,10,Fri,0
id314654,2022-10-07,CreditCard,Manning Kramer and Mendoza,Investment,5456,0,-5456,4,10,Fri,1
id656938,2022-10-07,CheckingAccount,Morgan-Booker,Tax,5679,0,-5679,4,10,Fri,0
id374976,2022-10-07,CreditCard,Phillips Conrad and Shelton,Insurance,3123,0,-3123,4,10,Fri,0
id395854,2022-10-07,CheckingAccount,Keller-Davis,Telephone,7180,0,-7180,4,10,Fri,0
id726411,2022-10-07,CreditCard,Guzman-Lopez,Internet,4125,0,-4125,4,10,Fri,0
id228613,2022-10-08,Cash,Norton LLC,Dinner,9749,0,-9749,4,10,Sat,0
id523849,2022-10-08,Cash,Rush Guzman and Wagner,Dinner,7478,0,-7478,4,10,Sat,0
id320067,2022-10-08,Cash,Jackson Ltd,House,1565,0,-1565,4,10,Sat,0
id255887,2022-10-08,CheckingAccount,Miles-Wilson,School,2518,0,-2518,4,10,Sat,0
id844438,2022-10-08,CreditCard,Lopez Watson and Schaefer,Internet,6066,0,-6066,4,10,Sat,0
id312070,2022-10-08,Cash,Lowe PLC,House,5321,0,-5321,4,10,Sat,0
id802773,2022-10-08,Cash,Perry Robinson and Hobbs,Insurance,1886,0,-1886,4,10,Sat,0
id441844,2022-10-08,CreditCard,Accountant,Hire,7172,0,-7172,4,10,Sat,0
id570237,2022-10-09,SavingsBank,Baker Johnson and Powell,Telephone,3690,0,-3690,4,10,Sun,0
id903163,2022-10-09,CheckingAccount,Cleaning,Hire,3007,0,-3007,4,10,Sun,0
id658946,2022-10-09,CreditCard,Duncan-Miller,Fuel,9894,0,-9894,4,10,Sun,0
id386014,2022-10-09,CreditCard,Young Fletcher and Clark,Telephone,5465,0,-5465,4,10,Sun,0
id972396,2022-10-09,CheckingAccount,Lewis Johnson and Johnson,Telephone,6441,0,-6441,4,10,Sun,0
id156366,2022-10-09,SavingsBank,Frazier-Warren,School,7508,0,-7508,4,10,Sun,0
id464695,2022-10-09,SavingsBank,Bailey LLC,Telephone,1198,0,-1198,4,10,Sun,0
id902572,2022-10-10,CreditCard,Wiggins Inc,Investment,3401,0,-3401,4,10,Mon,1
id902816,2022-10-10,CreditCard,Schultz Morris and Gordon,Investment,6835,0,-6835,4,10,Mon,1
id726805,2022-10-10,Cash,Quinn-Hill,Investment,2875,0,-2875,4,10,Mon,1
id432321,2022-10-10,CheckingAccount,Matthews Mitchell and Hall,Grocery,4268,0,-4268,4,10,Mon,0
id802122,2022-10-10,CheckingAccount,Hernandez-Jones,Internet,5436,0,-5436,4,10,Mon,0
id585197,2022-10-10,SavingsBank,Warren Buckley and Baker,Fuel,5335,0,-5335,4,10,Mon,0
id554168,2022-10-11,CheckingAccount,Gonzalez Coleman and Armstrong,Investment,9060,0,-9060,4,10,Tue,1
id720414,2022-10-11,CheckingAccount,Smith Contreras and Jacobson,Insurance,9106,0,-9106,4,10,Tue,0
id664017,2022-10-11,CheckingAccount,Phillips-Diaz,Grocery,235,0,-235,4,10,Tue,0
id136596,2022-10-11,Cash,Dixon LLC,Telephone,1162,0,-1162,4,10,Tue,0
id172234,2022-10-11,CheckingAccount,Cab,Hire,6196,0,-6196,4,10,Tue,0
id240980,2022-10-12,CheckingAccount,Johnson Lee and Casey,Investment,5770,0,-5770,4,10,Wed,1
id868468,2022-10-12,CheckingAccount,Li Scott and King,Books,3530,0,-3530,4,10,Wed,0
id272615,2022-10-12,CheckingAccount,Rosario LLC,Fuel,8180,0,-8180,4,10,Wed,0
id112350,2022-10-12,CreditCard,Edwards Little and Perry,Grocery,4858,0,-4858,4,10,Wed,0
id975007,2022-10-12,CreditCard,Hale-Payne,Internet,8842,0,-8842,4,10,Wed,0
id980212,2022-10-12,SavingsBank,Gomez Ltd,Insurance,5797,0,-5797,4,10,Wed,0
id929121,2022-10-12,SavingsBank,Interest,Interest,0,1417,1417,4,10,Wed,0
id720040,2022-10-13,Cash,Campbell Lee and Gonzalez,Fuel,7456,0,-7456,4,10,Thu,0
id732960,2022-10-13,SavingsBank,Taylor-Dillon,Investment,4234,0,-4234,4,10,Thu,1
id221518,2022-10-13,CreditCard,Accountant,Hire,9827,0,-9827,4,10,Thu,0
id377931,2022-10-13,Cash,Turner PLC,Investment,2296,0,-2296,4,10,Thu,1
id306710,2022-10-13,CheckingAccount,Nguyen-Harper,Fuel,2593,0,-2593,4,10,Thu,0
id163846,2022-10-13,Cash,Watson PLC,Grocery,7323,0,-7323,4,10,Thu,0
id674447,2022-10-13,CheckingAccount,Rogers Group,Insurance,148,0,-148,4,10,Thu,0
id805779,2022-10-14,Cash,Jones-Smith,Grocery,7726,0,-7726,4,10,Fri,0
id596427,2022-10-14,SavingsBank,Dividend,Dividend,0,4711,4711,4,10,Fri,0
id488168,2022-10-14,CheckingAccount,Johnson-Frederick,Tax,7809,0,-7809,4,10,Fri,0
id523052,2022-10-14,Cash,White-Thompson,Dinner,4784,0,-4784,4,10,Fri,0
id533517,2022-10-14,Cash,Pearson Nicholson and Johnson,Telephone,9879,0,-9879,4,10,Fri,0
id248291,2022-10-14,SavingsBank,Parker Mason and Scott,Insurance,2512,0,-2512,4,10,Fri,0
id450625,2022-10-14,CreditCard,Marks PLC,Insurance,6476,0,-6476,4,10,Fri,0
id522123,2022-10-15,Cash,Accountant,Hire,5350,0,-5350,4,10,Sat,0
id328350,2022-10-15,CreditCard,Chavez LLC,Tax,4204,0,-4204,4,10,Sat,0
id966764,2022-10-15,CheckingAccount,Rice-Carroll,Books,653,0,-653,4,10,Sat,0
id241647,2022-10-15,CreditCard,Ibarra Arias and Warren,House,2759,0,-2759,4,10,Sat,0
id766295,2022-10-16,CheckingAccount,Hall-Gordon,Fuel,1688,0,-1688,4,10,Sun,0
id314461,2022-10-16,CheckingAccount,Mcdowell Tucker and Gonzalez,Investment,6283,0,-6283,4,10,Sun,1
id784139,2022-10-16,Cash,Robinson Howard and Brooks,Books,1979,0,-1979,4,10,Sun,0
id801108,2022-10-16,CheckingAccount,Brown PLC,Telephone,1458,0,-1458,4,10,Sun,0
id827032,2022-10-16,CheckingAccount,Oliver-Wallace,Telephone,750,0,-750,4,10,Sun,0
id244125,2022-10-16,CreditCard,White Mcmahon and Luna,House,7900,0,-7900,4,10,Sun,0
id458832,2022-10-16,Cash,Moses-Turner,Dinner,9307,0,-9307,4,10,Sun,0
id476214,2022-10-16,CheckingAccount,Nichols-Boyer,Internet,6802,0,-6802,4,10,Sun,0
id457681,2022-10-16,SavingsBank,Salary,Salary,0,121920,121920,4,10,Sun,0
id926889,2022-10-17,Cash,Zhang and Sons,Insurance,8673,0,-8673,4,10,Mon,0
id814695,2022-10-17,SavingsBank,Gardner LLC,Insurance,9081,0,-9081,4,10,Mon,0
id897459,2022-10-17,CreditCard,Rivas-Ross,House,2220,0,-2220,4,10,Mon,0
id289475,2022-10-17,CheckingAccount,Coleman PLC,House,3406,0,-3406,4,10,Mon,0
id333356,2022-10-18,CheckingAccount,Hammond Jackson and Reilly,Books,5989,0,-5989,4,10,Tue,0
id683490,2022-10-18,Cash,Clark-Moore,Books,724,0,-724,4,10,Tue,0
id188823,2022-10-18,Cash,Lamb and Sons,Dinner,102,0,-102,4,10,Tue,0
id947985,2022-10-18,CheckingAccount,Duarte-Long,School,3424,0,-3424,4,10,Tue,0
id814691,2022-10-18,CreditCard,Brown Martinez and Smith,Telephone,9072,0,-9072,4,10,Tue,0
id476441,2022-10-18,SavingsBank,Ellis Harvey and Boyle,Tax,2848,0,-2848,4,10,Tue,0
id360910,2022-10-19,CheckingAccount,Brown LLC,Internet,4746,0,-4746,4,10,Wed,0
id963648,2022-10-19,CheckingAccount,Acevedo Summers and Maddox,Dinner,5825,0,-5825,4,10,Wed,0
id526520,2022-10-19,CreditCard,Baldwin-Boone,Internet,1774,0,-1774,4,10,Wed,0
id970800,2022-10-19,SavingsBank,Moore-Livingston,Dinner,1551,0,-1551,4,10,Wed,0
id916067,2022-10-19,SavingsBank,Pierce Inc,Investment,4532,0,-4532,4,10,Wed,1
id340745,2022-10-19,CheckingAccount,Reid PLC,Fuel,7352,0,-7352,4,10,Wed,0
id899309,2022-10-19,SavingsBank,Burke and Sons,Investment,2142,0,-2142,4,10,Wed,1
id159887,2022-10-19,Cash,Arnold-Clark,Investment,847,0,-847,4,10,Wed,1
id633022,2022-10-19,CreditCard,George Taylor and Bowers,Fuel,5381,0,-5381,4,10,Wed,0
id833145,2022-10-20,CheckingAccount,Paul Johnston and Montes,Tax,3866,0,-3866,4,10,Thu,0
id838248,2022-10-20,CheckingAccount,Jones Inc,Telephone,1867,0,-1867,4,10,Thu,0
id314210,2022-10-20,CheckingAccount,Hogan Inc,School,7880,0,-7880,4,10,Thu,0
id972006,2022-10-20,SavingsBank,White-King,Investment,6294,0,-6294,4,10,Thu,1
id543570,2022-10-20,SavingsBank,Douglas Dixon and Anderson,Fuel,7349,0,-7349,4,10,Thu,0
id419591,2022-10-20,CheckingAccount,Jennings Hardy and Hall,Grocery,3810,0,-3810,4,10,Thu,0
id891631,2022-10-20,CreditCard,Mercado LLC,Dinner,5319,0,-5319,4,10,Thu,0
id836180,2022-10-20,SavingsBank,Mcdowell Group,Dinner,9053,0,-9053,4,10,Thu,0
id284273,2022-10-21,CheckingAccount,Nguyen Inc,Investment,3352,0,-3352,4,10,Fri,1
id205545,2022-10-21,Cash,Schroeder Villegas and Lopez,Insurance,7009,0,-7009,4,10,Fri,0
id452640,2022-10-21,CheckingAccount,Robinson Ballard and Richards,House,9780,0,-9780,4,10,Fri,0
id419766,2022-10-21,SavingsBank,Rojas-Mayo,Investment,1740,0,-1740,4,10,Fri,1
id596703,2022-10-21,CreditCard,Johnston-Whitehead,Insurance,5037,0,-5037,4,10,Fri,0
id171422,2022-10-21,Cash,Strong and Sons,Books,6515,0,-6515,4,10,Fri,0
id589999,2022-10-21,CheckingAccount,Reilly and Sons,Dinner,2986,0,-2986,4,10,Fri,0
id748546,2022-10-21,CreditCard,Jenkins LLC,Dinner,9032,0,-9032,4,10,Fri,0
id666941,2022-10-22,SavingsBank,Hamilton Group,Books,5391,0,-5391,4,10,Sat,0
id729085,2022-10-22,CreditCard,Kelly Lowe and Meyer,Internet,7439,0,-7439,4,10,Sat,0
id413907,2022-10-22,SavingsBank,Interest,Interest,0,9387,9387,4,10,Sat,0
id609947,2022-10-22,Cash,Reese Edwards and Hunter,Insurance,3927,0,-3927,4,10,Sat,0
id859050,2022-10-22,SavingsBank,Curry Lang and Jennings,Dinner,7470,0,-7470,4,10,Sat,0
id151139,2022-10-22,SavingsBank,Edwards-Taylor,Insurance,9597,0,-9597,4,10,Sat,0
id486515,2022-10-22,CheckingAccount,Cleaning,Hire,2602,0,-2602,4,10,Sat,0
id689790,2022-10-22,SavingsBank,Levine-Jackson,Dinner,6254,0,-6254,4,10,Sat,0
id897181,2022-10-22,Cash,Perez-Morris,Fuel,3358,0,-3358,4,10,Sat,0
id570790,2022-10-22,Cash,Nelson-Gray,School,9449,0,-9449,4,10,Sat,0
id620616,2022-10-22,CheckingAccount,Stevens-Scott,House,4250,0,-4250,4,10,Sat,0
id705716,2022-10-23,CheckingAccount,Williams Johnson and Hernandez,Tax,607,0,-607,4,10,Sun,0
id264206,2022-10-23,SavingsBank,Davidson Wilson and Carpenter,Tax,4996,0,-4996,4,10,Sun,0
id208523,2022-10-23,CreditCard,Davis-Young,House,2072,0,-2072,4,10,Sun,0
id162337,2022-10-23,CreditCard,Alexander-Brown,Fuel,7494,0,-7494,4,10,Sun,0
id232794,2022-10-23,CreditCard,Wilson Davis and Bass,House,4697,0,-4697,4,10,Sun,0
id750099,2022-10-23,Cash,Shea Inc,Fuel,9267,0,-9267,4,10,Sun,0
id853678,2022-10-23,CreditCard,Henderson and Sons,Tax,6960,0,-6960,4,10,Sun,0
id439400,2022-10-24,SavingsBank,Brown Brown and Melton,Dinner,4278,0,-4278,4,10,Mon,0
id630000,2022-10-24,Cash,Newman Group,Grocery,9390,0,-9390,4,10,Mon,0
id400920,2022-10-24,CreditCard,Cab,Hire,3720,0,-3720,4,10,Mon,0
id712331,2022-10-24,SavingsBank,Kirby Williamson and Trujillo,Grocery,4333,0,-4333,4,10,Mon,0
id969458,2022-10-24,CheckingAccount,Martinez-Ramos,House,2349,0,-2349,4,10,Mon,0
id127510,2022-10-24,Cash,Brown-Maxwell,Insurance,5729,0,-5729,4,10,Mon,0
id570272,2022-10-24,CreditCard,Butler-Morales,School,7993,0,-7993,4,10,Mon,0
id638480,2022-10-24,Cash,Accountant,Hire,517,0,-517,4,10,Mon,0
id211403,2022-10-24,SavingsBank,Fleming-Torres,Telephone,2253,0,-2253,4,10,Mon,0
id415702,2022-10-24,Cash,Travis Ltd,Tax,1049,0,-1049,4,10,Mon,0
id275380,2022-10-24,Cash,Carter Nelson and Davidson,School,7168,0,-7168,4,10,Mon,0
id145784,2022-10-24,Cash,Howard-Garcia,Grocery,3260,0,-3260,4,10,Mon,0
id186738,2022-10-25,Cash,Simpson Inc,Grocery,7641,0,-7641,4,10,Tue,0
id630341,2022-10-25,CreditCard,Cleaning,Hire,3936,0,-3936,4,10,Tue,0
id879122,2022-10-25,CreditCard,White and Sons,Fuel,785,0,-785,4,10,Tue,0
id213698,2022-10-25,CheckingAccount,May-Rodriguez,Tax,2307,0,-2307,4,10,Tue,0
id868281,2022-10-25,CreditCard,Kline Williams and Castillo,Telephone,2203,0,-2203,4,10,Tue,0
id798618,2022-10-26,CreditCard,Bauer-Ellis,Telephone,2883,0,-2883,4,10,Wed,0
id842735,2022-10-26,SavingsBank,Fleming PLC,Tax,5736,0,-5736,4,10,Wed,0
id718387,2022-10-26,Cash,Bell Reyes and White,Insurance,8001,0,-8001,4,10,Wed,0
id509264,2022-10-26,CheckingAccount,Porter Lin and Rodriguez,Dinner,8432,0,-8432,4,10,Wed,0
id693998,2022-10-26,CheckingAccount,Dunn-Warren,Telephone,6427,0,-6427,4,10,Wed,0
id638901,2022-10-26,Cash,Williams Sanders and Gardner,Investment,4353,0,-4353,4,10,Wed,1
id838253,2022-10-26,CheckingAccount,Smith-Grimes,House,8336,0,-8336,4,10,Wed,0
id836297,2022-10-26,CheckingAccount,Evans-Rodriguez,Dinner,2906,0,-2906,4,10,Wed,0
id275233,2022-10-26,CreditCard,Stone-Velasquez,School,9575,0,-9575,4,10,Wed,0
id413142,2022-10-27,CreditCard,Yoder-Hanson,Internet,2094,0,-2094,4,10,Thu,0
id788685,2022-10-27,CreditCard,Baxter-George,Books,5916,0,-5916,4,10,Thu,0
id837792,2022-10-27,SavingsBank,Perez LLC,Grocery,8591,0,-8591,4,10,Thu,0
id786706,2022-10-27,CheckingAccount,Oneill-Rivera,Tax,8948,0,-8948,4,10,Thu,0
id267123,2022-10-27,CheckingAccount,Rojas-Sanders,Fuel,1389,0,-1389,4,10,Thu,0
id940651,2022-10-27,Cash,Green Ltd,Dinner,8784,0,-8784,4,10,Thu,0
id715666,2022-10-27,SavingsBank,Knox-Rogers,Internet,5916,0,-5916,4,10,Thu,0
id670731,2022-10-27,CreditCard,Ryan Castillo and Thompson,School,3007,0,-3007,4,10,Thu,0
id566908,2022-10-28,SavingsBank,Dividend,Dividend,0,5902,5902,4,10,Fri,0
id224900,2022-10-28,Cash,Cleaning,Hire,9028,0,-9028,4,10,Fri,0
id187087,2022-10-28,CheckingAccount,Berger PLC,Insurance,6836,0,-6836,4,10,Fri,0
id385107,2022-10-28,SavingsBank,Dividend,Dividend,0,2432,2432,4,10,Fri,0
id922892,2022-10-28,CheckingAccount,Peters-Patterson,School,4205,0,-4205,4,10,Fri,0
id932859,2022-10-28,SavingsBank,Walker-Harrington,Insurance,551,0,-551,4,10,Fri,0
id283709,2022-10-29,CreditCard,Rodriguez Warner and Compton,Grocery,2105,0,-2105,4,10,Sat,0
id688015,2022-10-29,CreditCard,Hopkins Inc,Tax,6577,0,-6577,4,10,Sat,0
id133529,2022-10-29,CheckingAccount,Porter Roman and Hayes,Tax,9133,0,-9133,4,10,Sat,0
id422782,2022-10-29,Cash,Anderson-Jones,Insurance,2166,0,-2166,4,10,Sat,0
id293138,2022-10-29,CheckingAccount,Cleaning,Hire,8306,0,-8306,4,10,Sat,0
id820527,2022-10-29,SavingsBank,Garcia Inc,Fuel,9636,0,-9636,4,10,Sat,0
id287625,2022-10-29,SavingsBank,Salary,Salary,0,129360,129360,4,10,Sat,0
id122691,2022-10-30,CreditCard,Thompson Terrell and Chavez,Insurance,3025,0,-3025,4,10,Sun,0
id806428,2022-10-30,SavingsBank,Dividend,Dividend,0,1068,1068,4,10,Sun,0
id348062,2022-10-30,CheckingAccount,Cleaning,Hire,9757,0,-9757,4,10,Sun,0
id322165,2022-10-30,CheckingAccount,Ramirez and Sons,Books,2531,0,-2531,4,10,Sun,0
id910114,2022-10-30,SavingsBank,Mathis-Sandoval,Fuel,7171,0,-7171,4,10,Sun,0
id757219,2022-10-30,SavingsBank,Wilson-Carter,Tax,3270,0,-3270,4,10,Sun,0
id447154,2022-10-30,Cash,Lozano and Sons,Books,6021,0,-6021,4,10,Sun,0
id422742,2022-10-31,SavingsBank,Clark-Keller,Grocery,5601,0,-5601,4,10,Mon,0
id195462,2022-10-31,Cash,Gonzalez Gibbs and Martinez,Dinner,3706,0,-3706,4,10,Mon,0
id947627,2022-10-31,CreditCard,Smith-Romero,Dinner,6295,0,-6295,4,10,Mon,0
id314478,2022-10-31,SavingsBank,Davis Dennis and Lang,Internet,7964,0,-7964,4,10,Mon,0
id601532,2022-10-31,CheckingAccount,Blankenship Bailey and Smith,Telephone,6977,0,-6977,4,10,Mon,0
id797190,2022-10-31,CreditCard,Frazier Sullivan and Davis,Telephone,3618,0,-3618,4,10,Mon,0
id482660,2022-11-01,SavingsBank,Cab,Hire,229,0,-229,4,11,Tue,0
id445919,2022-11-01,CheckingAccount,Garcia PLC,Tax,3829,0,-3829,4,11,Tue,0
id463654,2022-11-01,CreditCard,Cox Melton and Brown,Tax,6777,0,-6777,4,11,Tue,0
id438430,2022-11-01,Cash,Smith and Sons,School,7012,0,-7012,4,11,Tue,0
id723190,2022-11-01,CreditCard,Brooks-Long,Telephone,6510,0,-6510,4,11,Tue,0
id173284,2022-11-01,CreditCard,Taylor PLC,Insurance,9642,0,-9642,4,11,Tue,0
id614840,2022-11-01,SavingsBank,Turner Inc,Dinner,3054,0,-3054,4,11,Tue,0
id170990,2022-11-01,CheckingAccount,Garcia Ltd,Investment,1083,0,-1083,4,11,Tue,1
id652651,2022-11-01,Cash,Brown Bell and Bryan,Dinner,7733,0,-7733,4,11,Tue,0
id292437,2022-11-02,Cash,Hudson Patterson and Golden,House,8952,0,-8952,4,11,Wed,0
id385767,2022-11-02,CheckingAccount,Osborne-Moore,Telephone,8693,0,-8693,4,11,Wed,0
id368774,2022-11-02,SavingsBank,Austin-Griffith,Dinner,9660,0,-9660,4,11,Wed,0
id750753,2022-11-02,CreditCard,Hudson Inc,House,9673,0,-9673,4,11,Wed,0
id715822,2022-11-02,CreditCard,Wade Inc,Tax,9741,0,-9741,4,11,Wed,0
id751678,2022-11-02,SavingsBank,Wong Group,Grocery,4004,0,-4004,4,11,Wed,0
id122160,2022-11-02,SavingsBank,Brown Mathews and Walters,Insurance,8179,0,-8179,4,11,Wed,0
id254174,2022-11-03,CheckingAccount,Cleaning,Hire,7713,0,-7713,4,11,Thu,0
id660941,2022-11-03,Cash,Cab,Hire,3920,0,-3920,4,11,Thu,0
id305068,2022-11-03,CheckingAccount,Torres Ltd,Fuel,1216,0,-1216,4,11,Thu,0
id868726,2022-11-03,CreditCard,Baker LLC,Tax,8144,0,-8144,4,11,Thu,0
id632358,2022-11-03,Cash,Cooper-Watson,School,3341,0,-3341,4,11,Thu,0
id595595,2022-11-04,CheckingAccount,Gomez Smith and Moore,Tax,2853,0,-2853,4,11,Fri,0
id809065,2022-11-04,SavingsBank,Salary,Salary,0,138270,138270,4,11,Fri,0
id591259,2022-11-04,Cash,Jackson Miller and Jones,Investment,9772,0,-9772,4,11,Fri,1
id753833,2022-11-04,Cash,Hoffman and Sons,Telephone,6707,0,-6707,4,11,Fri,0
id415059,2022-11-05,SavingsBank,Dividend,Dividend,0,4677,4677,4,11,Sat,0
id704141,2022-11-05,Cash,Wallace-Stanley,Investment,7966,0,-7966,4,11,Sat,1
id116688,2022-11-05,CreditCard,Hall PLC,House,8057,0,-8057,4,11,Sat,0
id166021,2022-11-05,SavingsBank,Russell-Klein,Telephone,6398,0,-6398,4,11,Sat,0
id593117,2022-11-05,Cash,Curtis-Leon,Dinner,5127,0,-5127,4,11,Sat,0
id891734,2022-11-05,Cash,Woods Anderson and Sullivan,Investment,139,0,-139,4,11,Sat,1
id632944,2022-11-05,SavingsBank,Torres Cummings and Green,Tax,5631,0,-5631,4,11,Sat,0
id137797,2022-11-05,Cash,Miller Yates and Marquez,School,6742,0,-6742,4,11,Sat,0
id170491,2022-11-05,CheckingAccount,Galloway Wells and Wong,School,9700,0,-9700,4,11,Sat,0
id654759,2022-11-05,Cash,Payne Dixon and Cantrell,Internet,508,0,-508,4,11,Sat,0
id378887,2022-11-06,SavingsBank,Porter Inc,Telephone,2284,0,-2284,4,11,Sun,0
id898310,2022-11-06,Cash,Jackson-Anderson,Telephone,2762,0,-2762,4,11,Sun,0
id166784,2022-11-06,CreditCard,Cervantes-Hansen,Grocery,4428,0,-4428,4,11,Sun,0
id914382,2022-11-06,CreditCard,Taylor Smith and Christian,Insurance,2236,0,-2236,4,11,Sun,0
id967678,2022-11-06,SavingsBank,Andrews-Mcgee,Investment,5957,0,-5957,4,11,Sun,1
id977582,2022-11-06,Cash,Morrow Johnson and Brennan,Books,3610,0,-3610,4,11,Sun,0
id331916,2022-11-06,Cash,Robbins Group,Fuel,5663,0,-5663,4,11,Sun,0
id516773,2022-11-06,SavingsBank,Interest,Interest,0,5619,5619,4,11,Sun,0
id712067,2022-11-06,CreditCard,Bauer Group,Grocery,6856,0,-6856,4,11,Sun,0
id615412,2022-11-06,CheckingAccount,Skinner PLC,Dinner,3605,0,-3605,4,11,Sun,0
id806567,2022-11-07,CheckingAccount,Gonzales Group,School,9103,0,-9103,4,11,Mon,0
id542439,2022-11-07,CheckingAccount,Young-Williams,Tax,652,0,-652,4,11,Mon,0
id471891,2022-11-08,SavingsBank,Interest,Interest,0,1433,1433,4,11,Tue,0
id519888,2022-11-08,CreditCard,Wang-Haley,Grocery,3501,0,-3501,4,11,Tue,0
id939069,2022-11-08,SavingsBank,Price-Rush,Fuel,8610,0,-8610,4,11,Tue,0
id640464,2022-11-09,Cash,Humphrey Group,School,7357,0,-7357,4,11,Wed,0
id849567,2022-11-09,Cash,Boyer LLC,Fuel,6588,0,-6588,4,11,Wed,0
id807791,2022-11-09,Cash,Roberts Williams and Anderson,Tax,6802,0,-6802,4,11,Wed,0
id119997,2022-11-09,Cash,Driver,Hire,5810,0,-5810,4,11,Wed,0
id982698,2022-11-10,Cash,Serrano Simon and Wise,Telephone,8537,0,-8537,4,11,Thu,0
id870561,2022-11-10,CheckingAccount,Ramirez Hall and Myers,House,8210,0,-8210,4,11,Thu,0
id251595,2022-11-10,SavingsBank,Ferguson-Villarreal,Insurance,9337,0,-9337,4,11,Thu,0
id531996,2022-11-10,Cash,Haney-Martinez,Investment,2752,0,-2752,4,11,Thu,1
id729867,2022-11-10,CreditCard,Solis PLC,Fuel,8344,0,-8344,4,11,Thu,0
id980127,2022-11-10,SavingsBank,Archer Group,Grocery,6983,0,-6983,4,11,Thu,0
id581507,2022-11-10,CheckingAccount,Williams Group,House,6901,0,-6901,4,11,Thu,0
id642261,2022-11-10,CreditCard,Cleaning,Hire,2891,0,-2891,4,11,Thu,0
id346145,2022-11-11,CreditCard,Reilly-Hernandez,Investment,5196,0,-5196,4,11,Fri,1
id462269,2022-11-11,CreditCard,Cochran-Watson,School,1439,0,-1439,4,11,Fri,0
id862910,2022-11-11,CreditCard,Estrada Odonnell and Gonzalez,Insurance,9805,0,-9805,4,11,Fri,0
id578890,2022-11-11,Cash,Lee Huff and Gross,Books,8399,0,-8399,4,11,Fri,0
id600003,2022-11-11,CheckingAccount,Bailey-Hill,Investment,5830,0,-5830,4,11,Fri,1
id136217,2022-11-12,CreditCard,Wong Group,Tax,5815,0,-5815,4,11,Sat,0
id879274,2022-11-12,CheckingAccount,Bryant-Dodson,Dinner,8079,0,-8079,4,11,Sat,0
id870342,2022-11-12,SavingsBank,Interest,Interest,0,7637,7637,4,11,Sat,0
id469657,2022-11-12,CheckingAccount,Ross-Davis,Internet,266,0,-266,4,11,Sat,0
id713711,2022-11-12,SavingsBank,Murray Inc,Internet,7154,0,-7154,4,11,Sat,0
id389220,2022-11-13,CheckingAccount,Long-Sullivan,House,6770,0,-6770,4,11,Sun,0
id205503,2022-11-13,SavingsBank,Salary,Salary,0,20640,20640,4,11,Sun,0
id713896,2022-11-13,CheckingAccount,Carey Ltd,Telephone,5306,0,-5306,4,11,Sun,0
id334024,2022-11-13,CheckingAccount,Fuentes LLC,Books,4107,0,-4107,4,11,Sun,0
id459255,2022-11-14,Cash,Cab,Hire,8477,0,-8477,4,11,Mon,0
id687863,2022-11-14,SavingsBank,Rangel Ltd,School,2917,0,-2917,4,11,Mon,0
id407807,2022-11-14,CreditCard,Hull Powell and Garcia,Tax,870,0,-870,4,11,Mon,0
id693889,2022-11-14,CheckingAccount,Cab,Hire,3559,0,-3559,4,11,Mon,0
id761893,2022-11-14,CreditCard,Hansen and Sons,House,9105,0,-9105,4,11,Mon,0
id764701,2022-11-15,SavingsBank,Ramos and Sons,Grocery,4561,0,-4561,4,11,Tue,0
id676103,2022-11-15,CreditCard,Wilson Sanchez and Wilkins,Investment,8921,0,-8921,4,11,Tue,1
id609770,2022-11-15,CreditCard,Garcia-Spencer,Telephone,1093,0,-1093,4,11,Tue,0
id699059,2022-11-15,CreditCard,Miller Taylor and Meza,Internet,2658,0,-2658,4,11,Tue,0
id638746,2022-11-15,CreditCard,Singh-Jones,Internet,1568,0,-1568,4,11,Tue,0
id336249,2022-11-15,Cash,Phillips Smith and Gray,Grocery,9026,0,-9026,4,11,Tue,0
id580161,2022-11-15,CreditCard,Patterson Shelton and Vega,Internet,4428,0,-4428,4,11,Tue,0
id325059,2022-11-15,CheckingAccount,Thompson Garcia and Eaton,Books,4452,0,-4452,4,11,Tue,0
id361745,2022-11-16,CheckingAccount,Brooks Burns and Greer,House,8781,0,-8781,4,11,Wed,0
id873018,2022-11-16,CreditCard,Welch Sweeney and Lopez,School,6206,0,-6206,4,11,Wed,0
id294566,2022-11-16,SavingsBank,Ochoa Ltd,House,621,0,-621,4,11,Wed,0
id548628,2022-11-16,SavingsBank,Salary,Salary,0,71490,71490,4,11,Wed,0
id341673,2022-11-16,Cash,Reyes-Thompson,Insurance,1757,0,-1757,4,11,Wed,0
id492677,2022-11-16,Cash,Gonzalez-Riley,Investment,517,0,-517,4,11,Wed,1
id712234,2022-11-16,CheckingAccount,Morris Bennett and Cruz,Telephone,6269,0,-6269,4,11,Wed,0
id374845,2022-11-16,CreditCard,Cleaning,Hire,9958,0,-9958,4,11,Wed,0
id570664,2022-11-17,CheckingAccount,Lopez Shaw and Walker,Grocery,6981,0,-6981,4,11,Thu,0
id973108,2022-11-17,CheckingAccount,Butler Gomez and Burton,Dinner,3661,0,-3661,4,11,Thu,0
id981803,2022-11-17,CreditCard,Ford and Sons,School,9972,0,-9972,4,11,Thu,0
id455640,2022-11-17,CreditCard,Accountant,Hire,3487,0,-3487,4,11,Thu,0
id560242,2022-11-17,SavingsBank,Ortiz-Boyd,Investment,9961,0,-9961,4,11,Thu,1
id645869,2022-11-17,CheckingAccount,Guerra-Taylor,School,9994,0,-9994,4,11,Thu,0
id624108,2022-11-17,CreditCard,Gonzales Ltd,Dinner,4172,0,-4172,4,11,Thu,0
id660084,2022-11-17,CreditCard,Webb Figueroa and Rosario,Grocery,9175,0,-9175,4,11,Thu,0
id738503,2022-11-18,Cash,Driver,Hire,6167,0,-6167,4,11,Fri,0
id328239,2022-11-18,Cash,Perez Marsh and Giles,Books,6954,0,-6954,4,11,Fri,0
id952912,2022-11-18,CreditCard,Reyes-Austin,Tax,6826,0,-6826,4,11,Fri,0
id394021,2022-11-18,CreditCard,Berry-Taylor,Grocery,9152,0,-9152,4,11,Fri,0
id344997,2022-11-18,CreditCard,Valentine and Sons,Fuel,8389,0,-8389,4,11,Fri,0
id384762,2022-11-19,Cash,Green-Henderson,Internet,8572,0,-8572,4,11,Sat,0
id377302,2022-11-19,Cash,Simmons PLC,Books,3428,0,-3428,4,11,Sat,0
id254898,2022-11-19,Cash,Henderson Villanueva and Stephens,Internet,6878,0,-6878,4,11,Sat,0
id211375,2022-11-19,SavingsBank,Salary,Salary,0,51705,51705,4,11,Sat,0
id946415,2022-11-19,Cash,Long LLC,Insurance,2415,0,-2415,4,11,Sat,0
id386985,2022-11-19,SavingsBank,Dividend,Dividend,0,442,442,4,11,Sat,0
id240942,2022-11-19,Cash,Driver,Hire,9737,0,-9737,4,11,Sat,0
id778252,2022-11-19,CreditCard,Evans Sherman and Wagner,Grocery,1219,0,-1219,4,11,Sat,0
id184888,2022-11-19,CreditCard,Mcgrath-Brown,Insurance,7751,0,-7751,4,11,Sat,0
id160035,2022-11-20,CheckingAccount,Cab,Hire,9886,0,-9886,4,11,Sun,0
id657218,2022-11-20,CreditCard,Hughes LLC,Insurance,8933,0,-8933,4,11,Sun,0
id615966,2022-11-20,CreditCard,Cox and Sons,School,2912,0,-2912,4,11,Sun,0
id474886,2022-11-20,SavingsBank,Henderson Group,Dinner,3893,0,-3893,4,11,Sun,0
id314885,2022-11-20,Cash,Cleaning,Hire,4535,0,-4535,4,11,Sun,0
id962690,2022-11-20,CreditCard,Phillips-Petersen,Dinner,1885,0,-1885,4,11,Sun,0
id724001,2022-11-20,SavingsBank,Castillo Romero and Maddox,Telephone,499,0,-499,4,11,Sun,0
id852079,2022-11-20,CreditCard,Baker Roberts and Gallegos,Grocery,4486,0,-4486,4,11,Sun,0
id871199,2022-11-20,CreditCard,Miller PLC,School,4583,0,-4583,4,11,Sun,0
id743657,2022-11-21,CheckingAccount,Lee Ltd,Dinner,7184,0,-7184,4,11,Mon,0
id547853,2022-11-21,SavingsBank,Forbes Ltd,Investment,7050,0,-7050,4,11,Mon,1
id267624,2022-11-21,CheckingAccount,Pratt Roberts and Henson,Dinner,4967,0,-4967,4,11,Mon,0
id399883,2022-11-22,CheckingAccount,Jackson and Sons,Fuel,333,0,-333,4,11,Tue,0
id373585,2022-11-22,Cash,Parrish-Neal,Grocery,2812,0,-2812,4,11,Tue,0
id839607,2022-11-22,CreditCard,Mcmillan-Garrett,Books,4279,0,-4279,4,11,Tue,0
id321348,2022-11-23,SavingsBank,Malone and Sons,Dinner,8507,0,-8507,4,11,Wed,0
id183684,2022-11-23,CreditCard,Young and Sons,Internet,8365,0,-8365,4,11,Wed,0
id187936,2022-11-23,CheckingAccount,Herrera Group,Tax,4070,0,-4070,4,11,Wed,0
id128414,2022-11-23,CheckingAccount,Cleaning,Hire,8519,0,-8519,4,11,Wed,0
id490816,2022-11-24,CheckingAccount,Accountant,Hire,9189,0,-9189,4,11,Thu,0
id887200,2022-11-24,CreditCard,Scott and Sons,Internet,6384,0,-6384,4,11,Thu,0
id914377,2022-11-24,CreditCard,Gonzales Group,Dinner,6239,0,-6239,4,11,Thu,0
id674274,2022-11-24,Cash,Williams Henry and Erickson,House,9790,0,-9790,4,11,Thu,0
id402240,2022-11-25,SavingsBank,Salary,Salary,0,23535,23535,4,11,Fri,0
id720218,2022-11-25,CheckingAccount,Ramirez PLC,Fuel,3411,0,-3411,4,11,Fri,0
id676721,2022-11-25,Cash,Cooper LLC,Fuel,7410,0,-7410,4,11,Fri,0
id477847,2022-11-25,Cash,Valdez Love and Chase,Books,1657,0,-1657,4,11,Fri,0
id640488,2022-11-25,Cash,Blake-Davis,Investment,699,0,-699,4,11,Fri,1
id652297,2022-11-25,CreditCard,Hoover Rodgers and Torres,Fuel,1749,0,-1749,4,11,Fri,0
id121789,2022-11-25,Cash,Little-Mcintosh,Investment,4663,0,-4663,4,11,Fri,1
id464379,2022-11-25,CreditCard,Perez Johnson and Rodriguez,Fuel,630,0,-630,4,11,Fri,0
id222783,2022-11-25,Cash,Hunt Powers and Ryan,Investment,5686,0,-5686,4,11,Fri,1
id646299,2022-11-25,SavingsBank,Lyons Ltd,Grocery,2333,0,-2333,4,11,Fri,0
id408611,2022-11-26,CreditCard,Cab,Hire,7262,0,-7262,4,11,Sat,0
id149244,2022-11-26,CheckingAccount,Baldwin-Rojas,School,528,0,-528,4,11,Sat,0
id406506,2022-11-26,Cash,Vaughan Ltd,Insurance,939,0,-939,4,11,Sat,0
id389992,2022-11-26,SavingsBank,Jackson Garza and Steele,Investment,3302,0,-3302,4,11,Sat,1
id922109,2022-11-26,CreditCard,Clark Ltd,Grocery,4900,0,-4900,4,11,Sat,0
id141289,2022-11-26,CheckingAccount,Parker Inc,Dinner,6773,0,-6773,4,11,Sat,0
id881697,2022-11-26,Cash,Richardson Group,Insurance,9646,0,-9646,4,11,Sat,0
id248315,2022-11-26,CheckingAccount,Cab,Hire,8038,0,-8038,4,11,Sat,0
id168289,2022-11-27,SavingsBank,Salary,Salary,0,58905,58905,4,11,Sun,0
id266390,2022-11-27,CreditCard,Sanchez Dawson and Banks,Dinner,4916,0,-4916,4,11,Sun,0
id830983,2022-11-28,CreditCard,Lambert PLC,Grocery,2023,0,-2023,4,11,Mon,0
id535437,2022-11-28,CheckingAccount,Sanchez LLC,Insurance,3101,0,-3101,4,11,Mon,0
id393704,2022-11-28,Cash,Salazar-Stanley,Insurance,6771,0,-6771,4,11,Mon,0
id564093,2022-11-28,Cash,Simmons Group,Fuel,2375,0,-2375,4,11,Mon,0
id244958,2022-11-28,CreditCard,James Marshall and Stewart,Tax,5908,0,-5908,4,11,Mon,0
id981477,2022-11-29,Cash,Smith-Estrada,Grocery,3761,0,-3761,4,11,Tue,0
id215207,2022-11-29,SavingsBank,Nichols Robinson and Booker,House,5044,0,-5044,4,11,Tue,0
id888120,2022-11-29,CheckingAccount,Mercer Garcia and Foster,Fuel,9677,0,-9677,4,11,Tue,0
id577536,2022-11-29,Cash,Smith Carr and Thomas,Investment,2800,0,-2800,4,11,Tue,1
id563212,2022-11-30,Cash,Taylor Fritz and Miller,Tax,5011,0,-5011,4,11,Wed,0
id772523,2022-11-30,CreditCard,Martin Cardenas and Shaffer,Dinner,4554,0,-4554,4,11,Wed,0
id863179,2022-11-30,CheckingAccount,Hensley Smith and Adams,Tax,9555,0,-9555,4,11,Wed,0
id252189,2022-11-30,Cash,Driver,Hire,2270,0,-2270,4,11,Wed,0
id391503,2022-12-01,CreditCard,Henderson Rodgers and Rogers,Insurance,5311,0,-5311,4,12,Thu,0
id696682,2022-12-01,CreditCard,Brown-Drake,House,4499,0,-4499,4,12,Thu,0
id608522,2022-12-01,Cash,Johnson Inc,School,8915,0,-8915,4,12,Thu,0
id330356,2022-12-01,CheckingAccount,Cleaning,Hire,4551,0,-4551,4,12,Thu,0
id381174,2022-12-01,CreditCard,Martin-Bryan,Internet,8570,0,-8570,4,12,Thu,0
id149958,2022-12-01,CreditCard,Carter and Sons,Investment,1879,0,-1879,4,12,Thu,1
id832296,2022-12-01,Cash,Cooper-Velasquez,Investment,7202,0,-7202,4,12,Thu,1
id326879,2022-12-01,CreditCard,Jones-Weber,School,8888,0,-8888,4,12,Thu,0
id798728,2022-12-02,CreditCard,Howe-Morrison,Fuel,1906,0,-1906,4,12,Fri,0
id628980,2022-12-02,SavingsBank,Brown-Mckee,Tax,8426,0,-8426,4,12,Fri,0
id119193,2022-12-02,SavingsBank,Salary,Salary,0,36780,36780,4,12,Fri,0
id879782,2022-12-02,Cash,Smith-Bradshaw,Insurance,9145,0,-9145,4,12,Fri,0
id226068,2022-12-02,CheckingAccount,Dunn Inc,School,314,0,-314,4,12,Fri,0
id575567,2022-12-02,Cash,Burke Inc,Dinner,5485,0,-5485,4,12,Fri,0
id540777,2022-12-02,Cash,Sparks PLC,Fuel,4133,0,-4133,4,12,Fri,0
id234288,2022-12-02,Cash,Gutierrez Inc,Dinner,3514,0,-3514,4,12,Fri,0
id430257,2022-12-03,CreditCard,Hall-Vasquez,Books,6132,0,-6132,4,12,Sat,0
id229957,2022-12-03,SavingsBank,Murray-Gutierrez,Telephone,2603,0,-2603,4,12,Sat,0
id984202,2022-12-03,Cash,Nguyen-Washington,Investment,3164,0,-3164,4,12,Sat,1
id282052,2022-12-03,CreditCard,Olson Ltd,Telephone,8770,0,-8770,4,12,Sat,0
id561826,2022-12-03,CheckingAccount,Pollard-Martinez,Books,8906,0,-8906,4,12,Sat,0
id762551,2022-12-04,Cash,Howard-Lewis,House,8852,0,-8852,4,12,Sun,0
id664834,2022-12-04,CheckingAccount,Ramsey Romero and Bowman,Telephone,4191,0,-4191,4,12,Sun,0
id957177,2022-12-04,Cash,Gonzalez Group,Telephone,1478,0,-1478,4,12,Sun,0
id227189,2022-12-04,CheckingAccount,Mclaughlin-Reed,Investment,1115,0,-1115,4,12,Sun,1
id490112,2022-12-04,SavingsBank,Petersen and Sons,Telephone,7058,0,-7058,4,12,Sun,0
id534980,2022-12-05,CreditCard,Nguyen-Morrison,Telephone,1560,0,-1560,4,12,Mon,0
id426734,2022-12-05,CreditCard,Walters Inc,School,6254,0,-6254,4,12,Mon,0
id303916,2022-12-05,SavingsBank,Valdez Inc,House,6547,0,-6547,4,12,Mon,0
id259486,2022-12-05,CheckingAccount,Driver,Hire,281,0,-281,4,12,Mon,0
id994662,2022-12-05,SavingsBank,Norris Garrison and Brown,Investment,1952,0,-1952,4,12,Mon,1
id269600,2022-12-06,SavingsBank,Dividend,Dividend,0,6623,6623,4,12,Tue,0
id601942,2022-12-06,SavingsBank,Interest,Interest,0,2090,2090,4,12,Tue,0
id365044,2022-12-06,CreditCard,Accountant,Hire,571,0,-571,4,12,Tue,0
id593065,2022-12-06,Cash,Davis-Norman,Tax,2472,0,-2472,4,12,Tue,0
id348375,2022-12-06,SavingsBank,Clarke Miller and Walters,House,5340,0,-5340,4,12,Tue,0
id338359,2022-12-06,SavingsBank,Fox-Vega,House,6975,0,-6975,4,12,Tue,0
id861474,2022-12-07,Cash,Edwards-Brown,Books,1549,0,-1549,4,12,Wed,0
id452719,2022-12-07,CreditCard,Mckee Logan and Williams,School,6381,0,-6381,4,12,Wed,0
id773820,2022-12-07,CreditCard,Diaz-Fisher,Investment,2487,0,-2487,4,12,Wed,1
id766081,2022-12-07,CreditCard,Smith Cummings and Chapman,Fuel,2482,0,-2482,4,12,Wed,0
id714901,2022-12-07,SavingsBank,Interest,Interest,0,9247,9247,4,12,Wed,0
id444116,2022-12-07,Cash,Castro-Guzman,Dinner,9079,0,-9079,4,12,Wed,0
id487428,2022-12-07,Cash,Cherry and Sons,Books,3454,0,-3454,4,12,Wed,0
id698234,2022-12-07,CheckingAccount,Warren-Johnson,Insurance,3848,0,-3848,4,12,Wed,0
id919788,2022-12-07,CheckingAccount,Fowler Lewis and Nelson,Investment,5307,0,-5307,4,12,Wed,1
id406087,2022-12-07,Cash,Wilson Powell and Mcclain,Insurance,8469,0,-8469,4,12,Wed,0
id841102,2022-12-07,CheckingAccount,Carrillo Group,Internet,4104,0,-4104,4,12,Wed,0
id834947,2022-12-08,CreditCard,Cleaning,Hire,6539,0,-6539,4,12,Thu,0
id983277,2022-12-08,CheckingAccount,Bonilla Jones and Johnson,Books,5550,0,-5550,4,12,Thu,0
id935220,2022-12-08,CheckingAccount,Larsen Strickland and Pierce,Investment,3684,0,-3684,4,12,Thu,1
id461445,2022-12-08,CheckingAccount,Rogers-Robinson,Grocery,6196,0,-6196,4,12,Thu,0
id692488,2022-12-08,SavingsBank,Hubbard Hall and Stone,Grocery,2055,0,-2055,4,12,Thu,0
id131487,2022-12-08,Cash,Nelson Manning and Becker,House,5427,0,-5427,4,12,Thu,0
id914486,2022-12-09,CreditCard,James Ltd,Investment,4673,0,-4673,4,12,Fri,1
id579630,2022-12-09,CreditCard,Baker PLC,School,5226,0,-5226,4,12,Fri,0
id617724,2022-12-09,CreditCard,Accountant,Hire,1578,0,-1578,4,12,Fri,0
id524938,2022-12-09,SavingsBank,Fox-Butler,Grocery,743,0,-743,4,12,Fri,0
id914067,2022-12-09,Cash,Vincent Sexton and Terrell,Investment,4856,0,-4856,4,12,Fri,1
id418396,2022-12-10,SavingsBank,Interest,Interest,0,2343,2343,4,12,Sat,0
id265769,2022-12-10,CheckingAccount,Harmon-Wheeler,House,3647,0,-3647,4,12,Sat,0
id676101,2022-12-10,CreditCard,Accountant,Hire,5037,0,-5037,4,12,Sat,0
id307895,2022-12-10,CreditCard,Stout Inc,Books,8759,0,-8759,4,12,Sat,0
id200596,2022-12-10,Cash,Garcia Booker and David,Fuel,7016,0,-7016,4,12,Sat,0
id896643,2022-12-10,Cash,Juarez Torres and Sullivan,House,2445,0,-2445,4,12,Sat,0
id152424,2022-12-11,CheckingAccount,Carroll-Smith,Insurance,7282,0,-7282,4,12,Sun,0
id750876,2022-12-11,CheckingAccount,Rhodes Group,Telephone,4856,0,-4856,4,12,Sun,0
id123679,2022-12-11,Cash,Guzman-Lopez,Grocery,6355,0,-6355,4,12,Sun,0
id625650,2022-12-11,SavingsBank,Wang Inc,Insurance,1220,0,-1220,4,12,Sun,0
id757403,2022-12-11,Cash,Driver,Hire,9534,0,-9534,4,12,Sun,0
id438162,2022-12-11,SavingsBank,Interest,Interest,0,2340,2340,4,12,Sun,0
id276834,2022-12-11,CreditCard,Evans Inc,Telephone,4541,0,-4541,4,12,Sun,0
id669323,2022-12-11,Cash,Cab,Hire,622,0,-622,4,12,Sun,0
id317460,2022-12-11,SavingsBank,Salary,Salary,0,84225,84225,4,12,Sun,0
id902615,2022-12-12,Cash,Brown-Anderson,Books,5744,0,-5744,4,12,Mon,0
id676391,2022-12-12,CreditCard,Conner PLC,House,3203,0,-3203,4,12,Mon,0
id995962,2022-12-12,CreditCard,Brewer Wagner and Thompson,Fuel,3503,0,-3503,4,12,Mon,0
id979849,2022-12-12,CreditCard,Peck-Peck,Fuel,1462,0,-1462,4,12,Mon,0
id599407,2022-12-12,Cash,Weaver-Jennings,Dinner,2497,0,-2497,4,12,Mon,0
id476965,2022-12-12,CreditCard,Walsh Roberts and Miller,Books,9586,0,-9586,4,12,Mon,0
id988798,2022-12-12,Cash,Ferguson-Johnson,Dinner,6670,0,-6670,4,12,Mon,0
id804227,2022-12-12,CheckingAccount,Young LLC,School,2380,0,-2380,4,12,Mon,0
id717777,2022-12-12,CreditCard,Miller-Horn,Fuel,9527,0,-9527,4,12,Mon,0
id404210,2022-12-12,SavingsBank,Interest,Interest,0,7170,7170,4,12,Mon,0
id802402,2022-12-12,CreditCard,Gomez Conway and Bass,Fuel,8077,0,-8077,4,12,Mon,0
id486802,2022-12-12,CheckingAccount,Carpenter and Sons,Insurance,2868,0,-2868,4,12,Mon,0
id370478,2022-12-13,CreditCard,Griffin Morton and Townsend,Telephone,5039,0,-5039,4,12,Tue,0
id332361,2022-12-13,CreditCard,Driver,Hire,8674,0,-8674,4,12,Tue,0
id148790,2022-12-13,CreditCard,Blair-Cook,Fuel,3910,0,-3910,4,12,Tue,0
id885384,2022-12-13,CheckingAccount,Maldonado-Walker,Fuel,5162,0,-5162,4,12,Tue,0
id351533,2022-12-13,Cash,White-David,Internet,9130,0,-9130,4,12,Tue,0
id573949,2022-12-13,CheckingAccount,Williams and Sons,Fuel,6784,0,-6784,4,12,Tue,0
id678594,2022-12-13,Cash,Greene-Smith,School,468,0,-468,4,12,Tue,0
id294438,2022-12-14,Cash,Lewis-Farmer,Telephone,8647,0,-8647,4,12,Wed,0
id884880,2022-12-14,Cash,Chandler Bailey and Martinez,School,4525,0,-4525,4,12,Wed,0
id618746,2022-12-14,CheckingAccount,Flores-Lynch,School,1071,0,-1071,4,12,Wed,0
id979058,2022-12-14,SavingsBank,Gonzales-Chaney,House,6715,0,-6715,4,12,Wed,0
id219151,2022-12-14,CreditCard,Hughes Cruz and Fox,School,8937,0,-8937,4,12,Wed,0
id235951,2022-12-15,Cash,Hines-Drake,Dinner,9538,0,-9538,4,12,Thu,0
id363727,2022-12-15,CreditCard,Spencer Mueller and Hernandez,Internet,755,0,-755,4,12,Thu,0
id454880,2022-12-15,SavingsBank,Interest,Interest,0,3852,3852,4,12,Thu,0
id340605,2022-12-15,CheckingAccount,Accountant,Hire,6262,0,-6262,4,12,Thu,0
id493246,2022-12-15,CheckingAccount,Chen-Santana,Insurance,1412,0,-1412,4,12,Thu,0
id279471,2022-12-15,CheckingAccount,Cox Jones and Beard,Insurance,3650,0,-3650,4,12,Thu,0
id845958,2022-12-15,SavingsBank,Interest,Interest,0,8304,8304,4,12,Thu,0
id205364,2022-12-15,SavingsBank,West Thompson and Mccullough,Books,8370,0,-8370,4,12,Thu,0
id741382,2022-12-15,SavingsBank,Brown Ltd,Telephone,9596,0,-9596,4,12,Thu,0
id418679,2022-12-16,CheckingAccount,Thompson and Sons,Tax,271,0,-271,4,12,Fri,0
id658608,2022-12-16,Cash,Stevens-Wheeler,House,8950,0,-8950,4,12,Fri,0
id479252,2022-12-16,CheckingAccount,Williamson and Sons,Dinner,1542,0,-1542,4,12,Fri,0
id632344,2022-12-16,Cash,Goodwin-Harris,Telephone,6723,0,-6723,4,12,Fri,0
id432343,2022-12-16,SavingsBank,James-Ford,Fuel,8986,0,-8986,4,12,Fri,0
id606113,2022-12-16,SavingsBank,Cleaning,Hire,5874,0,-5874,4,12,Fri,0
id668995,2022-12-16,Cash,Ruiz and Sons,House,4142,0,-4142,4,12,Fri,0
id202595,2022-12-17,CheckingAccount,Accountant,Hire,5141,0,-5141,4,12,Sat,0
id494119,2022-12-17,Cash,Matthews Inc,Fuel,643,0,-643,4,12,Sat,0
id660843,2022-12-17,Cash,Williams LLC,Dinner,5743,0,-5743,4,12,Sat,0
id887865,2022-12-17,SavingsBank,Davenport-Villarreal,House,5506,0,-5506,4,12,Sat,0
id540880,2022-12-17,SavingsBank,Maxwell Cooley and Romero,Telephone,3095,0,-3095,4,12,Sat,0
id329620,2022-12-18,SavingsBank,Dividend,Dividend,0,8233,8233,4,12,Sun,0
id531751,2022-12-18,CreditCard,Fernandez-Henry,School,5333,0,-5333,4,12,Sun,0
id861583,2022-12-18,CheckingAccount,Kerr Davis and Phelps,Grocery,8222,0,-8222,4,12,Sun,0
id682748,2022-12-18,CreditCard,Higgins-Andrade,Dinner,612,0,-612,4,12,Sun,0
id654600,2022-12-18,Cash,Willis Ochoa and Page,Grocery,8880,0,-8880,4,12,Sun,0
id679388,2022-12-19,SavingsBank,Frazier Group,Investment,6452,0,-6452,4,12,Mon,1
id788553,2022-12-19,CheckingAccount,Moore-Jones,House,5629,0,-5629,4,12,Mon,0
id612572,2022-12-19,SavingsBank,Griffin-Alexander,House,7654,0,-7654,4,12,Mon,0
id813221,2022-12-19,SavingsBank,Interest,Interest,0,6050,6050,4,12,Mon,0
id603350,2022-12-19,CheckingAccount,Morgan PLC,Investment,8043,0,-8043,4,12,Mon,1
id694616,2022-12-19,Cash,Walker Cruz and Garcia,Fuel,9682,0,-9682,4,12,Mon,0
id662095,2022-12-19,CreditCard,Lambert Group,Fuel,7836,0,-7836,4,12,Mon,0
id668720,2022-12-19,CreditCard,Martin Group,Grocery,6458,0,-6458,4,12,Mon,0
id845305,2022-12-19,CreditCard,Williams-Smith,School,4720,0,-4720,4,12,Mon,0
id839350,2022-12-19,SavingsBank,Padilla James and Murphy,Insurance,6132,0,-6132,4,12,Mon,0
id772780,2022-12-19,CheckingAccount,Mccullough-Mitchell,Tax,7076,0,-7076,4,12,Mon,0
id949913,2022-12-19,Cash,Johnson-Johnson,House,3966,0,-3966,4,12,Mon,0
id142840,2022-12-20,CreditCard,Bird-Decker,House,5571,0,-5571,4,12,Tue,0
id117107,2022-12-20,CreditCard,Lewis-Stone,Investment,988,0,-988,4,12,Tue,1
id634012,2022-12-20,SavingsBank,Salary,Salary,0,142290,142290,4,12,Tue,0
id290758,2022-12-20,Cash,Orr Alvarado and Brown,Dinner,557,0,-557,4,12,Tue,0
id985353,2022-12-20,CheckingAccount,Burns-Hayes,Dinner,5827,0,-5827,4,12,Tue,0
id860254,2022-12-20,SavingsBank,Perez-Miller,Telephone,188,0,-188,4,12,Tue,0
id276615,2022-12-20,CheckingAccount,Lowe Jensen and Hunter,Internet,6555,0,-6555,4,12,Tue,0
id272110,2022-12-20,CheckingAccount,Colon Inc,Telephone,9154,0,-9154,4,12,Tue,0
id115127,2022-12-20,CreditCard,Le Welch and Russell,House,4890,0,-4890,4,12,Tue,0
id766516,2022-12-20,Cash,Baker-Garcia,Insurance,210,0,-210,4,12,Tue,0
id486815,2022-12-21,Cash,White Inc,Investment,2311,0,-2311,4,12,Wed,1
id585801,2022-12-21,SavingsBank,Dividend,Dividend,0,2067,2067,4,12,Wed,0
id418226,2022-12-21,Cash,Santiago-Curtis,Internet,7810,0,-7810,4,12,Wed,0
id341523,2022-12-21,SavingsBank,Richardson-Henson,Investment,8564,0,-8564,4,12,Wed,1
id573304,2022-12-21,CheckingAccount,Rojas Christensen and Matthews,School,7536,0,-7536,4,12,Wed,0
id869756,2022-12-22,Cash,Murray Ltd,Internet,1644,0,-1644,4,12,Thu,0
id639002,2022-12-22,CreditCard,Myers-Blair,Grocery,4740,0,-4740,4,12,Thu,0
id223192,2022-12-22,SavingsBank,Parker-Vazquez,Dinner,3567,0,-3567,4,12,Thu,0
id816317,2022-12-22,Cash,Bowman-Brewer,Insurance,6168,0,-6168,4,12,Thu,0
id331173,2022-12-22,Cash,Mcintyre Morris and Aguirre,Fuel,8551,0,-8551,4,12,Thu,0
id469932,2022-12-22,CreditCard,Baird Rose and Evans,School,8748,0,-8748,4,12,Thu,0
id802788,2022-12-23,SavingsBank,Young and Sons,Fuel,9822,0,-9822,4,12,Fri,0
id641314,2022-12-23,Cash,Lane Flores and Walker,Investment,6107,0,-6107,4,12,Fri,1
id300155,2022-12-23,CheckingAccount,Driver,Hire,3876,0,-3876,4,12,Fri,0
id859455,2022-12-23,CheckingAccount,Woods-Butler,Grocery,4516,0,-4516,4,12,Fri,0
id996321,2022-12-24,CheckingAccount,Gordon PLC,Investment,4766,0,-4766,4,12,Sat,1
id706317,2022-12-24,CheckingAccount,Gates LLC,Dinner,6898,0,-6898,4,12,Sat,0
id658451,2022-12-24,CheckingAccount,Nguyen-Swanson,Dinner,3802,0,-3802,4,12,Sat,0
id858728,2022-12-24,CheckingAccount,Hawkins Walters and Stanton,Tax,3723,0,-3723,4,12,Sat,0
id791409,2022-12-24,SavingsBank,Salary,Salary,0,78795,78795,4,12,Sat,0
id826764,2022-12-24,Cash,Ellis-Nixon,Tax,5435,0,-5435,4,12,Sat,0
id340910,2022-12-24,CreditCard,Torres Williams and Reid,Insurance,814,0,-814,4,12,Sat,0
id291252,2022-12-24,SavingsBank,Interest,Interest,0,7224,7224,4,12,Sat,0
id461006,2022-12-24,SavingsBank,Interest,Interest,0,6012,6012,4,12,Sat,0
id186900,2022-12-25,CheckingAccount,Hubbard-Monroe,Tax,754,0,-754,4,12,Sun,0
id619917,2022-12-25,SavingsBank,Clark Kim and Guerrero,Investment,5694,0,-5694,4,12,Sun,1
id842799,2022-12-25,Cash,Vasquez LLC,Grocery,768,0,-768,4,12,Sun,0
id645809,2022-12-25,Cash,Hale Inc,Internet,4301,0,-4301,4,12,Sun,0
id458911,2022-12-25,CreditCard,Bradley Bennett and James,House,5568,0,-5568,4,12,Sun,0
id653255,2022-12-25,CreditCard,Mckinney Stevens and Martinez,Telephone,1526,0,-1526,4,12,Sun,0
id720660,2022-12-25,SavingsBank,Driver,Hire,9158,0,-9158,4,12,Sun,0
id484397,2022-12-25,SavingsBank,Hendrix-Roberts,Insurance,7170,0,-7170,4,12,Sun,0
id644027,2022-12-26,CreditCard,Lee Inc,Internet,5841,0,-5841,4,12,Mon,0
id619135,2022-12-26,SavingsBank,Interest,Interest,0,1458,1458,4,12,Mon,0
id842944,2022-12-26,SavingsBank,Montes Group,Grocery,6363,0,-6363,4,12,Mon,0
id445298,2022-12-26,CreditCard,Simon-Hancock,Dinner,1070,0,-1070,4,12,Mon,0
id258643,2022-12-26,CreditCard,Nielsen PLC,Fuel,1011,0,-1011,4,12,Mon,0
id550190,2022-12-26,CreditCard,Thomas LLC,Telephone,4846,0,-4846,4,12,Mon,0
id434975,2022-12-26,CheckingAccount,Gonzalez-Gonzalez,Dinner,3939,0,-3939,4,12,Mon,0
id272369,2022-12-28,CreditCard,White Ltd,Telephone,5528,0,-5528,4,12,Wed,0
id946338,2022-12-28,CheckingAccount,Delacruz Sanchez and Bradshaw,Investment,5915,0,-5915,4,12,Wed,1
id345109,2022-12-28,SavingsBank,Cab,Hire,7324,0,-7324,4,12,Wed,0
id186393,2022-12-28,SavingsBank,Rasmussen-Cook,Telephone,8383,0,-8383,4,12,Wed,0
id897862,2022-12-28,CheckingAccount,Thomas-Lee,Grocery,5213,0,-5213,4,12,Wed,0
id198045,2022-12-28,Cash,Michael Nash and Bray,Fuel,2728,0,-2728,4,12,Wed,0
id469666,2022-12-28,CreditCard,Robertson Stout and Collins,Grocery,900,0,-900,4,12,Wed,0
id689655,2022-12-28,CheckingAccount,Woods Mullins and Mack,Dinner,5944,0,-5944,4,12,Wed,0
id729855,2022-12-28,SavingsBank,Sutton-Lara,Books,6110,0,-6110,4,12,Wed,0
id619986,2022-12-29,SavingsBank,Hartman PLC,Investment,7491,0,-7491,4,12,Thu,1
id296652,2022-12-29,CheckingAccount,Porter PLC,Grocery,2922,0,-2922,4,12,Thu,0
id159180,2022-12-29,Cash,Robles-Gonzalez,School,9497,0,-9497,4,12,Thu,0
id404090,2022-12-29,CheckingAccount,Harris Group,Insurance,1672,0,-1672,4,12,Thu,0
id460792,2022-12-30,Cash,Mcclain LLC,Books,9412,0,-9412,4,12,Fri,0
id659621,2022-12-30,SavingsBank,Dividend,Dividend,0,6531,6531,4,12,Fri,0
id424164,2022-12-30,SavingsBank,Smith Romero and Clark,Insurance,939,0,-939,4,12,Fri,0
id595385,2022-12-30,CheckingAccount,Hall Conner and Norris,Insurance,4864,0,-4864,4,12,Fri,0
id930088,2022-12-30,Cash,Accountant,Hire,9610,0,-9610,4,12,Fri,0
id934295,2022-12-30,CheckingAccount,Garcia PLC,Books,5819,0,-5819,4,12,Fri,0
id558503,2022-12-30,SavingsBank,Interest,Interest,0,4657,4657,4,12,Fri,0
id451625,2022-12-30,Cash,Johnson Smith and Gardner,Grocery,5946,0,-5946,4,12,Fri,0
id803205,2022-12-30,Cash,Patterson Ltd,Grocery,2677,0,-2677,4,12,Fri,0
id911627,2022-12-31,SavingsBank,Dividend,Dividend,0,6731,6731,4,12,Sat,0
id414136,2022-12-31,SavingsBank,Salary,Salary,0,92700,92700,4,12,Sat,0
id528807,2022-12-31,CreditCard,Adams-Phillips,Tax,9465,0,-9465,4,12,Sat,0
id980768,2022-12-31,CreditCard,Jennings and Sons,Tax,4326,0,-4326,4,12,Sat,0
id142594,2023-01-01,Cash,Torres-Washington,Insurance,8016,0,-8016,1,1,Sun,0
id716320,2023-01-01,CheckingAccount,Torres-Graves,House,5658,0,-5658,1,1,Sun,0
id824313,2023-01-01,Cash,Berry Inc,Internet,4431,0,-4431,1,1,Sun,0
id432562,2023-01-01,SavingsBank,Salary,Salary,0,108840,108840,1,1,Sun,0
id898691,2023-01-02,CreditCard,Accountant,Hire,6234,0,-6234,1,1,Mon,0
id763309,2023-01-02,SavingsBank,Salary,Salary,0,93135,93135,1,1,Mon,0
id918045,2023-01-03,SavingsBank,Castaneda Johnson and Jacobson,Books,4804,0,-4804,1,1,Tue,0
id420101,2023-01-03,CheckingAccount,Schmitt-Schneider,Books,5253,0,-5253,1,1,Tue,0
id619519,2023-01-03,Cash,Bryant Inc,School,7237,0,-7237,1,1,Tue,0
id752026,2023-01-03,CreditCard,Spencer Bonilla and Espinoza,Investment,4646,0,-4646,1,1,Tue,1
id157053,2023-01-03,SavingsBank,Cox Inc,Grocery,8842,0,-8842,1,1,Tue,0
id546362,2023-01-03,CreditCard,Richards Group,Investment,8742,0,-8742,1,1,Tue,1
id515722,2023-01-03,CreditCard,Harris-Vargas,Tax,6116,0,-6116,1,1,Tue,0
id586445,2023-01-03,Cash,Sherman Group,Dinner,5931,0,-5931,1,1,Tue,0
id839709,2023-01-03,CreditCard,Mckinney-Smith,Fuel,2584,0,-2584,1,1,Tue,0
id148831,2023-01-03,SavingsBank,Roberts White and Turner,Tax,4265,0,-4265,1,1,Tue,0
id926317,2023-01-03,SavingsBank,Medina Rodriguez and Horn,Insurance,2867,0,-2867,1,1,Tue,0
id801231,2023-01-04,CreditCard,Gray-Ross,Fuel,2318,0,-2318,1,1,Wed,0
id631615,2023-01-04,Cash,Little-Jones,Tax,7812,0,-7812,1,1,Wed,0
id349624,2023-01-04,CheckingAccount,Driver,Hire,3863,0,-3863,1,1,Wed,0
id810578,2023-01-04,CreditCard,Lee-Smith,Dinner,9539,0,-9539,1,1,Wed,0
id552853,2023-01-05,CreditCard,Green Espinoza and Franklin,Grocery,814,0,-814,1,1,Thu,0
id350447,2023-01-05,CheckingAccount,Spencer Jackson and Clark,Telephone,4269,0,-4269,1,1,Thu,0
id480000,2023-01-05,Cash,Alvarado-Stewart,Tax,3678,0,-3678,1,1,Thu,0
id451823,2023-01-05,Cash,Roach LLC,Telephone,167,0,-167,1,1,Thu,0
id762446,2023-01-05,Cash,Bradford-Alvarado,School,2708,0,-2708,1,1,Thu,0
id136794,2023-01-06,CreditCard,Cleaning,Hire,3975,0,-3975,1,1,Fri,0
id409088,2023-01-06,CreditCard,Elliott and Sons,School,3765,0,-3765,1,1,Fri,0
id561044,2023-01-06,Cash,Maddox-Best,Insurance,1932,0,-1932,1,1,Fri,0
id660821,2023-01-06,Cash,Bird Cooper and Gilmore,Internet,2747,0,-2747,1,1,Fri,0
id925083,2023-01-06,SavingsBank,Allen Jensen and Bennett,Dinner,9925,0,-9925,1,1,Fri,0
id975776,2023-01-06,CheckingAccount,Bell-Kim,Books,8006,0,-8006,1,1,Fri,0
id643045,2023-01-06,CreditCard,Cab,Hire,2972,0,-2972,1,1,Fri,0
id412902,2023-01-06,CheckingAccount,Hall LLC,School,6053,0,-6053,1,1,Fri,0
id220342,2023-01-07,SavingsBank,Interest,Interest,0,1619,1619,1,1,Sat,0
id343227,2023-01-07,CheckingAccount,Lawson Inc,Fuel,3327,0,-3327,1,1,Sat,0
id448602,2023-01-07,CreditCard,Martin-Davis,Telephone,6273,0,-6273,1,1,Sat,0
id524395,2023-01-07,CheckingAccount,Owens-Anderson,Grocery,3041,0,-3041,1,1,Sat,0
id463234,2023-01-07,Cash,Houston PLC,Fuel,2222,0,-2222,1,1,Sat,0
id444547,2023-01-07,SavingsBank,Dividend,Dividend,0,3062,3062,1,1,Sat,0
id212777,2023-01-08,SavingsBank,Dividend,Dividend,0,7707,7707,1,1,Sun,0
id202567,2023-01-08,Cash,Robinson-Brown,Investment,1625,0,-1625,1,1,Sun,1
id974797,2023-01-09,SavingsBank,Goodman-Reid,School,5528,0,-5528,1,1,Mon,0
id693044,2023-01-09,Cash,Freeman Group,Books,8640,0,-8640,1,1,Mon,0
id882446,2023-01-09,SavingsBank,King Ltd,Fuel,4455,0,-4455,1,1,Mon,0
id581014,2023-01-09,CreditCard,Moore-Walker,Investment,4707,0,-4707,1,1,Mon,1
id558181,2023-01-09,CheckingAccount,Morris-Smith,Internet,5955,0,-5955,1,1,Mon,0
id683067,2023-01-09,Cash,Moran-Wolfe,Investment,6756,0,-6756,1,1,Mon,1
id503365,2023-01-09,SavingsBank,Conner Vazquez and Shah,Fuel,5290,0,-5290,1,1,Mon,0
id851994,2023-01-09,SavingsBank,Rodriguez-Arnold,Telephone,284,0,-284,1,1,Mon,0
id324682,2023-01-09,CreditCard,Gross Smith and Gould,Fuel,2627,0,-2627,1,1,Mon,0
id319140,2023-01-09,SavingsBank,Price LLC,Fuel,4589,0,-4589,1,1,Mon,0
id460973,2023-01-09,CreditCard,Johnson Larsen and David,House,675,0,-675,1,1,Mon,0
id903568,2023-01-10,Cash,Driver,Hire,6769,0,-6769,1,1,Tue,0
id177824,2023-01-10,CreditCard,Lowery-Cardenas,Insurance,9137,0,-9137,1,1,Tue,0
id876967,2023-01-10,SavingsBank,Cleaning,Hire,4587,0,-4587,1,1,Tue,0
id543395,2023-01-11,SavingsBank,Williams Bridges and Skinner,Grocery,7032,0,-7032,1,1,Wed,0
id227304,2023-01-11,SavingsBank,Jones Ltd,Books,6641,0,-6641,1,1,Wed,0
id465128,2023-01-11,SavingsBank,Morgan and Sons,Dinner,6298,0,-6298,1,1,Wed,0
id298070,2023-01-11,Cash,Burke-Bowers,Books,3527,0,-3527,1,1,Wed,0
id986983,2023-01-11,CreditCard,Espinoza Ltd,Internet,8595,0,-8595,1,1,Wed,0
id983967,2023-01-11,CreditCard,Parker Scott and Henderson,Tax,9015,0,-9015,1,1,Wed,0
id619491,2023-01-11,SavingsBank,Ballard-Miller,Investment,9833,0,-9833,1,1,Wed,1
id487710,2023-01-11,CreditCard,Martinez Jones and Berry,Grocery,914,0,-914,1,1,Wed,0
id310793,2023-01-11,SavingsBank,Salary,Salary,0,81375,81375,1,1,Wed,0
id291570,2023-01-11,Cash,Yoder Bruce and Powell,Fuel,8243,0,-8243,1,1,Wed,0
id351603,2023-01-11,SavingsBank,Carlson-Watkins,Telephone,2847,0,-2847,1,1,Wed,0
id996063,2023-01-12,CheckingAccount,Allen and Sons,Grocery,141,0,-141,1,1,Thu,0
id514415,2023-01-12,Cash,Smith PLC,Grocery,3919,0,-3919,1,1,Thu,0
id822776,2023-01-12,Cash,Ramos LLC,Fuel,7751,0,-7751,1,1,Thu,0
id851805,2023-01-13,SavingsBank,Interest,Interest,0,3926,3926,1,1,Fri,0
id142056,2023-01-13,CreditCard,Pollard Price and Bailey,Dinner,6393,0,-6393,1,1,Fri,0
id991687,2023-01-13,CreditCard,Gallegos Li and Taylor,School,2242,0,-2242,1,1,Fri,0
id223533,2023-01-13,SavingsBank,Conrad Bonilla and Rose,House,8803,0,-8803,1,1,Fri,0
id790422,2023-01-13,SavingsBank,Moore-Flores,Internet,4940,0,-4940,1,1,Fri,0
id787581,2023-01-13,CheckingAccount,Cummings-Perez,Fuel,7056,0,-7056,1,1,Fri,0
id342467,2023-01-13,Cash,Porter Singh and Edwards,Investment,9664,0,-9664,1,1,Fri,1
id648662,2023-01-14,Cash,Faulkner Johnson and Boyer,Fuel,5777,0,-5777,1,1,Sat,0
id304427,2023-01-14,SavingsBank,Weiss King and Valdez,Tax,7433,0,-7433,1,1,Sat,0
id823178,2023-01-14,CheckingAccount,Conley Ashley and Shaw,Dinner,1290,0,-1290,1,1,Sat,0
id262406,2023-01-14,CreditCard,Maynard and Sons,Internet,2977,0,-2977,1,1,Sat,0
id501699,2023-01-14,SavingsBank,Sullivan LLC,Grocery,2761,0,-2761,1,1,Sat,0
id855693,2023-01-14,Cash,Donovan-Francis,Fuel,7985,0,-7985,1,1,Sat,0
id536266,2023-01-15,CreditCard,Torres and Sons,School,108,0,-108,1,1,Sun,0
id503068,2023-01-15,CreditCard,Baker PLC,Investment,8349,0,-8349,1,1,Sun,1
id277368,2023-01-15,CreditCard,Stewart-Curtis,Books,6415,0,-6415,1,1,Sun,0
id779080,2023-01-15,Cash,Bowman-Richardson,Grocery,8962,0,-8962,1,1,Sun,0
id688742,2023-01-15,SavingsBank,Brown Inc,Dinner,3681,0,-3681,1,1,Sun,0
id553579,2023-01-15,Cash,Mckay PLC,Investment,1039,0,-1039,1,1,Sun,1
id155984,2023-01-15,CheckingAccount,Nelson Johnson and Nash,Dinner,7326,0,-7326,1,1,Sun,0
id189051,2023-01-15,SavingsBank,Evans-Cook,Books,1900,0,-1900,1,1,Sun,0
id376001,2023-01-15,Cash,Hernandez Lester and Singh,Dinner,8990,0,-8990,1,1,Sun,0
id157214,2023-01-15,SavingsBank,Pittman Group,Insurance,2222,0,-2222,1,1,Sun,0
id851189,2023-01-16,Cash,Mckenzie-Aguilar,Telephone,1375,0,-1375,1,1,Mon,0
id171119,2023-01-16,CreditCard,Williams Lambert and Newman,School,1970,0,-1970,1,1,Mon,0
id264512,2023-01-16,Cash,Zimmerman-Richardson,Grocery,1311,0,-1311,1,1,Mon,0
id419050,2023-01-16,Cash,Austin Navarro and Rodriguez,Tax,460,0,-460,1,1,Mon,0
id529710,2023-01-16,CheckingAccount,Brewer-Gonzalez,Grocery,5384,0,-5384,1,1,Mon,0
id770224,2023-01-16,Cash,Cab,Hire,1612,0,-1612,1,1,Mon,0
id942153,2023-01-16,SavingsBank,Barker-Haney,House,7275,0,-7275,1,1,Mon,0
id217016,2023-01-16,SavingsBank,Cab,Hire,3105,0,-3105,1,1,Mon,0
id774795,2023-01-16,SavingsBank,Interest,Interest,0,1014,1014,1,1,Mon,0
id208082,2023-01-17,SavingsBank,Huff Martin and Coleman,Insurance,2432,0,-2432,1,1,Tue,0
id523454,2023-01-17,Cash,Sullivan-Martin,Telephone,5365,0,-5365,1,1,Tue,0
id143373,2023-01-17,CheckingAccount,Robles Inc,House,9367,0,-9367,1,1,Tue,0
id469523,2023-01-17,Cash,Ray PLC,Fuel,7945,0,-7945,1,1,Tue,0
id607203,2023-01-17,SavingsBank,Colon-Collins,Investment,2566,0,-2566,1,1,Tue,1
id198955,2023-01-17,CheckingAccount,Stewart Garcia and Allen,School,2930,0,-2930,1,1,Tue,0
id827857,2023-01-17,CheckingAccount,Bell Group,Telephone,2056,0,-2056,1,1,Tue,0
id765429,2023-01-17,SavingsBank,Interest,Interest,0,3491,3491,1,1,Tue,0
id386541,2023-01-18,Cash,Merritt PLC,Investment,2770,0,-2770,1,1,Wed,1
id178969,2023-01-18,SavingsBank,Interest,Interest,0,8259,8259,1,1,Wed,0
id831696,2023-01-18,CheckingAccount,Perry Flores and Martinez,Tax,5457,0,-5457,1,1,Wed,0
id542529,2023-01-18,SavingsBank,Interest,Interest,0,6866,6866,1,1,Wed,0
id355662,2023-01-18,Cash,Li-Miller,Internet,5008,0,-5008,1,1,Wed,0
id359570,2023-01-19,Cash,Atkinson Inc,Tax,1702,0,-1702,1,1,Thu,0
id425542,2023-01-19,SavingsBank,Marshall-Burns,Telephone,7811,0,-7811,1,1,Thu,0
id388926,2023-01-19,CreditCard,Morris Mckinney and Anderson,Telephone,9958,0,-9958,1,1,Thu,0
id868666,2023-01-19,CheckingAccount,Gutierrez-Medina,Telephone,3242,0,-3242,1,1,Thu,0
id532637,2023-01-19,SavingsBank,Lawrence Ltd,Fuel,897,0,-897,1,1,Thu,0
id810883,2023-01-19,CheckingAccount,Cook-Oliver,Insurance,4590,0,-4590,1,1,Thu,0
id992580,2023-01-20,Cash,Mclaughlin-Rocha,Investment,2546,0,-2546,1,1,Fri,1
id549266,2023-01-20,CheckingAccount,Cleaning,Hire,5468,0,-5468,1,1,Fri,0
id682117,2023-01-20,CheckingAccount,Clark-Patterson,House,7466,0,-7466,1,1,Fri,0
id756606,2023-01-20,SavingsBank,Dividend,Dividend,0,9634,9634,1,1,Fri,0
id764915,2023-01-21,Cash,Hester Smith and Lawrence,Internet,4512,0,-4512,1,1,Sat,0
id755480,2023-01-21,CreditCard,Jackson Mcmahon and Dunlap,Telephone,7381,0,-7381,1,1,Sat,0
id499413,2023-01-21,CreditCard,Taylor Watson and Thomas,House,5904,0,-5904,1,1,Sat,0
id472718,2023-01-21,CreditCard,Williams Inc,Telephone,3938,0,-3938,1,1,Sat,0
id859697,2023-01-21,SavingsBank,Salary,Salary,0,78330,78330,1,1,Sat,0
id924176,2023-01-21,CreditCard,Bishop and Sons,Tax,3911,0,-3911,1,1,Sat,0
id272229,2023-01-22,SavingsBank,Interest,Interest,0,8471,8471,1,1,Sun,0
id902329,2023-01-22,SavingsBank,Baldwin PLC,Telephone,7771,0,-7771,1,1,Sun,0
id897508,2023-01-22,CheckingAccount,Robinson-Bowman,Fuel,9253,0,-9253,1,1,Sun,0
id220972,2023-01-22,CreditCard,Cab,Hire,2616,0,-2616,1,1,Sun,0
id529624,2023-01-22,CheckingAccount,Rose Ramirez and Montgomery,Telephone,3194,0,-3194,1,1,Sun,0
id674335,2023-01-22,Cash,Davies-Skinner,Investment,5264,0,-5264,1,1,Sun,1
id540952,2023-01-22,CheckingAccount,Sanders Group,Internet,9958,0,-9958,1,1,Sun,0
id544704,2023-01-23,Cash,Johnson and Sons,Investment,7276,0,-7276,1,1,Mon,1
id604616,2023-01-23,CheckingAccount,Cleaning,Hire,5794,0,-5794,1,1,Mon,0
id624843,2023-01-23,Cash,Roy Alvarez and Hall,Grocery,8016,0,-8016,1,1,Mon,0
id905216,2023-01-23,SavingsBank,Houston-Ruiz,Dinner,5885,0,-5885,1,1,Mon,0
id635829,2023-01-23,SavingsBank,Dividend,Dividend,0,4439,4439,1,1,Mon,0
id841674,2023-01-23,SavingsBank,Rowland Ruiz and Morgan,House,7027,0,-7027,1,1,Mon,0
id452834,2023-01-24,SavingsBank,Foster Yoder and Galvan,School,4980,0,-4980,1,1,Tue,0
id503279,2023-01-24,CheckingAccount,Martinez Garza and Johnson,Tax,5810,0,-5810,1,1,Tue,0
id201363,2023-01-24,Cash,Stark-Oconnor,Tax,4682,0,-4682,1,1,Tue,0
id412078,2023-01-24,Cash,Davidson Inc,Books,6281,0,-6281,1,1,Tue,0
id360091,2023-01-24,Cash,Johnson Inc,Fuel,6337,0,-6337,1,1,Tue,0
id656043,2023-01-25,Cash,Howell Terrell and Ross,Internet,3699,0,-3699,1,1,Wed,0
id189108,2023-01-25,CheckingAccount,Alvarez Duncan and Middleton,Telephone,460,0,-460,1,1,Wed,0
id922971,2023-01-25,CheckingAccount,Haynes Lynch and Scott,Tax,6976,0,-6976,1,1,Wed,0
id524231,2023-01-25,CheckingAccount,Driver,Hire,334,0,-334,1,1,Wed,0
id758840,2023-01-25,CreditCard,May Lopez and Perry,Books,6933,0,-6933,1,1,Wed,0
id485782,2023-01-25,CheckingAccount,Lane and Sons,Books,7084,0,-7084,1,1,Wed,0
id435674,2023-01-25,SavingsBank,Owens-Mccann,Investment,1374,0,-1374,1,1,Wed,1
id341415,2023-01-26,Cash,Franco Watson and Pena,House,4434,0,-4434,1,1,Thu,0
id419585,2023-01-26,CheckingAccount,Thornton Blair and Hill,Internet,9332,0,-9332,1,1,Thu,0
id917010,2023-01-26,CheckingAccount,Miller-Andrade,Telephone,8673,0,-8673,1,1,Thu,0
id741656,2023-01-26,Cash,Boyle Willis and Reynolds,Telephone,8526,0,-8526,1,1,Thu,0
id489336,2023-01-26,Cash,Deleon LLC,Books,6906,0,-6906,1,1,Thu,0
id835327,2023-01-27,SavingsBank,Salary,Salary,0,64305,64305,1,1,Fri,0
id888892,2023-01-27,CreditCard,Driver,Hire,3025,0,-3025,1,1,Fri,0
id326589,2023-01-27,SavingsBank,Interest,Interest,0,4868,4868,1,1,Fri,0
id519679,2023-01-28,Cash,Robinson Wagner and Kelly,Investment,2578,0,-2578,1,1,Sat,1
id515447,2023-01-28,CheckingAccount,Garrett Hardy and Carlson,Grocery,1414,0,-1414,1,1,Sat,0
id904346,2023-01-28,SavingsBank,Dividend,Dividend,0,7128,7128,1,1,Sat,0
id672032,2023-01-28,CheckingAccount,Reyes-Knight,Dinner,347,0,-347,1,1,Sat,0
id610582,2023-01-28,SavingsBank,Ruiz-Jensen,Insurance,6331,0,-6331,1,1,Sat,0
id915538,2023-01-28,SavingsBank,Lowery Inc,Investment,4354,0,-4354,1,1,Sat,1
id131250,2023-01-28,SavingsBank,Reed and Sons,Telephone,5299,0,-5299,1,1,Sat,0
id460428,2023-01-28,CheckingAccount,Garrett Salazar and Clayton,Investment,9807,0,-9807,1,1,Sat,1
id154852,2023-01-29,Cash,Martin PLC,House,3591,0,-3591,1,1,Sun,0
id751160,2023-01-29,CheckingAccount,Davis LLC,Insurance,3067,0,-3067,1,1,Sun,0
id251632,2023-01-29,Cash,Tapia Jackson and Branch,Fuel,6296,0,-6296,1,1,Sun,0
id829707,2023-01-29,CreditCard,Brown-Bullock,School,5271,0,-5271,1,1,Sun,0
id412375,2023-01-29,Cash,Casey Munoz and Hall,Dinner,7401,0,-7401,1,1,Sun,0
id522562,2023-01-29,CheckingAccount,Melendez Hoffman and Armstrong,Books,4704,0,-4704,1,1,Sun,0
id778664,2023-01-29,CreditCard,Ortiz LLC,School,2274,0,-2274,1,1,Sun,0
id550503,2023-01-29,CreditCard,Henry Group,Books,4637,0,-4637,1,1,Sun,0
id841974,2023-01-30,SavingsBank,Salary,Salary,0,100875,100875,1,1,Mon,0
id144231,2023-01-30,Cash,Wagner LLC,House,6968,0,-6968,1,1,Mon,0
id172640,2023-01-30,SavingsBank,Interest,Interest,0,9152,9152,1,1,Mon,0
id471847,2023-01-30,Cash,Huff LLC,Dinner,4186,0,-4186,1,1,Mon,0
id614382,2023-01-30,Cash,Valentine Rojas and Miles,Fuel,3558,0,-3558,1,1,Mon,0
id830462,2023-01-30,SavingsBank,Burke Merritt and Taylor,School,9701,0,-9701,1,1,Mon,0
id260869,2023-01-30,CheckingAccount,Fitzgerald Group,Insurance,9870,0,-9870,1,1,Mon,0
id814592,2023-01-30,CheckingAccount,King Lopez and Wilson,Insurance,5086,0,-5086,1,1,Mon,0
id151175,2023-01-30,Cash,Accountant,Hire,5452,0,-5452,1,1,Mon,0
id301114,2023-01-31,CheckingAccount,Cantu Davidson and Soto,Insurance,6653,0,-6653,1,1,Tue,0
id381641,2023-01-31,CreditCard,Patel Martin and Lee,Tax,8635,0,-8635,1,1,Tue,0
id355099,2023-01-31,CheckingAccount,Garrison-Allen,Investment,7339,0,-7339,1,1,Tue,1
id360967,2023-01-31,Cash,Herman-Williams,Dinner,2951,0,-2951,1,1,Tue,0
id889925,2023-01-31,SavingsBank,Salary,Salary,0,30045,30045,1,1,Tue,0
id478523,2023-02-01,CreditCard,Gallagher-Roth,School,9079,0,-9079,1,2,Wed,0
id926766,2023-02-01,CheckingAccount,Clark Erickson and Cross,School,2513,0,-2513,1,2,Wed,0
id765097,2023-02-01,SavingsBank,Larson-Olsen,School,6033,0,-6033,1,2,Wed,0
id154205,2023-02-01,SavingsBank,Williams-Smith,Internet,6384,0,-6384,1,2,Wed,0
id420846,2023-02-01,CreditCard,Cleaning,Hire,689,0,-689,1,2,Wed,0
id810013,2023-02-01,SavingsBank,Dividend,Dividend,0,3385,3385,1,2,Wed,0
id945214,2023-02-02,CreditCard,Hernandez PLC,School,7653,0,-7653,1,2,Thu,0
id114548,2023-02-02,Cash,Alvarado Sims and Higgins,School,9900,0,-9900,1,2,Thu,0
id810527,2023-02-02,CheckingAccount,Perez LLC,Telephone,2508,0,-2508,1,2,Thu,0
id905121,2023-02-02,SavingsBank,Davis-Shaw,Fuel,4384,0,-4384,1,2,Thu,0
id352561,2023-02-02,Cash,Driver,Hire,2178,0,-2178,1,2,Thu,0
id387342,2023-02-03,Cash,French PLC,Fuel,2044,0,-2044,1,2,Fri,0
id423851,2023-02-03,CheckingAccount,Mercado-Horton,Insurance,7687,0,-7687,1,2,Fri,0
id421662,2023-02-03,SavingsBank,Dividend,Dividend,0,2561,2561,1,2,Fri,0
id131681,2023-02-03,SavingsBank,Interest,Interest,0,4926,4926,1,2,Fri,0
id849790,2023-02-03,CreditCard,Silva Ltd,Insurance,8836,0,-8836,1,2,Fri,0
id621570,2023-02-03,SavingsBank,Carter-Alexander,Insurance,8811,0,-8811,1,2,Fri,0
id387979,2023-02-03,SavingsBank,Bell-Hill,Insurance,7002,0,-7002,1,2,Fri,0
id133438,2023-02-03,CreditCard,Campos-Young,Dinner,1821,0,-1821,1,2,Fri,0
id314079,2023-02-04,Cash,Ramsey Inc,Tax,498,0,-498,1,2,Sat,0
id441211,2023-02-04,SavingsBank,Dividend,Dividend,0,9075,9075,1,2,Sat,0
id268748,2023-02-05,SavingsBank,Hill Harris and Rivera,Insurance,2235,0,-2235,1,2,Sun,0
id180104,2023-02-05,CreditCard,Walker Inc,School,2563,0,-2563,1,2,Sun,0
id538178,2023-02-05,CheckingAccount,Cleaning,Hire,488,0,-488,1,2,Sun,0
id448210,2023-02-05,SavingsBank,Jensen LLC,School,1932,0,-1932,1,2,Sun,0
id921027,2023-02-05,Cash,Moore Inc,Fuel,7799,0,-7799,1,2,Sun,0
id808607,2023-02-05,Cash,Murphy Inc,Internet,5784,0,-5784,1,2,Sun,0
id374192,2023-02-06,SavingsBank,Salary,Salary,0,104730,104730,1,2,Mon,0
id471455,2023-02-06,CheckingAccount,Randall-Cherry,Internet,9662,0,-9662,1,2,Mon,0
id809544,2023-02-06,CreditCard,Walker Delacruz and Rodriguez,Tax,8607,0,-8607,1,2,Mon,0
id970498,2023-02-06,CheckingAccount,Francis Group,Grocery,8226,0,-8226,1,2,Mon,0
id384994,2023-02-07,CheckingAccount,Williams Ltd,House,2017,0,-2017,1,2,Tue,0
id578446,2023-02-07,CheckingAccount,Wilson Ltd,School,193,0,-193,1,2,Tue,0
id715267,2023-02-07,SavingsBank,Castro Phillips and Smith,Internet,6420,0,-6420,1,2,Tue,0
id647960,2023-02-07,CheckingAccount,Lin-Lamb,Grocery,544,0,-544,1,2,Tue,0
id724045,2023-02-07,CheckingAccount,Accountant,Hire,4786,0,-4786,1,2,Tue,0
id348576,2023-02-07,CheckingAccount,Brown-Dominguez,School,2547,0,-2547,1,2,Tue,0
id605547,2023-02-07,CreditCard,Garcia Inc,House,4054,0,-4054,1,2,Tue,0
id246996,2023-02-07,CheckingAccount,Tucker-Oconnell,House,1666,0,-1666,1,2,Tue,0
id378812,2023-02-07,CheckingAccount,Turner Rogers and Holden,Internet,9406,0,-9406,1,2,Tue,0
id391987,2023-02-08,CreditCard,Miles Group,Internet,1531,0,-1531,1,2,Wed,0
id817567,2023-02-08,Cash,Taylor-Freeman,Internet,7832,0,-7832,1,2,Wed,0
id461512,2023-02-08,CheckingAccount,Caldwell Chandler and Walker,Tax,3733,0,-3733,1,2,Wed,0
id160799,2023-02-08,CheckingAccount,Hinton Myers and Huffman,Fuel,3718,0,-3718,1,2,Wed,0
id553693,2023-02-08,SavingsBank,Whitaker Graves and Martinez,Telephone,5710,0,-5710,1,2,Wed,0
id950368,2023-02-08,SavingsBank,Accountant,Hire,5720,0,-5720,1,2,Wed,0
id820001,2023-02-08,SavingsBank,Interest,Interest,0,1577,1577,1,2,Wed,0
id401926,2023-02-08,Cash,Henry Gross and Vazquez,Internet,2382,0,-2382,1,2,Wed,0
id330175,2023-02-09,CreditCard,Clay LLC,Internet,8054,0,-8054,1,2,Thu,0
id801200,2023-02-09,CreditCard,Driver,Hire,3983,0,-3983,1,2,Thu,0
id217435,2023-02-09,SavingsBank,Walsh-Washington,School,7467,0,-7467,1,2,Thu,0
id983031,2023-02-09,Cash,Booth-Stevens,Books,644,0,-644,1,2,Thu,0
id764016,2023-02-09,SavingsBank,Ryan-Russell,Telephone,3895,0,-3895,1,2,Thu,0
id979639,2023-02-09,CheckingAccount,Carrillo Mejia and Ramsey,Investment,979,0,-979,1,2,Thu,1
id629908,2023-02-09,SavingsBank,Hall-Hayes,Books,7676,0,-7676,1,2,Thu,0
id686084,2023-02-09,SavingsBank,Accountant,Hire,5986,0,-5986,1,2,Thu,0
id764022,2023-02-09,SavingsBank,Duran Inc,Grocery,299,0,-299,1,2,Thu,0
id628565,2023-02-10,Cash,Woods Gilbert and Nielsen,Investment,2104,0,-2104,1,2,Fri,1
id508967,2023-02-10,CreditCard,Sanchez PLC,Telephone,7128,0,-7128,1,2,Fri,0
id361217,2023-02-10,CreditCard,Wright Martin and Rodriguez,Internet,8244,0,-8244,1,2,Fri,0
id408577,2023-02-10,Cash,Weber Inc,House,6195,0,-6195,1,2,Fri,0
id256100,2023-02-10,CreditCard,Driver,Hire,1707,0,-1707,1,2,Fri,0
id615655,2023-02-10,SavingsBank,Brown Inc,Fuel,7209,0,-7209,1,2,Fri,0
id297335,2023-02-10,CreditCard,Mclaughlin Group,School,1934,0,-1934,1,2,Fri,0
id944159,2023-02-11,CreditCard,Michael Estrada and Swanson,Grocery,4321,0,-4321,1,2,Sat,0
id426982,2023-02-11,Cash,Clark Gardner and Mason,Books,6826,0,-6826,1,2,Sat,0
id976669,2023-02-11,SavingsBank,Salary,Salary,0,125625,125625,1,2,Sat,0
id750286,2023-02-11,SavingsBank,Thompson Ortiz and Lloyd,School,4614,0,-4614,1,2,Sat,0
id919829,2023-02-11,SavingsBank,Hall Ltd,Telephone,6441,0,-6441,1,2,Sat,0
id645625,2023-02-11,Cash,Johnson Thompson and Harvey,Insurance,9846,0,-9846,1,2,Sat,0
id290576,2023-02-11,CreditCard,Glass Ltd,Tax,9508,0,-9508,1,2,Sat,0
id400140,2023-02-11,CheckingAccount,Blanchard Williams and Morris,Telephone,9052,0,-9052,1,2,Sat,0
id172360,2023-02-12,Cash,Accountant,Hire,784,0,-784,1,2,Sun,0
id957706,2023-02-12,CreditCard,Zamora-Young,Tax,824,0,-824,1,2,Sun,0
id780934,2023-02-12,Cash,Evans Skinner and Johnson,Internet,6662,0,-6662,1,2,Sun,0
id351390,2023-02-12,Cash,Wallace Martin and Caldwell,School,9368,0,-9368,1,2,Sun,0
id826388,2023-02-12,SavingsBank,Krause Davis and White,Investment,8478,0,-8478,1,2,Sun,1
id247825,2023-02-12,SavingsBank,Webster LLC,Insurance,7490,0,-7490,1,2,Sun,0
id667960,2023-02-12,SavingsBank,Reyes Kennedy and Clark,Internet,4580,0,-4580,1,2,Sun,0
id668988,2023-02-13,CheckingAccount,Ferguson LLC,Dinner,7333,0,-7333,1,2,Mon,0
id862867,2023-02-13,CheckingAccount,Cab,Hire,1256,0,-1256,1,2,Mon,0
id483455,2023-02-13,CreditCard,Smith-Poole,Insurance,6864,0,-6864,1,2,Mon,0
id877077,2023-02-13,SavingsBank,Salary,Salary,0,2145,2145,1,2,Mon,0
id177411,2023-02-13,Cash,Edwards-Morgan,House,1768,0,-1768,1,2,Mon,0
id992582,2023-02-13,Cash,Washington PLC,House,5384,0,-5384,1,2,Mon,0
id654886,2023-02-13,Cash,Cab,Hire,1321,0,-1321,1,2,Mon,0
id178555,2023-02-14,CheckingAccount,Doyle Bass and Stanley,Fuel,9870,0,-9870,1,2,Tue,0
id882155,2023-02-14,CheckingAccount,Johnson-Miller,Insurance,5208,0,-5208,1,2,Tue,0
id257394,2023-02-15,CreditCard,Edwards LLC,Grocery,1742,0,-1742,1,2,Wed,0
id990422,2023-02-15,CheckingAccount,Morales-Bennett,Tax,159,0,-159,1,2,Wed,0
id890789,2023-02-15,CheckingAccount,Bautista Hester and Rice,Telephone,841,0,-841,1,2,Wed,0
id892905,2023-02-15,CreditCard,Salas-Ruiz,Books,7330,0,-7330,1,2,Wed,0
id124764,2023-02-16,SavingsBank,Salary,Salary,0,73980,73980,1,2,Thu,0
id170230,2023-02-16,CreditCard,Harris Ltd,School,7212,0,-7212,1,2,Thu,0
id912581,2023-02-16,SavingsBank,Mcintosh Arias and Anderson,Telephone,2500,0,-2500,1,2,Thu,0
id652267,2023-02-16,CheckingAccount,Hernandez-Taylor,Internet,5560,0,-5560,1,2,Thu,0
id330404,2023-02-16,CheckingAccount,Woods LLC,Telephone,542,0,-542,1,2,Thu,0
id981329,2023-02-16,SavingsBank,Interest,Interest,0,4620,4620,1,2,Thu,0
id804209,2023-02-16,Cash,Bell Carrillo and Brown,Grocery,2683,0,-2683,1,2,Thu,0
id590573,2023-02-16,CheckingAccount,Ali Howe and Hernandez,Fuel,7358,0,-7358,1,2,Thu,0
id371589,2023-02-16,CheckingAccount,Murray PLC,Fuel,6089,0,-6089,1,2,Thu,0
id179856,2023-02-16,SavingsBank,Beck Ltd,Insurance,1916,0,-1916,1,2,Thu,0
id557469,2023-02-17,Cash,Solis Brown and Klein,Investment,3007,0,-3007,1,2,Fri,1
id355115,2023-02-17,SavingsBank,Interest,Interest,0,6637,6637,1,2,Fri,0
id228207,2023-02-17,Cash,Smith-Santos,House,7936,0,-7936,1,2,Fri,0
id125580,2023-02-18,CreditCard,Blanchard-Hooper,Tax,7840,0,-7840,1,2,Sat,0
id710530,2023-02-18,CheckingAccount,Rodriguez-Gillespie,Fuel,7176,0,-7176,1,2,Sat,0
id626452,2023-02-18,CreditCard,Miller-Baker,Grocery,3305,0,-3305,1,2,Sat,0
id777364,2023-02-18,CreditCard,Hawkins-Stone,Grocery,1833,0,-1833,1,2,Sat,0
id633226,2023-02-18,Cash,Stevenson-Garcia,Books,996,0,-996,1,2,Sat,0
id902084,2023-02-18,SavingsBank,Gibson Group,Tax,9102,0,-9102,1,2,Sat,0
id451434,2023-02-18,CreditCard,Larsen LLC,House,6112,0,-6112,1,2,Sat,0
id860870,2023-02-18,CheckingAccount,Hicks Hernandez and Cox,Tax,9022,0,-9022,1,2,Sat,0
id567372,2023-02-19,SavingsBank,Anderson-Alexander,School,2704,0,-2704,1,2,Sun,0
id928861,2023-02-19,SavingsBank,Interest,Interest,0,8253,8253,1,2,Sun,0
id683574,2023-02-19,CheckingAccount,Harris Group,School,2301,0,-2301,1,2,Sun,0
id515268,2023-02-19,CheckingAccount,Cook-Ross,Grocery,172,0,-172,1,2,Sun,0
id191029,2023-02-19,SavingsBank,Cab,Hire,2505,0,-2505,1,2,Sun,0
id369635,2023-02-19,CheckingAccount,Hall Inc,Telephone,2119,0,-2119,1,2,Sun,0
id882688,2023-02-19,CreditCard,Griffith Henry and Davis,Books,7125,0,-7125,1,2,Sun,0
id810789,2023-02-20,Cash,Lloyd Molina and Lawson,Tax,3544,0,-3544,1,2,Mon,0
id284074,2023-02-20,Cash,Ellison-Duncan,Books,1751,0,-1751,1,2,Mon,0
id642193,2023-02-20,CreditCard,Cleaning,Hire,4265,0,-4265,1,2,Mon,0
id160844,2023-02-20,CheckingAccount,Estes Hill and Griffin,Fuel,3878,0,-3878,1,2,Mon,0
id207288,2023-02-20,CheckingAccount,Weaver-Swanson,Telephone,8491,0,-8491,1,2,Mon,0
id452721,2023-02-20,CreditCard,Robertson Group,Investment,6939,0,-6939,1,2,Mon,1
id166873,2023-02-21,Cash,Cab,Hire,1005,0,-1005,1,2,Tue,0
id605570,2023-02-21,Cash,Fernandez and Sons,Insurance,7584,0,-7584,1,2,Tue,0
id713772,2023-02-21,CheckingAccount,Shaw Mccoy and Johnson,Tax,2809,0,-2809,1,2,Tue,0
id799357,2023-02-21,CreditCard,Fitzpatrick and Sons,Grocery,1361,0,-1361,1,2,Tue,0
id980510,2023-02-21,SavingsBank,Williams-Smith,Internet,4475,0,-4475,1,2,Tue,0
id665235,2023-02-21,CheckingAccount,Williams PLC,Insurance,8588,0,-8588,1,2,Tue,0
id523743,2023-02-21,SavingsBank,Dividend,Dividend,0,6808,6808,1,2,Tue,0
id173565,2023-02-22,Cash,Driver,Hire,9266,0,-9266,1,2,Wed,0
id908128,2023-02-22,CreditCard,Fields PLC,Tax,7180,0,-7180,1,2,Wed,0
id771010,2023-02-22,CheckingAccount,Jones LLC,Tax,395,0,-395,1,2,Wed,0
id185272,2023-02-22,CreditCard,Smith-Fleming,Books,5709,0,-5709,1,2,Wed,0
id757537,2023-02-22,Cash,Knox PLC,Books,7538,0,-7538,1,2,Wed,0
id129620,2023-02-22,CheckingAccount,Sanchez Gonzalez and Holmes,House,4953,0,-4953,1,2,Wed,0
id974087,2023-02-22,CreditCard,Taylor Inc,Books,7599,0,-7599,1,2,Wed,0
id517066,2023-02-22,CheckingAccount,Floyd-Ortiz,Insurance,1650,0,-1650,1,2,Wed,0
id941592,2023-02-23,SavingsBank,Dividend,Dividend,0,1444,1444,1,2,Thu,0
id760356,2023-02-23,CreditCard,Flores and Sons,Tax,8207,0,-8207,1,2,Thu,0
id587667,2023-02-23,SavingsBank,Brown PLC,Internet,1935,0,-1935,1,2,Thu,0
id189759,2023-02-23,CheckingAccount,Rodriguez Inc,Dinner,4722,0,-4722,1,2,Thu,0
id784675,2023-02-23,SavingsBank,Allen-Daniels,Dinner,4545,0,-4545,1,2,Thu,0
id232115,2023-02-23,CreditCard,Leon Inc,School,5976,0,-5976,1,2,Thu,0
id881873,2023-02-24,CreditCard,Sanders-Ross,Internet,5038,0,-5038,1,2,Fri,0
id735031,2023-02-24,CheckingAccount,Robinson Inc,Grocery,7092,0,-7092,1,2,Fri,0
id505205,2023-02-24,Cash,Roach and Sons,Dinner,993,0,-993,1,2,Fri,0
id914579,2023-02-24,SavingsBank,Wilson White and Phillips,Tax,845,0,-845,1,2,Fri,0
id998200,2023-02-24,SavingsBank,Owens Richard and Lewis,Dinner,4488,0,-4488,1,2,Fri,0
id302718,2023-02-24,Cash,Moran Ltd,Telephone,9462,0,-9462,1,2,Fri,0
id154641,2023-02-24,Cash,Hudson Lewis and Garcia,Dinner,3481,0,-3481,1,2,Fri,0
id768512,2023-02-25,CheckingAccount,Garrett-Coleman,Fuel,6345,0,-6345,1,2,Sat,0
id386015,2023-02-25,SavingsBank,Lopez Ramirez and Mcbride,Insurance,477,0,-477,1,2,Sat,0
id361401,2023-02-25,CreditCard,Serrano Ruiz and Johnson,Insurance,3717,0,-3717,1,2,Sat,0
id264871,2023-02-25,Cash,Lang and Sons,Dinner,6279,0,-6279,1,2,Sat,0
id115489,2023-02-25,CreditCard,Paul Atkins and Moore,Insurance,1979,0,-1979,1,2,Sat,0
id680203,2023-02-26,SavingsBank,Hester-Campbell,Tax,1819,0,-1819,1,2,Sun,0
id306975,2023-02-26,SavingsBank,Bowers Inc,School,6569,0,-6569,1,2,Sun,0
id518012,2023-02-26,Cash,Foster Ross and Simpson,Grocery,7158,0,-7158,1,2,Sun,0
id829163,2023-02-26,CreditCard,Lopez Reynolds and Johnson,Tax,4658,0,-4658,1,2,Sun,0
id245190,2023-02-26,SavingsBank,Salary,Salary,0,9015,9015,1,2,Sun,0
id149455,2023-02-26,Cash,Landry LLC,Grocery,9828,0,-9828,1,2,Sun,0
id773644,2023-02-27,Cash,Driver,Hire,2402,0,-2402,1,2,Mon,0
id551831,2023-02-27,Cash,Jones May and Martinez,Insurance,9994,0,-9994,1,2,Mon,0
id174501,2023-02-27,CheckingAccount,Robinson Wright and Romero,Books,8091,0,-8091,1,2,Mon,0
id794824,2023-02-27,Cash,Mcdonald Perez and Dickson,Insurance,7933,0,-7933,1,2,Mon,0
id778497,2023-02-27,CreditCard,Wright Ltd,Investment,2462,0,-2462,1,2,Mon,1
id463795,2023-02-27,CreditCard,Wilson-Hall,Fuel,4143,0,-4143,1,2,Mon,0
id489949,2023-02-27,Cash,Cain-White,Books,1751,0,-1751,1,2,Mon,0
id573573,2023-02-27,CheckingAccount,Jenkins-Kennedy,Tax,9477,0,-9477,1,2,Mon,0
id346395,2023-02-27,SavingsBank,Bryant Lewis and Jackson,Telephone,5124,0,-5124,1,2,Mon,0
id754297,2023-02-27,CheckingAccount,Olson-Moore,Telephone,4934,0,-4934,1,2,Mon,0
id245318,2023-02-27,SavingsBank,Burgess Inc,Fuel,3061,0,-3061,1,2,Mon,0
id473560,2023-02-28,SavingsBank,Cleaning,Hire,2938,0,-2938,1,2,Tue,0
id621448,2023-02-28,Cash,West LLC,House,7161,0,-7161,1,2,Tue,0
id672340,2023-02-28,Cash,Adams PLC,Grocery,9506,0,-9506,1,2,Tue,0
id638260,2023-02-28,SavingsBank,Spencer Grimes and Davis,Fuel,7555,0,-7555,1,2,Tue,0
id443969,2023-02-28,Cash,Wallace-Robertson,Insurance,2021,0,-2021,1,2,Tue,0
id973380,2023-02-28,CheckingAccount,Sherman Marshall and Mercado,Telephone,1903,0,-1903,1,2,Tue,0
id490519,2023-02-28,CreditCard,Figueroa Ross and Peterson,Investment,5474,0,-5474,1,2,Tue,1
id383488,2023-02-28,CreditCard,Dixon Wells and Cook,Grocery,5373,0,-5373,1,2,Tue,0
id545969,2023-02-28,SavingsBank,Cleaning,Hire,2909,0,-2909,1,2,Tue,0
id912441,2023-03-01,CreditCard,Harper and Sons,Books,4126,0,-4126,1,3,Wed,0
id527425,2023-03-01,CheckingAccount,Ford Inc,Telephone,7483,0,-7483,1,3,Wed,0
id557234,2023-03-01,CheckingAccount,Pratt-Hopkins,House,2502,0,-2502,1,3,Wed,0
id600236,2023-03-01,SavingsBank,King Golden and Curry,Internet,7744,0,-7744,1,3,Wed,0
id320396,2023-03-01,CheckingAccount,Carroll-Bauer,Insurance,5146,0,-5146,1,3,Wed,0
id422784,2023-03-01,SavingsBank,Salary,Salary,0,117795,117795,1,3,Wed,0
id332300,2023-03-01,CheckingAccount,Miller-Clarke,Internet,6945,0,-6945,1,3,Wed,0
id141560,2023-03-02,CreditCard,Yang Hernandez and Pineda,Tax,4428,0,-4428,1,3,Thu,0
id256189,2023-03-02,CheckingAccount,Diaz-Ruiz,House,5028,0,-5028,1,3,Thu,0
id990953,2023-03-02,CreditCard,Munoz Lane and Morse,Tax,6849,0,-6849,1,3,Thu,0
id938988,2023-03-02,Cash,Warner Inc,Telephone,2845,0,-2845,1,3,Thu,0
id314922,2023-03-02,CreditCard,Wyatt-Rose,Internet,6462,0,-6462,1,3,Thu,0
id931414,2023-03-02,CreditCard,Day-Mosley,Books,8055,0,-8055,1,3,Thu,0
id679810,2023-03-02,Cash,Warren-Rogers,House,9598,0,-9598,1,3,Thu,0
id384526,2023-03-02,CheckingAccount,Estrada-Hill,Investment,5964,0,-5964,1,3,Thu,1
id189348,2023-03-02,CreditCard,Accountant,Hire,1604,0,-1604,1,3,Thu,0
id260067,2023-03-02,CheckingAccount,Love-Lee,Tax,6673,0,-6673,1,3,Thu,0
id488269,2023-03-03,Cash,Butler Clark and Roman,House,1329,0,-1329,1,3,Fri,0
id605705,2023-03-03,CheckingAccount,Anderson-Carter,Dinner,8041,0,-8041,1,3,Fri,0
id509086,2023-03-03,Cash,Rogers-Hubbard,Telephone,9607,0,-9607,1,3,Fri,0
id842419,2023-03-04,CreditCard,Driver,Hire,9019,0,-9019,1,3,Sat,0
id502254,2023-03-04,Cash,Roman Sanchez and Miranda,Tax,1298,0,-1298,1,3,Sat,0
id811435,2023-03-04,SavingsBank,Martinez Brown and Anderson,Internet,1193,0,-1193,1,3,Sat,0
id576565,2023-03-04,SavingsBank,Salary,Salary,0,61800,61800,1,3,Sat,0
id883093,2023-03-04,CreditCard,Lynch-Barton,Fuel,2278,0,-2278,1,3,Sat,0
id398794,2023-03-04,CheckingAccount,Schultz Love and Knox,Internet,7175,0,-7175,1,3,Sat,0
id216295,2023-03-04,CheckingAccount,Payne Sanders and Bennett,Investment,7407,0,-7407,1,3,Sat,1
id167343,2023-03-04,SavingsBank,Dividend,Dividend,0,6722,6722,1,3,Sat,0
id764148,2023-03-05,CreditCard,Cleaning,Hire,8783,0,-8783,1,3,Sun,0
id355478,2023-03-05,CheckingAccount,Page-Stewart,Grocery,7144,0,-7144,1,3,Sun,0
id456014,2023-03-05,SavingsBank,Dividend,Dividend,0,2587,2587,1,3,Sun,0
id363401,2023-03-05,CreditCard,Mercado Jenkins and Rubio,Investment,3278,0,-3278,1,3,Sun,1
id694404,2023-03-05,Cash,Young Murphy and Woodard,Internet,7778,0,-7778,1,3,Sun,0
id386649,2023-03-06,Cash,Robles-Mccarty,Internet,2312,0,-2312,1,3,Mon,0
id609819,2023-03-06,CreditCard,Barker-White,Tax,8559,0,-8559,1,3,Mon,0
id112768,2023-03-06,Cash,West Group,Internet,9396,0,-9396,1,3,Mon,0
id323719,2023-03-06,CreditCard,Lee Inc,School,8178,0,-8178,1,3,Mon,0
id880204,2023-03-06,CreditCard,Velazquez Gallagher and Torres,Tax,1798,0,-1798,1,3,Mon,0
id465536,2023-03-06,Cash,Hughes-Combs,Telephone,7532,0,-7532,1,3,Mon,0
id835591,2023-03-06,CheckingAccount,Driver,Hire,570,0,-570,1,3,Mon,0
id873217,2023-03-07,Cash,Lopez Ltd,Grocery,3425,0,-3425,1,3,Tue,0
id466493,2023-03-07,CheckingAccount,Page Group,Telephone,982,0,-982,1,3,Tue,0
id773967,2023-03-07,CreditCard,Jones Woods and Reese,Insurance,6072,0,-6072,1,3,Tue,0
id420106,2023-03-07,CreditCard,Gordon Group,Investment,1263,0,-1263,1,3,Tue,1
id113893,2023-03-07,Cash,Parker and Sons,Books,2887,0,-2887,1,3,Tue,0
id580856,2023-03-07,CheckingAccount,Accountant,Hire,7580,0,-7580,1,3,Tue,0
id650936,2023-03-07,SavingsBank,Accountant,Hire,7030,0,-7030,1,3,Tue,0
id588700,2023-03-07,CheckingAccount,Bright Smith and Gomez,Insurance,3136,0,-3136,1,3,Tue,0
id686184,2023-03-08,CheckingAccount,Valencia-Wade,Tax,5088,0,-5088,1,3,Wed,0
id171410,2023-03-08,CreditCard,Cleaning,Hire,6906,0,-6906,1,3,Wed,0
id603731,2023-03-08,Cash,Martinez-Barry,Investment,9224,0,-9224,1,3,Wed,1
id965041,2023-03-08,CheckingAccount,Donovan PLC,Books,5568,0,-5568,1,3,Wed,0
id466877,2023-03-09,CheckingAccount,Snow-Mathews,Books,923,0,-923,1,3,Thu,0
id634670,2023-03-09,CreditCard,Paul LLC,Books,8786,0,-8786,1,3,Thu,0
id481148,2023-03-09,CheckingAccount,Blake Rice and Abbott,Books,4004,0,-4004,1,3,Thu,0
id258706,2023-03-09,CheckingAccount,Taylor PLC,Investment,7166,0,-7166,1,3,Thu,1
id441336,2023-03-09,CheckingAccount,Webb and Sons,Internet,6272,0,-6272,1,3,Thu,0
id396266,2023-03-09,CreditCard,Everett-Johnson,Dinner,5190,0,-5190,1,3,Thu,0
id899472,2023-03-09,SavingsBank,Watkins Grimes and Holden,Books,9108,0,-9108,1,3,Thu,0
id972123,2023-03-09,SavingsBank,Salary,Salary,0,85815,85815,1,3,Thu,0
id709539,2023-03-09,CheckingAccount,Griffin-Hernandez,Fuel,5720,0,-5720,1,3,Thu,0
id136742,2023-03-10,Cash,Thornton Group,Fuel,5330,0,-5330,1,3,Fri,0
id592135,2023-03-10,CreditCard,Cab,Hire,2314,0,-2314,1,3,Fri,0
id581402,2023-03-10,CheckingAccount,Johnson Collins and Burgess,Books,9806,0,-9806,1,3,Fri,0
id124188,2023-03-10,SavingsBank,Harris-Hunt,Tax,9737,0,-9737,1,3,Fri,0
id592016,2023-03-10,CreditCard,Moore Miller and Harmon,Investment,8286,0,-8286,1,3,Fri,1
id612981,2023-03-10,Cash,Lucero-Ball,Fuel,7374,0,-7374,1,3,Fri,0
id125894,2023-03-10,CreditCard,Gomez Thomas and Morgan,School,3995,0,-3995,1,3,Fri,0
id552599,2023-03-10,Cash,Conway-Contreras,Books,5439,0,-5439,1,3,Fri,0
id383653,2023-03-10,CreditCard,Hall PLC,Telephone,1762,0,-1762,1,3,Fri,0
id875989,2023-03-10,CheckingAccount,Pierce Reid and Wilkinson,Tax,4744,0,-4744,1,3,Fri,0
id282503,2023-03-10,Cash,Williams Inc,Internet,5275,0,-5275,1,3,Fri,0
id509858,2023-03-10,Cash,Arroyo Group,Books,8648,0,-8648,1,3,Fri,0
id986334,2023-03-11,CheckingAccount,Ingram Greene and Stanley,Dinner,767,0,-767,1,3,Sat,0
id129752,2023-03-11,CheckingAccount,Parrish Perez and Martinez,Insurance,3952,0,-3952,1,3,Sat,0
id442478,2023-03-11,SavingsBank,Davis Inc,Grocery,8696,0,-8696,1,3,Sat,0
id279264,2023-03-11,CreditCard,Jones Nichols and Williams,Books,5894,0,-5894,1,3,Sat,0
id417998,2023-03-12,SavingsBank,Cleaning,Hire,1149,0,-1149,1,3,Sun,0
id304974,2023-03-12,SavingsBank,Goodwin-Smith,Investment,1320,0,-1320,1,3,Sun,1
id434939,2023-03-12,CreditCard,Brown Boyd and Holmes,Internet,1588,0,-1588,1,3,Sun,0
id343160,2023-03-12,SavingsBank,Lang Bauer and Johnson,Telephone,2064,0,-2064,1,3,Sun,0
id955387,2023-03-12,Cash,Johnson-Berg,Insurance,8551,0,-8551,1,3,Sun,0
id682905,2023-03-12,Cash,Estrada Inc,Fuel,5431,0,-5431,1,3,Sun,0
id851155,2023-03-12,SavingsBank,Wallace-Barker,School,802,0,-802,1,3,Sun,0
id891539,2023-03-12,CreditCard,Berger-Kelley,Investment,2210,0,-2210,1,3,Sun,1
id742670,2023-03-12,CheckingAccount,Reynolds LLC,Dinner,1216,0,-1216,1,3,Sun,0
id761516,2023-03-13,Cash,Carson Rios and Taylor,Books,6721,0,-6721,1,3,Mon,0
id341836,2023-03-13,CheckingAccount,Martin Inc,Books,5959,0,-5959,1,3,Mon,0
id871275,2023-03-13,CreditCard,Mason Inc,Tax,3110,0,-3110,1,3,Mon,0
id174891,2023-03-13,CheckingAccount,Wright Sanchez and Gonzalez,Tax,6364,0,-6364,1,3,Mon,0
id781330,2023-03-13,Cash,Clark Thomas and Hall,Investment,2669,0,-2669,1,3,Mon,1
id158706,2023-03-13,Cash,Rubio Inc,Books,7125,0,-7125,1,3,Mon,0
id298038,2023-03-13,CheckingAccount,Cook-Davis,Books,6363,0,-6363,1,3,Mon,0
id960920,2023-03-13,CheckingAccount,Collins-Newman,School,2465,0,-2465,1,3,Mon,0
id305815,2023-03-13,CreditCard,Alvarez-Ritter,Dinner,9175,0,-9175,1,3,Mon,0
id539646,2023-03-13,CreditCard,Singleton Jensen and Richards,Telephone,3385,0,-3385,1,3,Mon,0
id389498,2023-03-14,CheckingAccount,Johnston-House,Grocery,6568,0,-6568,1,3,Tue,0
id972108,2023-03-14,CheckingAccount,Holmes Torres and Wells,House,4475,0,-4475,1,3,Tue,0
id378251,2023-03-14,CreditCard,Donaldson-Brown,House,2702,0,-2702,1,3,Tue,0
id711717,2023-03-14,CheckingAccount,Miller-Kennedy,House,1143,0,-1143,1,3,Tue,0
id929292,2023-03-14,SavingsBank,Wu and Sons,Investment,4347,0,-4347,1,3,Tue,1
id651905,2023-03-14,CheckingAccount,Eaton-Perkins,Investment,3305,0,-3305,1,3,Tue,1
id807319,2023-03-14,Cash,Taylor LLC,Telephone,5418,0,-5418,1,3,Tue,0
id482346,2023-03-14,SavingsBank,Alexander-Mcdaniel,Investment,2806,0,-2806,1,3,Tue,1
id881553,2023-03-14,Cash,Simmons-Turner,Investment,3972,0,-3972,1,3,Tue,1
id654043,2023-03-15,Cash,Kline-Johnson,Investment,2540,0,-2540,1,3,Wed,1
id697591,2023-03-15,SavingsBank,Kirk-Chen,House,3224,0,-3224,1,3,Wed,0
id324183,2023-03-15,SavingsBank,Dividend,Dividend,0,3686,3686,1,3,Wed,0
id344956,2023-03-15,SavingsBank,Ward Davies and Miller,Fuel,2692,0,-2692,1,3,Wed,0
id739153,2023-03-15,CreditCard,Richardson LLC,Insurance,8659,0,-8659,1,3,Wed,0
id600330,2023-03-15,CheckingAccount,Thompson LLC,Investment,6603,0,-6603,1,3,Wed,1
id918851,2023-03-15,Cash,Martinez Norris and Gonzalez,Dinner,3707,0,-3707,1,3,Wed,0
id358444,2023-03-15,CheckingAccount,Morris Schultz and Stevens,Tax,3728,0,-3728,1,3,Wed,0
id323749,2023-03-16,CreditCard,Barnes Lambert and Graham,Tax,8230,0,-8230,1,3,Thu,0
id818854,2023-03-16,Cash,Wilson-Parks,Dinner,8133,0,-8133,1,3,Thu,0
id781832,2023-03-16,CreditCard,Alvarez LLC,House,9855,0,-9855,1,3,Thu,0
id801457,2023-03-16,SavingsBank,Walker Baker and Atkins,Tax,8448,0,-8448,1,3,Thu,0
id666082,2023-03-16,SavingsBank,Interest,Interest,0,4674,4674,1,3,Thu,0
id892876,2023-03-16,CreditCard,Perez Group,Grocery,7860,0,-7860,1,3,Thu,0
id931353,2023-03-16,CreditCard,Hill Myers and Patel,Books,3335,0,-3335,1,3,Thu,0
id238072,2023-03-16,CheckingAccount,Ward and Sons,School,7696,0,-7696,1,3,Thu,0
id242311,2023-03-17,CreditCard,Chen Parsons and Benjamin,School,1756,0,-1756,1,3,Fri,0
id494775,2023-03-17,CheckingAccount,Hartman Gordon and Nichols,Dinner,2723,0,-2723,1,3,Fri,0
id757255,2023-03-17,SavingsBank,Dividend,Dividend,0,9958,9958,1,3,Fri,0
id525781,2023-03-17,SavingsBank,Salary,Salary,0,106860,106860,1,3,Fri,0
id122170,2023-03-18,Cash,Nolan Inc,Telephone,721,0,-721,1,3,Sat,0
id986743,2023-03-18,SavingsBank,Thompson PLC,Telephone,4191,0,-4191,1,3,Sat,0
id138040,2023-03-18,SavingsBank,Martinez PLC,House,3404,0,-3404,1,3,Sat,0
id821137,2023-03-18,SavingsBank,Rhodes Cabrera and Reed,School,2618,0,-2618,1,3,Sat,0
id426923,2023-03-18,SavingsBank,Conway-Jackson,Telephone,6065,0,-6065,1,3,Sat,0
id378021,2023-03-18,CreditCard,Thompson-Austin,House,855,0,-855,1,3,Sat,0
id366548,2023-03-18,Cash,Long Sanders and Thornton,Books,4119,0,-4119,1,3,Sat,0
id682100,2023-03-19,CreditCard,Mclean-Higgins,Investment,2311,0,-2311,1,3,Sun,1
id986788,2023-03-19,SavingsBank,Dividend,Dividend,0,9017,9017,1,3,Sun,0
id843785,2023-03-19,CreditCard,Newman-Carney,Telephone,8069,0,-8069,1,3,Sun,0
id784391,2023-03-19,Cash,Mack Robinson and Foster,Telephone,4640,0,-4640,1,3,Sun,0
id650020,2023-03-19,Cash,Martin Thompson and Freeman,School,3244,0,-3244,1,3,Sun,0
id863149,2023-03-19,Cash,Wright-West,Investment,8936,0,-8936,1,3,Sun,1
id129866,2023-03-19,Cash,Campbell Farmer and King,Internet,5400,0,-5400,1,3,Sun,0
id658777,2023-03-20,CheckingAccount,Collins Martin and Curtis,Internet,5528,0,-5528,1,3,Mon,0
id569977,2023-03-20,CheckingAccount,Lawrence Cook and Howe,Insurance,9166,0,-9166,1,3,Mon,0
id487523,2023-03-20,CheckingAccount,Wilson-Perez,Insurance,3047,0,-3047,1,3,Mon,0
id912317,2023-03-20,CreditCard,Ray Group,Dinner,1918,0,-1918,1,3,Mon,0
id856474,2023-03-20,Cash,Fernandez Sharp and Mcknight,Insurance,6016,0,-6016,1,3,Mon,0
id781473,2023-03-20,CreditCard,Stone-Mason,House,2408,0,-2408,1,3,Mon,0
id157573,2023-03-20,Cash,Whitaker Inc,Investment,3173,0,-3173,1,3,Mon,1
id912899,2023-03-20,CreditCard,Cleaning,Hire,9202,0,-9202,1,3,Mon,0
id817536,2023-03-20,CheckingAccount,Young Clark and Harris,Tax,5633,0,-5633,1,3,Mon,0
id697678,2023-03-21,CreditCard,Gardner-Huffman,Dinner,1387,0,-1387,1,3,Tue,0
id573786,2023-03-21,SavingsBank,Wallace Ltd,House,8968,0,-8968,1,3,Tue,0
id246814,2023-03-21,Cash,Rivera Inc,Insurance,9922,0,-9922,1,3,Tue,0
id661411,2023-03-21,CheckingAccount,Cervantes Ellison and Schneider,House,3922,0,-3922,1,3,Tue,0
id903201,2023-03-22,SavingsBank,Dividend,Dividend,0,6175,6175,1,3,Wed,0
id782424,2023-03-22,CreditCard,Morales-Wallace,Fuel,7451,0,-7451,1,3,Wed,0
id848419,2023-03-22,Cash,Baxter Perry and Larsen,Internet,1288,0,-1288,1,3,Wed,0
id660992,2023-03-23,CheckingAccount,Miranda and Sons,Telephone,4453,0,-4453,1,3,Thu,0
id735887,2023-03-23,CheckingAccount,Nelson Thornton and Brown,Internet,2826,0,-2826,1,3,Thu,0
id783276,2023-03-23,CreditCard,Meyer Oliver and Burke,Telephone,3063,0,-3063,1,3,Thu,0
id617002,2023-03-23,SavingsBank,Dividend,Dividend,0,7618,7618,1,3,Thu,0
id241368,2023-03-23,CreditCard,Richards Group,Books,2661,0,-2661,1,3,Thu,0
id660610,2023-03-23,CreditCard,Price Group,Telephone,7479,0,-7479,1,3,Thu,0
id259149,2023-03-24,Cash,Cab,Hire,1641,0,-1641,1,3,Fri,0
id677358,2023-03-24,CheckingAccount,Watson-Page,Tax,3732,0,-3732,1,3,Fri,0
id337217,2023-03-24,CheckingAccount,Nguyen-Andrews,School,8821,0,-8821,1,3,Fri,0
id408377,2023-03-24,Cash,Perez Williams and Wheeler,Investment,2120,0,-2120,1,3,Fri,1
id717243,2023-03-24,Cash,Henderson and Sons,Internet,8439,0,-8439,1,3,Fri,0
id654156,2023-03-24,CheckingAccount,Fuller Gordon and Trujillo,House,8286,0,-8286,1,3,Fri,0
id659026,2023-03-24,CheckingAccount,Stevens Flores and Duran,Internet,1176,0,-1176,1,3,Fri,0
id940115,2023-03-25,CheckingAccount,Cab,Hire,3937,0,-3937,1,3,Sat,0
id769073,2023-03-25,SavingsBank,Gomez Carter and Caldwell,House,8572,0,-8572,1,3,Sat,0
id350095,2023-03-25,SavingsBank,Haley LLC,Dinner,5488,0,-5488,1,3,Sat,0
id435746,2023-03-25,Cash,Reed-Johnson,House,4141,0,-4141,1,3,Sat,0
id447430,2023-03-25,Cash,Nelson White and Jenkins,Tax,4750,0,-4750,1,3,Sat,0
id494702,2023-03-25,Cash,Anderson-Mcclain,House,9877,0,-9877,1,3,Sat,0
id968482,2023-03-25,SavingsBank,Taylor-Hunt,Books,915,0,-915,1,3,Sat,0
id790405,2023-03-25,CreditCard,Cooke Bell and Boone,Fuel,5381,0,-5381,1,3,Sat,0
id869504,2023-03-25,CreditCard,Everett Inc,House,7047,0,-7047,1,3,Sat,0
id576819,2023-03-25,Cash,Taylor-Peterson,Telephone,505,0,-505,1,3,Sat,0
id460087,2023-03-26,SavingsBank,Perez Garcia and Davis,Telephone,2945,0,-2945,1,3,Sun,0
id656993,2023-03-26,Cash,Jenkins-Gonzalez,Grocery,120,0,-120,1,3,Sun,0
id856131,2023-03-26,SavingsBank,Mann-Mcclure,School,4081,0,-4081,1,3,Sun,0
id584812,2023-03-26,Cash,Garcia Jones and Decker,Insurance,4958,0,-4958,1,3,Sun,0
id277179,2023-03-26,SavingsBank,Obrien-Barton,Grocery,1716,0,-1716,1,3,Sun,0
id487713,2023-03-27,CreditCard,Allen Harris and Richardson,Dinner,4984,0,-4984,1,3,Mon,0
id668007,2023-03-27,CreditCard,Wilkerson Ltd,Insurance,2010,0,-2010,1,3,Mon,0
id641511,2023-03-27,SavingsBank,Cook LLC,Fuel,8049,0,-8049,1,3,Mon,0
id520256,2023-03-27,SavingsBank,Ray Spencer and Townsend,Investment,4187,0,-4187,1,3,Mon,1
id426124,2023-03-27,SavingsBank,Maddox Gonzalez and Miller,Tax,6636,0,-6636,1,3,Mon,0
id910213,2023-03-27,CreditCard,Yu PLC,Grocery,4473,0,-4473,1,3,Mon,0
id749785,2023-03-27,CheckingAccount,Humphrey Davis and Williams,Grocery,7361,0,-7361,1,3,Mon,0
id530430,2023-03-27,Cash,Henderson and Sons,Dinner,3811,0,-3811,1,3,Mon,0
id677556,2023-03-27,Cash,Miller Group,Telephone,2392,0,-2392,1,3,Mon,0
id770784,2023-03-28,CreditCard,Williamson Martin and Rios,Dinner,5039,0,-5039,1,3,Tue,0
id973075,2023-03-28,SavingsBank,Dividend,Dividend,0,9680,9680,1,3,Tue,0
id806030,2023-03-28,SavingsBank,Cleaning,Hire,4587,0,-4587,1,3,Tue,0
id152752,2023-03-29,CreditCard,Hernandez-Clark,Grocery,1149,0,-1149,1,3,Wed,0
id279697,2023-03-29,CheckingAccount,Clarke-Johnson,Books,7121,0,-7121,1,3,Wed,0
id868977,2023-03-29,SavingsBank,Garcia Miller and Dorsey,Tax,3976,0,-3976,1,3,Wed,0
id625212,2023-03-29,CreditCard,Goodwin and Sons,House,7981,0,-7981,1,3,Wed,0
id180192,2023-03-29,CreditCard,Martinez-Tran,School,6673,0,-6673,1,3,Wed,0
id294050,2023-03-29,CheckingAccount,Mcdonald-Vasquez,School,3803,0,-3803,1,3,Wed,0
id796748,2023-03-29,Cash,Flowers-Anderson,Grocery,3960,0,-3960,1,3,Wed,0
id822374,2023-03-29,CreditCard,Abbott Navarro and Rowe,Fuel,7112,0,-7112,1,3,Wed,0
id555142,2023-03-29,SavingsBank,Interest,Interest,0,8911,8911,1,3,Wed,0
id126385,2023-03-30,CheckingAccount,Bailey-Mercado,Dinner,1870,0,-1870,1,3,Thu,0
id598483,2023-03-30,Cash,Rivas Kelley and Christian,School,383,0,-383,1,3,Thu,0
id971678,2023-03-30,Cash,Jones Waters and Wilson,Grocery,6903,0,-6903,1,3,Thu,0
id695826,2023-03-30,SavingsBank,Johnson-Cox,Investment,9552,0,-9552,1,3,Thu,1
id916888,2023-03-30,CheckingAccount,Peters-Morales,Books,4982,0,-4982,1,3,Thu,0
id428270,2023-03-30,SavingsBank,Salary,Salary,0,29025,29025,1,3,Thu,0
id524601,2023-03-30,SavingsBank,Cannon-Snyder,Grocery,2001,0,-2001,1,3,Thu,0
id692000,2023-03-30,CreditCard,Rivera Ltd,Investment,4671,0,-4671,1,3,Thu,1
id202736,2023-03-30,Cash,Parker Ltd,Books,9581,0,-9581,1,3,Thu,0
id162318,2023-03-30,CheckingAccount,Palmer Miranda and Hernandez,Insurance,3212,0,-3212,1,3,Thu,0
id249657,2023-03-31,CreditCard,Saunders Costa and Young,Internet,5275,0,-5275,1,3,Fri,0
id480582,2023-03-31,CreditCard,Snyder-Gallagher,Investment,4715,0,-4715,1,3,Fri,1
id439945,2023-03-31,CreditCard,Austin Ltd,Internet,3384,0,-3384,1,3,Fri,0
id853718,2023-03-31,SavingsBank,Interest,Interest,0,661,661,1,3,Fri,0
id746984,2023-03-31,Cash,Murray-Williams,Investment,9351,0,-9351,1,3,Fri,1
id435438,2023-03-31,CreditCard,Morris Lamb and Todd,Investment,3071,0,-3071,1,3,Fri,1
id188566,2023-03-31,Cash,Robinson-Choi,Fuel,1237,0,-1237,1,3,Fri,0
id320935,2023-03-31,CheckingAccount,Hamilton Ltd,Insurance,1949,0,-1949,1,3,Fri,0
id885356,2023-04-01,Cash,Smith-Parks,Internet,5528,0,-5528,2,4,Sat,0
id327138,2023-04-01,Cash,Ho PLC,Investment,4827,0,-4827,2,4,Sat,1
id337704,2023-04-01,SavingsBank,Dividend,Dividend,0,5887,5887,2,4,Sat,0
id987494,2023-04-01,CreditCard,Wagner-Cunningham,Fuel,4179,0,-4179,2,4,Sat,0
id559967,2023-04-01,SavingsBank,Lane Group,House,6521,0,-6521,2,4,Sat,0
id224462,2023-04-02,SavingsBank,Interest,Interest,0,1167,1167,2,4,Sun,0
id760404,2023-04-02,CheckingAccount,Stephens Perry and Trevino,Investment,1255,0,-1255,2,4,Sun,1
id197537,2023-04-02,CreditCard,Peters Rodriguez and Deleon,Grocery,3817,0,-3817,2,4,Sun,0
id486054,2023-04-02,CreditCard,Clark Inc,Books,6098,0,-6098,2,4,Sun,0
id456018,2023-04-02,SavingsBank,Bell Group,School,5438,0,-5438,2,4,Sun,0
id973232,2023-04-02,CheckingAccount,Carr Jones and Ferrell,Investment,3943,0,-3943,2,4,Sun,1
id757254,2023-04-02,CreditCard,Kramer-Thomas,Tax,8720,0,-8720,2,4,Sun,0
id232962,2023-04-02,SavingsBank,Holt Ltd,Internet,8879,0,-8879,2,4,Sun,0
id548112,2023-04-03,CreditCard,Estrada-Nelson,Investment,4008,0,-4008,2,4,Mon,1
id180324,2023-04-03,CheckingAccount,Garcia Reed and Patton,Telephone,3852,0,-3852,2,4,Mon,0
id726884,2023-04-03,Cash,Warren-Fischer,House,758,0,-758,2,4,Mon,0
id709328,2023-04-03,Cash,Butler Gibbs and Jones,House,9946,0,-9946,2,4,Mon,0
id843904,2023-04-03,SavingsBank,Bruce-Allen,School,5547,0,-5547,2,4,Mon,0
id303051,2023-04-03,CheckingAccount,Ruiz-Roy,Dinner,6525,0,-6525,2,4,Mon,0
id235801,2023-04-03,Cash,Perkins Ltd,Tax,1531,0,-1531,2,4,Mon,0
id601784,2023-04-03,Cash,James PLC,Investment,7597,0,-7597,2,4,Mon,1
id640512,2023-04-03,Cash,Accountant,Hire,1868,0,-1868,2,4,Mon,0
id172714,2023-04-03,Cash,Wilson Turner and Lynch,Investment,1390,0,-1390,2,4,Mon,1
id196455,2023-04-04,Cash,Lee-Nguyen,Tax,3132,0,-3132,2,4,Tue,0
id723734,2023-04-04,SavingsBank,Interest,Interest,0,4827,4827,2,4,Tue,0
id262866,2023-04-04,SavingsBank,Salary,Salary,0,111540,111540,2,4,Tue,0
id858252,2023-04-04,CheckingAccount,Sheppard Foley and Collier,Fuel,4931,0,-4931,2,4,Tue,0
id773927,2023-04-05,SavingsBank,Interest,Interest,0,7183,7183,2,4,Wed,0
id349725,2023-04-05,Cash,Cleaning,Hire,4743,0,-4743,2,4,Wed,0
id272161,2023-04-05,CheckingAccount,Davis PLC,School,300,0,-300,2,4,Wed,0
id986573,2023-04-05,CreditCard,Cab,Hire,2671,0,-2671,2,4,Wed,0
id183459,2023-04-05,CheckingAccount,Rodriguez Lopez and Brown,Tax,7202,0,-7202,2,4,Wed,0
id821695,2023-04-05,Cash,Miller Wang and Jones,House,7833,0,-7833,2,4,Wed,0
id711838,2023-04-05,CheckingAccount,Evans Group,Insurance,5416,0,-5416,2,4,Wed,0
id533283,2023-04-05,CreditCard,Owens-Mccarthy,Tax,9665,0,-9665,2,4,Wed,0
id447406,2023-04-05,CheckingAccount,Bryan Joyce and Brown,School,8330,0,-8330,2,4,Wed,0
id651485,2023-04-05,CreditCard,Roman West and Hughes,House,6417,0,-6417,2,4,Wed,0
id604361,2023-04-05,SavingsBank,Interest,Interest,0,1942,1942,2,4,Wed,0
id834183,2023-04-05,SavingsBank,Tate-Cabrera,Investment,7293,0,-7293,2,4,Wed,1
id168742,2023-04-06,Cash,Phelps Inc,Telephone,9846,0,-9846,2,4,Thu,0
id132895,2023-04-06,CheckingAccount,Romero-Nguyen,Insurance,4329,0,-4329,2,4,Thu,0
id960060,2023-04-06,CheckingAccount,Wilson LLC,Dinner,8567,0,-8567,2,4,Thu,0
id418950,2023-04-06,SavingsBank,Orozco-Hall,Fuel,1508,0,-1508,2,4,Thu,0
id272112,2023-04-06,Cash,Hunter Hill and West,Telephone,2190,0,-2190,2,4,Thu,0
id699278,2023-04-07,SavingsBank,Salary,Salary,0,147585,147585,2,4,Fri,0
id796121,2023-04-07,CreditCard,Green Group,Books,3976,0,-3976,2,4,Fri,0
id376811,2023-04-07,CreditCard,Cleaning,Hire,8828,0,-8828,2,4,Fri,0
id512901,2023-04-07,CheckingAccount,Jackson Lee and Keith,School,6871,0,-6871,2,4,Fri,0
id911050,2023-04-07,Cash,Marsh Ford and Thompson,School,3361,0,-3361,2,4,Fri,0
id950887,2023-04-07,CreditCard,Jackson Stevenson and Sparks,Tax,8285,0,-8285,2,4,Fri,0
id565869,2023-04-07,Cash,Davis Monroe and Lara,House,2492,0,-2492,2,4,Fri,0
id507028,2023-04-07,CreditCard,Huff-Myers,Books,7255,0,-7255,2,4,Fri,0
id605900,2023-04-08,SavingsBank,Wright LLC,House,440,0,-440,2,4,Sat,0
id591539,2023-04-08,SavingsBank,Dividend,Dividend,0,7131,7131,2,4,Sat,0
id132473,2023-04-08,CreditCard,Steele Ltd,House,7878,0,-7878,2,4,Sat,0
id196755,2023-04-08,Cash,Pierce Inc,Fuel,5603,0,-5603,2,4,Sat,0
id957085,2023-04-08,CheckingAccount,Hernandez-Park,School,9031,0,-9031,2,4,Sat,0
id642751,2023-04-08,CheckingAccount,Hall-Montgomery,House,4231,0,-4231,2,4,Sat,0
id661531,2023-04-08,CreditCard,Cleaning,Hire,5911,0,-5911,2,4,Sat,0
id927054,2023-04-09,Cash,Cleaning,Hire,7287,0,-7287,2,4,Sun,0
id418910,2023-04-09,CreditCard,Stout Hogan and Duncan,Tax,6779,0,-6779,2,4,Sun,0
id711408,2023-04-09,SavingsBank,Evans-Houston,House,5248,0,-5248,2,4,Sun,0
id315452,2023-04-09,Cash,Kennedy-Whitehead,Telephone,673,0,-673,2,4,Sun,0
id333217,2023-04-09,CreditCard,Morrison PLC,Fuel,4252,0,-4252,2,4,Sun,0
id833338,2023-04-09,CreditCard,Cline Martinez and Harris,Insurance,9820,0,-9820,2,4,Sun,0
id854435,2023-04-09,CheckingAccount,Cleaning,Hire,9111,0,-9111,2,4,Sun,0
id366217,2023-04-09,CheckingAccount,Rivera Velazquez and Rogers,Telephone,4599,0,-4599,2,4,Sun,0
id786359,2023-04-10,CheckingAccount,Ross PLC,Tax,3548,0,-3548,2,4,Mon,0
id953568,2023-04-10,Cash,Lewis Tran and Lopez,House,7812,0,-7812,2,4,Mon,0
id383872,2023-04-10,CreditCard,Robinson Inc,Fuel,6144,0,-6144,2,4,Mon,0
id728674,2023-04-10,CheckingAccount,Thompson-Snyder,Grocery,3658,0,-3658,2,4,Mon,0
id692933,2023-04-10,SavingsBank,Dividend,Dividend,0,6064,6064,2,4,Mon,0
id683393,2023-04-10,CheckingAccount,Villa-Murphy,Internet,7636,0,-7636,2,4,Mon,0
id681993,2023-04-10,Cash,Parsons PLC,Fuel,3829,0,-3829,2,4,Mon,0
id118511,2023-04-11,Cash,Orr Ltd,Dinner,2072,0,-2072,2,4,Tue,0
id418507,2023-04-11,Cash,Martin-Ward,School,648,0,-648,2,4,Tue,0
id274577,2023-04-11,CheckingAccount,Hernandez-Jones,Telephone,7496,0,-7496,2,4,Tue,0
id174087,2023-04-11,CheckingAccount,Reyes LLC,School,9684,0,-9684,2,4,Tue,0
id918071,2023-04-11,CreditCard,Garza Torres and Hampton,Insurance,8741,0,-8741,2,4,Tue,0
id562345,2023-04-11,CheckingAccount,Rodriguez and Sons,Tax,3237,0,-3237,2,4,Tue,0
id628109,2023-04-11,Cash,Howe-Beasley,Fuel,2166,0,-2166,2,4,Tue,0
id425603,2023-04-11,SavingsBank,Interest,Interest,0,8495,8495,2,4,Tue,0
id114771,2023-04-12,CreditCard,Frank-Graves,Dinner,8194,0,-8194,2,4,Wed,0
id146357,2023-04-12,SavingsBank,Espinoza Henderson and Dean,School,1618,0,-1618,2,4,Wed,0
id919027,2023-04-12,SavingsBank,Mcguire Soto and Dougherty,Investment,6013,0,-6013,2,4,Wed,1
id457706,2023-04-12,CheckingAccount,Chan Inc,School,5844,0,-5844,2,4,Wed,0
id846740,2023-04-13,CreditCard,Zavala Group,Fuel,2603,0,-2603,2,4,Thu,0
id448998,2023-04-13,SavingsBank,Driver,Hire,5983,0,-5983,2,4,Thu,0
id236849,2023-04-13,SavingsBank,Jones Group,Investment,9550,0,-9550,2,4,Thu,1
id582898,2023-04-13,CreditCard,Johnson Robinson and Green,Dinner,2409,0,-2409,2,4,Thu,0
id646296,2023-04-13,Cash,West Welch and Wise,School,2141,0,-2141,2,4,Thu,0
id808423,2023-04-13,SavingsBank,Interest,Interest,0,7798,7798,2,4,Thu,0
id325058,2023-04-13,SavingsBank,Strong and Sons,School,2976,0,-2976,2,4,Thu,0
id257709,2023-04-14,Cash,Hatfield-Kelley,Internet,4226,0,-4226,2,4,Fri,0
id314801,2023-04-14,Cash,Macdonald Moses and Foster,Books,6498,0,-6498,2,4,Fri,0
id238106,2023-04-14,CheckingAccount,Brown-Simmons,Telephone,8341,0,-8341,2,4,Fri,0
id772728,2023-04-14,Cash,Cab,Hire,9208,0,-9208,2,4,Fri,0
id827043,2023-04-14,CheckingAccount,Smith Inc,Grocery,8924,0,-8924,2,4,Fri,0
id598681,2023-04-14,CreditCard,Wise Adams and Pacheco,School,9272,0,-9272,2,4,Fri,0
id875198,2023-04-15,Cash,Oneal Inc,Telephone,5770,0,-5770,2,4,Sat,0
id538158,2023-04-15,SavingsBank,Myers Snyder and Hampton,Insurance,1019,0,-1019,2,4,Sat,0
id114398,2023-04-15,CreditCard,Hunt Inc,Insurance,2364,0,-2364,2,4,Sat,0
id483373,2023-04-15,CreditCard,Adams-Ramsey,Dinner,9411,0,-9411,2,4,Sat,0
id867042,2023-04-15,CreditCard,Hernandez Nguyen and Silva,Telephone,769,0,-769,2,4,Sat,0
id642218,2023-04-15,CheckingAccount,Mccoy-Santos,School,1182,0,-1182,2,4,Sat,0
id729115,2023-04-15,CreditCard,Walker Powell and Hernandez,Insurance,7482,0,-7482,2,4,Sat,0
id476999,2023-04-15,SavingsBank,Sparks Morgan and Hill,Books,8785,0,-8785,2,4,Sat,0
id162195,2023-04-16,CheckingAccount,Bond and Sons,Tax,801,0,-801,2,4,Sun,0
id998176,2023-04-16,SavingsBank,Interest,Interest,0,2579,2579,2,4,Sun,0
id731689,2023-04-16,SavingsBank,Hinton Ltd,Investment,5177,0,-5177,2,4,Sun,1
id853263,2023-04-16,Cash,Thomas Inc,Books,9900,0,-9900,2,4,Sun,0
id502878,2023-04-16,Cash,Johnson LLC,Insurance,5674,0,-5674,2,4,Sun,0
id782580,2023-04-16,CheckingAccount,Simpson-Wallace,Books,2202,0,-2202,2,4,Sun,0
id311734,2023-04-16,Cash,Mckay Simmons and Miller,Insurance,689,0,-689,2,4,Sun,0
id599081,2023-04-16,SavingsBank,Dividend,Dividend,0,2289,2289,2,4,Sun,0
id522368,2023-04-16,Cash,Hall-Combs,Telephone,2665,0,-2665,2,4,Sun,0
id411298,2023-04-16,CheckingAccount,Kim-Austin,Grocery,6819,0,-6819,2,4,Sun,0
id480880,2023-04-17,SavingsBank,Dividend,Dividend,0,6941,6941,2,4,Mon,0
id912461,2023-04-17,SavingsBank,Davis-Diaz,Investment,6555,0,-6555,2,4,Mon,1
id112626,2023-04-17,CreditCard,Hull-Smith,Fuel,9359,0,-9359,2,4,Mon,0
id372480,2023-04-17,SavingsBank,Cunningham-Gonzales,School,3217,0,-3217,2,4,Mon,0
id497731,2023-04-17,CreditCard,Cab,Hire,3609,0,-3609,2,4,Mon,0
id477239,2023-04-17,SavingsBank,Lozano Group,Insurance,768,0,-768,2,4,Mon,0
id774107,2023-04-17,CheckingAccount,Ponce Potter and Porter,Tax,4468,0,-4468,2,4,Mon,0
id483799,2023-04-18,CreditCard,Driver,Hire,6168,0,-6168,2,4,Tue,0
id824754,2023-04-18,SavingsBank,Ewing LLC,Books,2165,0,-2165,2,4,Tue,0
id173165,2023-04-18,CheckingAccount,Moore-Parker,Tax,4029,0,-4029,2,4,Tue,0
id635270,2023-04-19,SavingsBank,Salary,Salary,0,149460,149460,2,4,Wed,0
id295736,2023-04-19,SavingsBank,Salary,Salary,0,64380,64380,2,4,Wed,0
id931463,2023-04-19,CreditCard,Nguyen Group,Tax,3559,0,-3559,2,4,Wed,0
id303436,2023-04-19,CheckingAccount,Lester-Mcdonald,Tax,386,0,-386,2,4,Wed,0
id786759,2023-04-19,CheckingAccount,Mays-Wells,Grocery,2644,0,-2644,2,4,Wed,0
id969307,2023-04-19,SavingsBank,Cleaning,Hire,9531,0,-9531,2,4,Wed,0
id633389,2023-04-19,CreditCard,Juarez Davis and Decker,House,9897,0,-9897,2,4,Wed,0
id717940,2023-04-19,Cash,Cooper Wilson and Cross,Internet,9956,0,-9956,2,4,Wed,0
id703026,2023-04-20,SavingsBank,Smith-Taylor,Investment,7860,0,-7860,2,4,Thu,1
id444974,2023-04-20,SavingsBank,Dividend,Dividend,0,2639,2639,2,4,Thu,0
id875067,2023-04-20,CreditCard,Ortega-Ballard,Dinner,3896,0,-3896,2,4,Thu,0
id547420,2023-04-20,Cash,Accountant,Hire,7434,0,-7434,2,4,Thu,0
id972610,2023-04-20,Cash,Blair-Mclean,Tax,6694,0,-6694,2,4,Thu,0
id540372,2023-04-21,CreditCard,Dunlap Ltd,Dinner,1351,0,-1351,2,4,Fri,0
id921228,2023-04-21,CheckingAccount,Brandt Garcia and Marshall,Grocery,3939,0,-3939,2,4,Fri,0
id900210,2023-04-21,Cash,Vega and Sons,Insurance,9390,0,-9390,2,4,Fri,0
id867036,2023-04-21,CreditCard,Alexander Lewis and Hull,Grocery,1492,0,-1492,2,4,Fri,0
id746624,2023-04-21,Cash,Lewis and Sons,Tax,2881,0,-2881,2,4,Fri,0
id926011,2023-04-21,SavingsBank,Interest,Interest,0,4817,4817,2,4,Fri,0
id128283,2023-04-21,CreditCard,Solomon-Weber,Internet,865,0,-865,2,4,Fri,0
id167899,2023-04-22,CheckingAccount,Shepard Callahan and Bullock,House,1574,0,-1574,2,4,Sat,0
id136387,2023-04-22,CheckingAccount,Lewis and Sons,Internet,3997,0,-3997,2,4,Sat,0
id954742,2023-04-22,CreditCard,Peterson Group,House,7443,0,-7443,2,4,Sat,0
id860833,2023-04-22,CheckingAccount,Nunez-Long,School,2688,0,-2688,2,4,Sat,0
id125115,2023-04-22,Cash,Johnson Thomas and Johnson,Investment,3190,0,-3190,2,4,Sat,1
id960899,2023-04-22,CreditCard,Wilson Cobb and Barajas,Insurance,2797,0,-2797,2,4,Sat,0
id894938,2023-04-22,CheckingAccount,Smith Nelson and Wyatt,Investment,4453,0,-4453,2,4,Sat,1
id127628,2023-04-22,SavingsBank,Mckenzie-Tran,Grocery,2762,0,-2762,2,4,Sat,0
id398120,2023-04-22,CheckingAccount,Lester-Hernandez,Fuel,779,0,-779,2,4,Sat,0
id739103,2023-04-22,SavingsBank,Dividend,Dividend,0,4793,4793,2,4,Sat,0
id384665,2023-04-23,Cash,Hill-Avery,School,2092,0,-2092,2,4,Sun,0
id778423,2023-04-23,CreditCard,Dixon-Williams,Tax,1241,0,-1241,2,4,Sun,0
id642377,2023-04-23,Cash,Macias LLC,Insurance,3367,0,-3367,2,4,Sun,0
id635671,2023-04-23,CheckingAccount,Ellis PLC,Internet,3924,0,-3924,2,4,Sun,0
id768453,2023-04-23,CreditCard,Hernandez-Cole,Investment,7242,0,-7242,2,4,Sun,1
id782851,2023-04-23,SavingsBank,Rich Berry and Clements,Investment,9726,0,-9726,2,4,Sun,1
id856962,2023-04-23,SavingsBank,Interest,Interest,0,7838,7838,2,4,Sun,0
id864127,2023-04-23,SavingsBank,Interest,Interest,0,6595,6595,2,4,Sun,0
id831636,2023-04-24,CheckingAccount,Mullins PLC,Grocery,2522,0,-2522,2,4,Mon,0
id280485,2023-04-24,SavingsBank,Dividend,Dividend,0,302,302,2,4,Mon,0
id243082,2023-04-24,Cash,Long and Sons,Investment,5520,0,-5520,2,4,Mon,1
id293605,2023-04-24,Cash,Evans LLC,Investment,2999,0,-2999,2,4,Mon,1
id396122,2023-04-25,CreditCard,Chapman Murphy and Davis,Investment,553,0,-553,2,4,Tue,1
id941254,2023-04-25,Cash,Church LLC,School,2252,0,-2252,2,4,Tue,0
id340568,2023-04-25,CreditCard,Thomas PLC,Fuel,9336,0,-9336,2,4,Tue,0
id484275,2023-04-25,CheckingAccount,Evans Brown and Green,Dinner,7220,0,-7220,2,4,Tue,0
id680769,2023-04-25,Cash,Brown LLC,School,5690,0,-5690,2,4,Tue,0
id162269,2023-04-25,Cash,Cab,Hire,5764,0,-5764,2,4,Tue,0
id454647,2023-04-25,CheckingAccount,Bell Ltd,School,7381,0,-7381,2,4,Tue,0
id787650,2023-04-25,CreditCard,Bowman-Washington,Insurance,3644,0,-3644,2,4,Tue,0
id505641,2023-04-26,SavingsBank,Collins-Peterson,Telephone,8630,0,-8630,2,4,Wed,0
id630745,2023-04-26,Cash,Washington-Thompson,Grocery,1435,0,-1435,2,4,Wed,0
id190379,2023-04-26,SavingsBank,Interest,Interest,0,7110,7110,2,4,Wed,0
id664469,2023-04-26,SavingsBank,Interest,Interest,0,3950,3950,2,4,Wed,0
id830716,2023-04-26,SavingsBank,Driver,Hire,9718,0,-9718,2,4,Wed,0
id215896,2023-04-26,CheckingAccount,Martinez-Clark,Insurance,8083,0,-8083,2,4,Wed,0
id111872,2023-04-27,SavingsBank,Salary,Salary,0,95580,95580,2,4,Thu,0
id210664,2023-04-27,CheckingAccount,Garcia-Washington,Dinner,9901,0,-9901,2,4,Thu,0
id459468,2023-04-27,CreditCard,Mays Inc,Telephone,1030,0,-1030,2,4,Thu,0
id426501,2023-04-27,Cash,Hartman-Kramer,Dinner,954,0,-954,2,4,Thu,0
id207795,2023-04-27,CheckingAccount,Nguyen-Blackwell,Tax,8760,0,-8760,2,4,Thu,0
id586944,2023-04-27,CreditCard,Nguyen Group,Telephone,1758,0,-1758,2,4,Thu,0
id275182,2023-04-27,SavingsBank,Copeland and Sons,House,2916,0,-2916,2,4,Thu,0
id670533,2023-04-28,Cash,Long-Velez,Tax,2006,0,-2006,2,4,Fri,0
id276552,2023-04-28,CreditCard,Baker-Lewis,House,6735,0,-6735,2,4,Fri,0
id383976,2023-04-28,Cash,Liu Farmer and Newton,Investment,4765,0,-4765,2,4,Fri,1
id472116,2023-04-28,CreditCard,Lopez Price and Wood,Insurance,3377,0,-3377,2,4,Fri,0
id899012,2023-04-28,CreditCard,Levy Watson and Jones,Grocery,8403,0,-8403,2,4,Fri,0
id456349,2023-04-28,SavingsBank,Daugherty Bennett and Murphy,Investment,2549,0,-2549,2,4,Fri,1
id330659,2023-04-29,CreditCard,Strickland King and Mejia,House,9058,0,-9058,2,4,Sat,0
id418686,2023-04-29,CreditCard,Young Martin and Jones,Internet,4251,0,-4251,2,4,Sat,0
id233054,2023-04-29,Cash,Vega Kramer and Ellis,Telephone,9293,0,-9293,2,4,Sat,0
id180693,2023-04-29,CheckingAccount,Robbins-Roman,House,5271,0,-5271,2,4,Sat,0
id340786,2023-04-29,CheckingAccount,Alvarez-Hubbard,Tax,5105,0,-5105,2,4,Sat,0
id328545,2023-04-29,CheckingAccount,Cleaning,Hire,2564,0,-2564,2,4,Sat,0
id786728,2023-04-29,SavingsBank,Dividend,Dividend,0,9108,9108,2,4,Sat,0
id144649,2023-04-29,CheckingAccount,Thompson PLC,Grocery,3916,0,-3916,2,4,Sat,0
id796930,2023-04-30,Cash,Werner Group,Grocery,2971,0,-2971,2,4,Sun,0
id297437,2023-04-30,CreditCard,Marks Stephens and Trujillo,Fuel,7215,0,-7215,2,4,Sun,0
id999123,2023-04-30,SavingsBank,Dividend,Dividend,0,6340,6340,2,4,Sun,0
id528461,2023-04-30,Cash,Blair Morgan and Juarez,Internet,690,0,-690,2,4,Sun,0
id992123,2023-05-01,CheckingAccount,Myers and Sons,Fuel,3761,0,-3761,2,5,Mon,0
id288388,2023-05-01,SavingsBank,Dividend,Dividend,0,3674,3674,2,5,Mon,0
id596505,2023-05-01,CreditCard,Crosby Green and Perez,Telephone,3416,0,-3416,2,5,Mon,0
id558381,2023-05-01,Cash,Richards Mcintyre and Huffman,Fuel,2147,0,-2147,2,5,Mon,0
id295276,2023-05-02,SavingsBank,Lawrence Peters and Powell,School,6732,0,-6732,2,5,Tue,0
id409000,2023-05-02,SavingsBank,Miller-Smith,Tax,6631,0,-6631,2,5,Tue,0
id160971,2023-05-02,SavingsBank,Dividend,Dividend,0,4172,4172,2,5,Tue,0
id870284,2023-05-02,Cash,Collins-Sellers,Books,4666,0,-4666,2,5,Tue,0
id217223,2023-05-02,SavingsBank,Salary,Salary,0,58245,58245,2,5,Tue,0
id228496,2023-05-02,CheckingAccount,Cohen Inc,Telephone,1629,0,-1629,2,5,Tue,0
id968684,2023-05-02,CreditCard,Driver,Hire,7855,0,-7855,2,5,Tue,0
id218324,2023-05-02,CheckingAccount,Wood Ward and Long,Dinner,3840,0,-3840,2,5,Tue,0
id728423,2023-05-03,Cash,Larson Hutchinson and Johnson,Insurance,6044,0,-6044,2,5,Wed,0
id241977,2023-05-03,CreditCard,Allen and Sons,Books,4148,0,-4148,2,5,Wed,0
id722899,2023-05-03,CheckingAccount,Fisher and Sons,Investment,5534,0,-5534,2,5,Wed,1
id144218,2023-05-03,CreditCard,Aguilar and Sons,School,2058,0,-2058,2,5,Wed,0
id670604,2023-05-03,CheckingAccount,Wilson LLC,Internet,6292,0,-6292,2,5,Wed,0
id427095,2023-05-03,SavingsBank,Lopez Barrett and Brown,Books,2815,0,-2815,2,5,Wed,0
id813671,2023-05-03,CreditCard,Gonzales Group,Tax,2717,0,-2717,2,5,Wed,0
id222388,2023-05-04,CreditCard,Johnson and Sons,Telephone,4604,0,-4604,2,5,Thu,0
id803188,2023-05-04,SavingsBank,Ryan-Reyes,Dinner,8784,0,-8784,2,5,Thu,0
id948020,2023-05-04,SavingsBank,Salary,Salary,0,64830,64830,2,5,Thu,0
id164575,2023-05-04,CreditCard,Mills Green and Thornton,Grocery,1276,0,-1276,2,5,Thu,0
id383566,2023-05-04,SavingsBank,Riley Ltd,Insurance,215,0,-215,2,5,Thu,0
id985926,2023-05-04,SavingsBank,Gallagher-Hull,Books,9450,0,-9450,2,5,Thu,0
id340940,2023-05-05,CreditCard,Griffin-Greene,Internet,6827,0,-6827,2,5,Fri,0
id786307,2023-05-05,CheckingAccount,Henderson-Harding,Grocery,5793,0,-5793,2,5,Fri,0
id136731,2023-05-06,Cash,Martin Group,Tax,9275,0,-9275,2,5,Sat,0
id904949,2023-05-06,SavingsBank,Johnson-Steele,Telephone,2081,0,-2081,2,5,Sat,0
id444901,2023-05-06,SavingsBank,Interest,Interest,0,4110,4110,2,5,Sat,0
id917821,2023-05-06,Cash,Pierce Inc,Tax,5399,0,-5399,2,5,Sat,0
id248809,2023-05-06,CreditCard,King-Vega,House,7773,0,-7773,2,5,Sat,0
id603502,2023-05-06,SavingsBank,Wiggins and Sons,Investment,3170,0,-3170,2,5,Sat,1
id212352,2023-05-06,CreditCard,Singh-Maldonado,Internet,4715,0,-4715,2,5,Sat,0
id694798,2023-05-06,CheckingAccount,Stevenson Inc,House,8827,0,-8827,2,5,Sat,0
id160533,2023-05-06,CheckingAccount,Lopez Crawford and Jackson,School,5032,0,-5032,2,5,Sat,0
id321806,2023-05-06,CheckingAccount,Rivers Allen and Chavez,House,1490,0,-1490,2,5,Sat,0
id998087,2023-05-06,SavingsBank,Mahoney-Mendoza,School,4476,0,-4476,2,5,Sat,0
id548556,2023-05-06,Cash,Cox-Curry,Fuel,2691,0,-2691,2,5,Sat,0
id816031,2023-05-07,CreditCard,French-Ryan,School,2108,0,-2108,2,5,Sun,0
id872523,2023-05-07,SavingsBank,Salary,Salary,0,77730,77730,2,5,Sun,0
id936845,2023-05-07,CheckingAccount,Harris Hancock and Vasquez,Investment,2519,0,-2519,2,5,Sun,1
id680243,2023-05-07,Cash,Hernandez PLC,Insurance,9470,0,-9470,2,5,Sun,0
id207216,2023-05-07,CreditCard,Richardson Craig and Henderson,School,3729,0,-3729,2,5,Sun,0
id962451,2023-05-08,CreditCard,Davis Gibbs and Burton,School,6302,0,-6302,2,5,Mon,0
id728010,2023-05-08,CreditCard,Coleman-Jones,Grocery,6454,0,-6454,2,5,Mon,0
id602899,2023-05-08,Cash,Parsons Prince and Boyd,Investment,4613,0,-4613,2,5,Mon,1
id708755,2023-05-08,SavingsBank,Phillips Diaz and Dunn,Dinner,747,0,-747,2,5,Mon,0
id657123,2023-05-08,CreditCard,Welch Group,Grocery,953,0,-953,2,5,Mon,0
id512860,2023-05-08,Cash,Allen PLC,Investment,809,0,-809,2,5,Mon,1
id518267,2023-05-09,CreditCard,Dixon LLC,Grocery,5552,0,-5552,2,5,Tue,0
id537034,2023-05-09,CheckingAccount,Mejia-Cline,Internet,3342,0,-3342,2,5,Tue,0
id151277,2023-05-09,SavingsBank,Burton Keith and Lee,Fuel,3426,0,-3426,2,5,Tue,0
id658676,2023-05-09,CreditCard,Lawrence-Newton,Internet,8363,0,-8363,2,5,Tue,0
id166670,2023-05-09,SavingsBank,Cleaning,Hire,5606,0,-5606,2,5,Tue,0
id905508,2023-05-09,SavingsBank,Rice Inc,Books,10000,0,-10000,2,5,Tue,0
id454227,2023-05-09,SavingsBank,Interest,Interest,0,9085,9085,2,5,Tue,0
id990357,2023-05-09,Cash,Paul PLC,Internet,9548,0,-9548,2,5,Tue,0
id112106,2023-05-10,Cash,Barajas Perez and Ellis,Grocery,7072,0,-7072,2,5,Wed,0
id360585,2023-05-10,CheckingAccount,Lopez Inc,Grocery,422,0,-422,2,5,Wed,0
id585628,2023-05-10,CreditCard,Kelley-Compton,Internet,4488,0,-4488,2,5,Wed,0
id974157,2023-05-10,CreditCard,Wheeler LLC,Internet,8393,0,-8393,2,5,Wed,0
id490894,2023-05-10,SavingsBank,Knight Inc,Books,3688,0,-3688,2,5,Wed,0
id927248,2023-05-10,CheckingAccount,Carter and Sons,Fuel,4146,0,-4146,2,5,Wed,0
id475797,2023-05-11,CheckingAccount,Castro PLC,Dinner,9713,0,-9713,2,5,Thu,0
id337130,2023-05-11,SavingsBank,Robinson Group,School,2124,0,-2124,2,5,Thu,0
id664382,2023-05-11,SavingsBank,Dividend,Dividend,0,3766,3766,2,5,Thu,0
id239534,2023-05-11,SavingsBank,Dividend,Dividend,0,7444,7444,2,5,Thu,0
id355572,2023-05-11,SavingsBank,Holt-Edwards,Insurance,1900,0,-1900,2,5,Thu,0
id375754,2023-05-11,CreditCard,Lloyd Brown and Martinez,House,4017,0,-4017,2,5,Thu,0
id525084,2023-05-11,Cash,Driver,Hire,7374,0,-7374,2,5,Thu,0
id839834,2023-05-11,CreditCard,Cortez and Sons,House,5721,0,-5721,2,5,Thu,0
id781486,2023-05-12,CreditCard,Gill-Dean,Internet,2008,0,-2008,2,5,Fri,0
id193798,2023-05-12,SavingsBank,Lewis Short and Frederick,Internet,9778,0,-9778,2,5,Fri,0
id626906,2023-05-12,CheckingAccount,Edwards Group,Telephone,3495,0,-3495,2,5,Fri,0
id286186,2023-05-12,CheckingAccount,Rice-Stanley,Insurance,5662,0,-5662,2,5,Fri,0
id643410,2023-05-12,CheckingAccount,King Bell and Gomez,Fuel,3924,0,-3924,2,5,Fri,0
id892859,2023-05-12,CreditCard,Aguilar Wilkerson and Thompson,School,3262,0,-3262,2,5,Fri,0
id600473,2023-05-13,CheckingAccount,Garcia-Berger,House,6972,0,-6972,2,5,Sat,0
id837849,2023-05-13,Cash,Patel LLC,Telephone,1912,0,-1912,2,5,Sat,0
id715095,2023-05-13,SavingsBank,Interest,Interest,0,6405,6405,2,5,Sat,0
id969502,2023-05-13,Cash,Accountant,Hire,1073,0,-1073,2,5,Sat,0
id339093,2023-05-13,CreditCard,Doyle LLC,School,2707,0,-2707,2,5,Sat,0
id269379,2023-05-13,Cash,Hood Inc,Tax,936,0,-936,2,5,Sat,0
id811692,2023-05-13,CreditCard,Brown and Sons,Telephone,1346,0,-1346,2,5,Sat,0
id658332,2023-05-14,CreditCard,Martinez-Vaughn,Fuel,8034,0,-8034,2,5,Sun,0
id288231,2023-05-14,Cash,Huerta-Santiago,Fuel,3568,0,-3568,2,5,Sun,0
id353625,2023-05-14,Cash,Ferguson-Ramirez,House,4803,0,-4803,2,5,Sun,0
id679776,2023-05-14,CreditCard,Cab,Hire,8045,0,-8045,2,5,Sun,0
id608572,2023-05-14,CreditCard,Mcgee Group,Fuel,9778,0,-9778,2,5,Sun,0
id369326,2023-05-14,Cash,Cab,Hire,6369,0,-6369,2,5,Sun,0
id889270,2023-05-14,CheckingAccount,Douglas PLC,Tax,1229,0,-1229,2,5,Sun,0
id313438,2023-05-14,CheckingAccount,Lang-Williams,Investment,5308,0,-5308,2,5,Sun,1
id909436,2023-05-14,Cash,Stephenson-Clements,Tax,480,0,-480,2,5,Sun,0
id654684,2023-05-14,CheckingAccount,Allen Ltd,Telephone,4283,0,-4283,2,5,Sun,0
id574463,2023-05-14,CreditCard,Johnson Medina and Lang,Grocery,9566,0,-9566,2,5,Sun,0
id464007,2023-05-14,CreditCard,Deleon LLC,Grocery,199,0,-199,2,5,Sun,0
id617111,2023-05-14,SavingsBank,Archer-Cohen,Internet,3864,0,-3864,2,5,Sun,0
id622423,2023-05-14,Cash,Edwards-Holmes,Internet,1290,0,-1290,2,5,Sun,0
id697683,2023-05-15,Cash,Williams-Hill,School,7217,0,-7217,2,5,Mon,0
id746646,2023-05-15,SavingsBank,Rogers Barrera and Collins,Tax,4908,0,-4908,2,5,Mon,0
id613197,2023-05-15,CreditCard,Snyder and Sons,Internet,3213,0,-3213,2,5,Mon,0
id944354,2023-05-15,SavingsBank,Interest,Interest,0,8870,8870,2,5,Mon,0
id276366,2023-05-15,SavingsBank,Garcia-Simon,Grocery,7372,0,-7372,2,5,Mon,0
id540332,2023-05-16,CheckingAccount,Jones-Curtis,Grocery,5428,0,-5428,2,5,Tue,0
id987361,2023-05-16,Cash,Butler-Herman,School,2170,0,-2170,2,5,Tue,0
id383556,2023-05-16,Cash,Mason and Sons,Internet,9172,0,-9172,2,5,Tue,0
id597783,2023-05-16,CreditCard,Cain-Powers,Internet,8463,0,-8463,2,5,Tue,0
id160057,2023-05-16,SavingsBank,Interest,Interest,0,7823,7823,2,5,Tue,0
id488022,2023-05-16,Cash,Miller and Sons,Internet,1971,0,-1971,2,5,Tue,0
id552578,2023-05-16,CheckingAccount,Smith-Cannon,Dinner,2901,0,-2901,2,5,Tue,0
id573158,2023-05-16,CheckingAccount,Wilson-Barrera,Insurance,3323,0,-3323,2,5,Tue,0
id851117,2023-05-16,SavingsBank,Dividend,Dividend,0,2292,2292,2,5,Tue,0
id720625,2023-05-17,CheckingAccount,Accountant,Hire,7456,0,-7456,2,5,Wed,0
id620682,2023-05-17,Cash,Mitchell Cunningham and Rodriguez,Investment,1720,0,-1720,2,5,Wed,1
id779086,2023-05-17,Cash,Richardson-Duran,Fuel,8194,0,-8194,2,5,Wed,0
id664239,2023-05-17,SavingsBank,Dividend,Dividend,0,7885,7885,2,5,Wed,0
id450546,2023-05-17,SavingsBank,Dividend,Dividend,0,2699,2699,2,5,Wed,0
id616587,2023-05-17,SavingsBank,Interest,Interest,0,9656,9656,2,5,Wed,0
id704500,2023-05-17,Cash,Cook Ltd,School,255,0,-255,2,5,Wed,0
id718484,2023-05-17,SavingsBank,Thompson-Keller,Investment,4365,0,-4365,2,5,Wed,1
id162360,2023-05-17,Cash,Roberts Ward and Thomas,Internet,9486,0,-9486,2,5,Wed,0
id978838,2023-05-18,SavingsBank,Interest,Interest,0,8268,8268,2,5,Thu,0
id388301,2023-05-18,Cash,Garcia Group,Dinner,2947,0,-2947,2,5,Thu,0
id958946,2023-05-18,SavingsBank,Cooper LLC,Insurance,3031,0,-3031,2,5,Thu,0
id802133,2023-05-18,CheckingAccount,Long Group,Internet,4005,0,-4005,2,5,Thu,0
id977346,2023-05-19,CheckingAccount,Accountant,Hire,3479,0,-3479,2,5,Fri,0
id563687,2023-05-19,SavingsBank,Salary,Salary,0,5340,5340,2,5,Fri,0
id336753,2023-05-19,CheckingAccount,Spencer Garcia and Williams,School,3355,0,-3355,2,5,Fri,0
id513667,2023-05-19,SavingsBank,Cleaning,Hire,1756,0,-1756,2,5,Fri,0
id533321,2023-05-19,CreditCard,Stone-Hall,Insurance,4420,0,-4420,2,5,Fri,0
id907613,2023-05-19,SavingsBank,Trevino PLC,Tax,1169,0,-1169,2,5,Fri,0
id475515,2023-05-20,SavingsBank,Dividend,Dividend,0,967,967,2,5,Sat,0
id946470,2023-05-20,CreditCard,David Ltd,House,5522,0,-5522,2,5,Sat,0
id596495,2023-05-20,CreditCard,Martin Group,Books,3083,0,-3083,2,5,Sat,0
id223066,2023-05-20,SavingsBank,Salary,Salary,0,130125,130125,2,5,Sat,0
id542282,2023-05-20,SavingsBank,Anderson Goodman and Johnson,Investment,649,0,-649,2,5,Sat,1
id963560,2023-05-20,CheckingAccount,Norton-Sullivan,Grocery,3030,0,-3030,2,5,Sat,0
id326203,2023-05-20,CheckingAccount,Rodriguez Inc,Insurance,8001,0,-8001,2,5,Sat,0
id482527,2023-05-20,CreditCard,Hull Hebert and Hampton,Internet,6122,0,-6122,2,5,Sat,0
id138360,2023-05-20,SavingsBank,Accountant,Hire,4115,0,-4115,2,5,Sat,0
id574482,2023-05-21,CreditCard,Morrow Inc,Books,9729,0,-9729,2,5,Sun,0
id889901,2023-05-21,Cash,Hickman Ltd,Books,6120,0,-6120,2,5,Sun,0
id567576,2023-05-21,CreditCard,Pace-Green,House,8005,0,-8005,2,5,Sun,0
id589031,2023-05-21,Cash,Stevens-Hampton,School,705,0,-705,2,5,Sun,0
id987751,2023-05-21,CreditCard,Snow and Sons,Fuel,4286,0,-4286,2,5,Sun,0
id592590,2023-05-21,SavingsBank,Mckay Mckay and Hill,Internet,1315,0,-1315,2,5,Sun,0
id786453,2023-05-22,CheckingAccount,Hendricks Inc,House,4059,0,-4059,2,5,Mon,0
id967069,2023-05-22,SavingsBank,Wilson-Tran,House,8405,0,-8405,2,5,Mon,0
id376057,2023-05-22,CheckingAccount,Lee Ward and Lutz,Telephone,6644,0,-6644,2,5,Mon,0
id468941,2023-05-22,Cash,Juarez and Sons,School,1621,0,-1621,2,5,Mon,0
id296252,2023-05-22,CheckingAccount,Townsend-Beck,Internet,6320,0,-6320,2,5,Mon,0
id398222,2023-05-22,CreditCard,Bennett-Meadows,Investment,8543,0,-8543,2,5,Mon,1
id190746,2023-05-23,CheckingAccount,Nolan Williams and Owen,Grocery,2252,0,-2252,2,5,Tue,0
id485190,2023-05-23,CheckingAccount,Bennett-Harris,Internet,3312,0,-3312,2,5,Tue,0
id382484,2023-05-23,SavingsBank,Holt-Thomas,Dinner,3113,0,-3113,2,5,Tue,0
id514182,2023-05-23,CheckingAccount,Macias PLC,House,9026,0,-9026,2,5,Tue,0
id182290,2023-05-23,CheckingAccount,Castro-Hensley,Fuel,9264,0,-9264,2,5,Tue,0
id434393,2023-05-24,CreditCard,Bradshaw-Henderson,Grocery,4518,0,-4518,2,5,Wed,0
id121814,2023-05-24,SavingsBank,Prince Ramos and Johnson,Grocery,5475,0,-5475,2,5,Wed,0
id783055,2023-05-24,SavingsBank,Gordon Group,Insurance,1018,0,-1018,2,5,Wed,0
id986849,2023-05-24,CheckingAccount,West Velez and Bush,House,5914,0,-5914,2,5,Wed,0
id875206,2023-05-24,CreditCard,Hardin Luna and Lyons,House,6636,0,-6636,2,5,Wed,0
id417853,2023-05-24,CheckingAccount,Sanchez Harris and Fox,Grocery,7729,0,-7729,2,5,Wed,0
id203177,2023-05-24,Cash,Cross PLC,School,2804,0,-2804,2,5,Wed,0
id415442,2023-05-24,CheckingAccount,Russell Group,Insurance,7037,0,-7037,2,5,Wed,0
id456495,2023-05-25,CreditCard,Jenkins Owens and Clark,Investment,9700,0,-9700,2,5,Thu,1
id143467,2023-05-25,CreditCard,Pittman Inc,Dinner,2812,0,-2812,2,5,Thu,0
id937816,2023-05-25,CreditCard,Smith LLC,Internet,7519,0,-7519,2,5,Thu,0
id526792,2023-05-25,CheckingAccount,Ramos and Sons,School,758,0,-758,2,5,Thu,0
id852420,2023-05-25,Cash,Flores Aguilar and Duncan,Grocery,8271,0,-8271,2,5,Thu,0
id477916,2023-05-25,SavingsBank,Williams Ltd,House,9397,0,-9397,2,5,Thu,0
id210604,2023-05-26,Cash,Sullivan-Lewis,Books,1760,0,-1760,2,5,Fri,0
id575157,2023-05-26,Cash,Wilson Jones and Levine,House,9867,0,-9867,2,5,Fri,0
id700081,2023-05-26,Cash,Lee Craig and White,Dinner,2013,0,-2013,2,5,Fri,0
id244899,2023-05-26,CheckingAccount,Williams-Hall,Books,4224,0,-4224,2,5,Fri,0
id394989,2023-05-26,CheckingAccount,Dean-Cunningham,Insurance,3953,0,-3953,2,5,Fri,0
id199993,2023-05-26,SavingsBank,Hall-Miller,Tax,405,0,-405,2,5,Fri,0
id817464,2023-05-26,CreditCard,Driver,Hire,9968,0,-9968,2,5,Fri,0
id878931,2023-05-26,SavingsBank,Dividend,Dividend,0,2364,2364,2,5,Fri,0
id264688,2023-05-26,Cash,Dyer-Crawford,House,1741,0,-1741,2,5,Fri,0
id973749,2023-05-26,CreditCard,Vasquez LLC,Fuel,9179,0,-9179,2,5,Fri,0
id732540,2023-05-26,Cash,Lowe PLC,Tax,6801,0,-6801,2,5,Fri,0
id885113,2023-05-27,CheckingAccount,Alexander Kelly and Davis,Tax,3353,0,-3353,2,5,Sat,0
id119791,2023-05-27,Cash,Gomez Pearson and Rubio,Fuel,740,0,-740,2,5,Sat,0
id733958,2023-05-27,CheckingAccount,Hoffman-Simpson,Fuel,9319,0,-9319,2,5,Sat,0
id433167,2023-05-27,CreditCard,Preston Ltd,House,9442,0,-9442,2,5,Sat,0
id200945,2023-05-27,CheckingAccount,Moon Ltd,Tax,6737,0,-6737,2,5,Sat,0
id839478,2023-05-27,Cash,Perez PLC,Grocery,6791,0,-6791,2,5,Sat,0
id664914,2023-05-27,SavingsBank,Martin-Irwin,Dinner,6079,0,-6079,2,5,Sat,0
id528835,2023-05-28,CreditCard,Jenkins Nichols and Bennett,Internet,5990,0,-5990,2,5,Sun,0
id363372,2023-05-28,SavingsBank,Interest,Interest,0,7053,7053,2,5,Sun,0
id650419,2023-05-28,Cash,Combs-White,Investment,510,0,-510,2,5,Sun,1
id837019,2023-05-28,CreditCard,Nelson Ltd,Internet,2558,0,-2558,2,5,Sun,0
id294096,2023-05-29,SavingsBank,Martinez-Thornton,Internet,3971,0,-3971,2,5,Mon,0
id599665,2023-05-29,SavingsBank,Dividend,Dividend,0,7151,7151,2,5,Mon,0
id218474,2023-05-29,CreditCard,Bruce and Sons,Telephone,9509,0,-9509,2,5,Mon,0
id337772,2023-05-29,Cash,Roberson-Harrison,Dinner,4419,0,-4419,2,5,Mon,0
id140019,2023-05-29,CheckingAccount,Russo-Kim,Books,6244,0,-6244,2,5,Mon,0
id791725,2023-05-29,Cash,Cochran Benson and Zuniga,Investment,5801,0,-5801,2,5,Mon,1
id839711,2023-05-30,Cash,Gibbs-Reese,Books,3188,0,-3188,2,5,Tue,0
id892402,2023-05-30,CreditCard,Cab,Hire,4730,0,-4730,2,5,Tue,0
id262020,2023-05-30,CheckingAccount,Accountant,Hire,8311,0,-8311,2,5,Tue,0
id181841,2023-05-30,CreditCard,Martin and Sons,Tax,7655,0,-7655,2,5,Tue,0
id190758,2023-05-30,SavingsBank,Short LLC,House,106,0,-106,2,5,Tue,0
id825573,2023-05-31,CheckingAccount,Driver,Hire,8875,0,-8875,2,5,Wed,0
id209065,2023-05-31,SavingsBank,Sparks and Sons,Books,4046,0,-4046,2,5,Wed,0
id368646,2023-05-31,SavingsBank,Diaz Group,Tax,6256,0,-6256,2,5,Wed,0
id736741,2023-05-31,CreditCard,Rich-Burton,House,607,0,-607,2,5,Wed,0
id136135,2023-05-31,Cash,Allen PLC,School,1241,0,-1241,2,5,Wed,0
id790978,2023-06-01,CreditCard,Bolton Brown and Randall,Books,7358,0,-7358,2,6,Thu,0
id447413,2023-06-01,CheckingAccount,Gray and Sons,Books,5602,0,-5602,2,6,Thu,0
id734429,2023-06-01,Cash,Johnson-Jackson,School,2035,0,-2035,2,6,Thu,0
id234760,2023-06-01,CheckingAccount,Nolan-Clark,Books,9613,0,-9613,2,6,Thu,0
id423539,2023-06-01,SavingsBank,Ferguson-Watson,School,9470,0,-9470,2,6,Thu,0
id437250,2023-06-01,CheckingAccount,Norman-Williams,Tax,5569,0,-5569,2,6,Thu,0
id460715,2023-06-01,CheckingAccount,Smith-Hernandez,House,7744,0,-7744,2,6,Thu,0
id525510,2023-06-01,CreditCard,Meyer-Lee,Investment,8351,0,-8351,2,6,Thu,1
id164468,2023-06-02,SavingsBank,Garcia Lee and Taylor,Telephone,7175,0,-7175,2,6,Fri,0
id398099,2023-06-02,CheckingAccount,Greene Rodriguez and Lester,House,4546,0,-4546,2,6,Fri,0
id750960,2023-06-02,SavingsBank,Wilson Jimenez and Savage,Telephone,2591,0,-2591,2,6,Fri,0
id313724,2023-06-02,SavingsBank,Interest,Interest,0,8088,8088,2,6,Fri,0
id187491,2023-06-02,CheckingAccount,Bailey Group,Insurance,9049,0,-9049,2,6,Fri,0
id563555,2023-06-02,Cash,Cleaning,Hire,1180,0,-1180,2,6,Fri,0
id805763,2023-06-02,CheckingAccount,Hogan-Adams,Grocery,5259,0,-5259,2,6,Fri,0
id641103,2023-06-02,SavingsBank,Scott-Miller,Insurance,6340,0,-6340,2,6,Fri,0
id277460,2023-06-03,CheckingAccount,Brown PLC,Books,4874,0,-4874,2,6,Sat,0
id837170,2023-06-03,CreditCard,Hernandez Ford and Chavez,Dinner,8105,0,-8105,2,6,Sat,0
id404320,2023-06-03,CreditCard,Robinson Rice and Gardner,House,4294,0,-4294,2,6,Sat,0
id229801,2023-06-03,SavingsBank,Baker-Bender,Telephone,7994,0,-7994,2,6,Sat,0
id989361,2023-06-03,SavingsBank,Dividend,Dividend,0,8371,8371,2,6,Sat,0
id482639,2023-06-04,CreditCard,Reynolds Watson and Schneider,Insurance,487,0,-487,2,6,Sun,0
id510976,2023-06-04,SavingsBank,Dividend,Dividend,0,2091,2091,2,6,Sun,0
id471901,2023-06-04,SavingsBank,Byrd Williams and Farley,Fuel,1762,0,-1762,2,6,Sun,0
id881651,2023-06-04,CheckingAccount,Carr Roberts and Thompson,Internet,1365,0,-1365,2,6,Sun,0
id836186,2023-06-04,Cash,Nolan PLC,Internet,3840,0,-3840,2,6,Sun,0
id153216,2023-06-04,CreditCard,Murray-Waters,Insurance,5347,0,-5347,2,6,Sun,0
id612252,2023-06-04,SavingsBank,Salary,Salary,0,91080,91080,2,6,Sun,0
id846507,2023-06-05,CreditCard,Mann-Guzman,Fuel,243,0,-243,2,6,Mon,0
id984272,2023-06-05,SavingsBank,Ramirez-Jones,Fuel,4947,0,-4947,2,6,Mon,0
id673945,2023-06-05,CreditCard,Nelson-Martinez,Investment,1248,0,-1248,2,6,Mon,1
id670920,2023-06-05,SavingsBank,Interest,Interest,0,6175,6175,2,6,Mon,0
id850186,2023-06-05,Cash,Driver,Hire,893,0,-893,2,6,Mon,0
id467731,2023-06-06,SavingsBank,Cleaning,Hire,6159,0,-6159,2,6,Tue,0
id850795,2023-06-06,CheckingAccount,Mason-Ramirez,Telephone,1432,0,-1432,2,6,Tue,0
id466815,2023-06-07,CreditCard,Snyder Stephens and Davis,Investment,9336,0,-9336,2,6,Wed,1
id396079,2023-06-07,Cash,Rios Martin and Jackson,Tax,4751,0,-4751,2,6,Wed,0
id886566,2023-06-07,CreditCard,Roberts Hudson and Vazquez,Internet,4582,0,-4582,2,6,Wed,0
id141176,2023-06-07,Cash,Jones and Sons,Fuel,866,0,-866,2,6,Wed,0
id153930,2023-06-07,Cash,Golden-Montes,School,1267,0,-1267,2,6,Wed,0
id536052,2023-06-08,Cash,Taylor LLC,Insurance,3757,0,-3757,2,6,Thu,0
id831557,2023-06-08,CheckingAccount,Alvarez-Miller,Internet,6616,0,-6616,2,6,Thu,0
id235246,2023-06-08,Cash,English Scott and Jackson,Dinner,2848,0,-2848,2,6,Thu,0
id245401,2023-06-08,CheckingAccount,Adams Ltd,Dinner,2424,0,-2424,2,6,Thu,0
id339941,2023-06-08,SavingsBank,Salary,Salary,0,83805,83805,2,6,Thu,0
id371795,2023-06-08,Cash,Davila and Sons,Investment,9769,0,-9769,2,6,Thu,1
id699867,2023-06-08,CreditCard,Cruz PLC,School,3232,0,-3232,2,6,Thu,0
id765507,2023-06-08,Cash,Dawson-Walker,Dinner,7513,0,-7513,2,6,Thu,0
id465871,2023-06-09,Cash,Johnson PLC,Internet,1592,0,-1592,2,6,Fri,0
id387229,2023-06-09,CheckingAccount,Carter Cobb and Bailey,Fuel,953,0,-953,2,6,Fri,0
id653289,2023-06-09,SavingsBank,Brooks-Baxter,Tax,4330,0,-4330,2,6,Fri,0
id189203,2023-06-09,SavingsBank,Smith Ltd,Investment,1313,0,-1313,2,6,Fri,1
id452974,2023-06-10,Cash,Johnson-Tran,School,6215,0,-6215,2,6,Sat,0
id310952,2023-06-10,Cash,Davis Inc,Dinner,1249,0,-1249,2,6,Sat,0
id175131,2023-06-10,Cash,Watson Gordon and Williams,Investment,6090,0,-6090,2,6,Sat,1
id572340,2023-06-10,CreditCard,Cleaning,Hire,4868,0,-4868,2,6,Sat,0
id964206,2023-06-10,CreditCard,Carroll-Hamilton,Fuel,7794,0,-7794,2,6,Sat,0
id476945,2023-06-10,CheckingAccount,Lewis-Mercado,Fuel,7185,0,-7185,2,6,Sat,0
id250760,2023-06-10,SavingsBank,Whitehead-Montes,Investment,7167,0,-7167,2,6,Sat,1
id175762,2023-06-10,Cash,Andrews Inc,Investment,1198,0,-1198,2,6,Sat,1
id985365,2023-06-10,SavingsBank,Henderson Alvarado and Leon,Tax,6130,0,-6130,2,6,Sat,0
id430807,2023-06-11,CreditCard,Martinez and Sons,Tax,6880,0,-6880,2,6,Sun,0
id528025,2023-06-11,CreditCard,Friedman PLC,Dinner,5329,0,-5329,2,6,Sun,0
id880317,2023-06-11,Cash,Mccarthy-Garcia,Fuel,8789,0,-8789,2,6,Sun,0
id197657,2023-06-11,Cash,Hodges-Short,Insurance,4233,0,-4233,2,6,Sun,0
id525727,2023-06-11,SavingsBank,Cleaning,Hire,8720,0,-8720,2,6,Sun,0
id639421,2023-06-11,CreditCard,Banks-Higgins,Dinner,5689,0,-5689,2,6,Sun,0
id116789,2023-06-12,CheckingAccount,Harrell-Hodges,Insurance,1652,0,-1652,2,6,Mon,0
id805897,2023-06-12,CheckingAccount,Hester LLC,School,8560,0,-8560,2,6,Mon,0
id619326,2023-06-12,CreditCard,Cab,Hire,1799,0,-1799,2,6,Mon,0
id738528,2023-06-12,CreditCard,Carter Lawson and Mays,School,6131,0,-6131,2,6,Mon,0
id957365,2023-06-12,SavingsBank,Adams-Fleming,Internet,5853,0,-5853,2,6,Mon,0
id818944,2023-06-12,SavingsBank,Hernandez Atkins and Dunlap,House,301,0,-301,2,6,Mon,0
id354555,2023-06-12,Cash,Kramer PLC,House,7802,0,-7802,2,6,Mon,0
id425225,2023-06-12,Cash,Lee Group,Grocery,9614,0,-9614,2,6,Mon,0
id321697,2023-06-13,Cash,Miller Hill and Davis,Investment,8312,0,-8312,2,6,Tue,1
id404485,2023-06-13,CreditCard,Montes-Gonzalez,Books,1144,0,-1144,2,6,Tue,0
id818674,2023-06-13,Cash,Moore Ltd,School,8289,0,-8289,2,6,Tue,0
id992423,2023-06-14,CheckingAccount,Robinson Murray and Lewis,Insurance,8839,0,-8839,2,6,Wed,0
id153567,2023-06-14,SavingsBank,Burns Group,School,9115,0,-9115,2,6,Wed,0
id379942,2023-06-14,CheckingAccount,Garcia Stark and Morrison,Books,8194,0,-8194,2,6,Wed,0
id356513,2023-06-14,Cash,Hicks-Ruiz,School,6572,0,-6572,2,6,Wed,0
id958656,2023-06-14,CheckingAccount,Lozano PLC,Insurance,3072,0,-3072,2,6,Wed,0
id945416,2023-06-14,Cash,Lee Group,Books,3286,0,-3286,2,6,Wed,0
id783830,2023-06-14,SavingsBank,Interest,Interest,0,5622,5622,2,6,Wed,0
id310866,2023-06-14,Cash,Wagner PLC,Grocery,7833,0,-7833,2,6,Wed,0
id437003,2023-06-15,Cash,Robertson Group,Investment,6716,0,-6716,2,6,Thu,1
id305233,2023-06-15,CreditCard,Joseph-Fisher,Fuel,3904,0,-3904,2,6,Thu,0
id457502,2023-06-15,CheckingAccount,Hayes PLC,Books,7810,0,-7810,2,6,Thu,0
id548843,2023-06-16,CheckingAccount,Phillips Fields and Kaiser,Fuel,1601,0,-1601,2,6,Fri,0
id876099,2023-06-16,CreditCard,Hubbard Swanson and Martinez,School,3627,0,-3627,2,6,Fri,0
id903571,2023-06-16,CheckingAccount,Rivers Mendoza and Miles,Internet,4505,0,-4505,2,6,Fri,0
id904450,2023-06-16,CreditCard,Jackson Taylor and Harper,Tax,1549,0,-1549,2,6,Fri,0
id424434,2023-06-16,SavingsBank,Dividend,Dividend,0,5811,5811,2,6,Fri,0
id265934,2023-06-16,Cash,Snow LLC,Tax,4093,0,-4093,2,6,Fri,0
id687897,2023-06-16,CreditCard,Pace-Riley,Tax,5139,0,-5139,2,6,Fri,0
id487035,2023-06-16,Cash,Garcia Ltd,Books,2080,0,-2080,2,6,Fri,0
id523865,2023-06-16,Cash,Werner and Sons,Telephone,8201,0,-8201,2,6,Fri,0
id920434,2023-06-16,CreditCard,Hill Reid and Orr,Grocery,5369,0,-5369,2,6,Fri,0
id785549,2023-06-16,SavingsBank,Interest,Interest,0,3859,3859,2,6,Fri,0
id440037,2023-06-17,SavingsBank,Silva-Rogers,Books,8842,0,-8842,2,6,Sat,0
id573480,2023-06-17,Cash,Moore Byrd and Doyle,Tax,9462,0,-9462,2,6,Sat,0
id217669,2023-06-17,SavingsBank,Interest,Interest,0,4805,4805,2,6,Sat,0
id729635,2023-06-17,CreditCard,Perry Group,Grocery,7875,0,-7875,2,6,Sat,0
id256438,2023-06-17,Cash,Gutierrez Ltd,Dinner,679,0,-679,2,6,Sat,0
id596730,2023-06-17,Cash,Greene Lee and Gomez,Dinner,1619,0,-1619,2,6,Sat,0
id732671,2023-06-17,CreditCard,Hamilton LLC,Grocery,3249,0,-3249,2,6,Sat,0
id923131,2023-06-18,CreditCard,Warren Roberts and Hunter,Internet,8972,0,-8972,2,6,Sun,0
id594272,2023-06-18,CreditCard,Duncan PLC,House,3189,0,-3189,2,6,Sun,0
id954860,2023-06-18,CheckingAccount,Greene Group,School,8898,0,-8898,2,6,Sun,0
id646455,2023-06-18,Cash,Reynolds PLC,Investment,8294,0,-8294,2,6,Sun,1
id812324,2023-06-18,SavingsBank,Scott-Moore,School,8926,0,-8926,2,6,Sun,0
id892938,2023-06-18,Cash,Anderson Preston and Good,House,9102,0,-9102,2,6,Sun,0
id595257,2023-06-19,CheckingAccount,Thompson PLC,Telephone,3524,0,-3524,2,6,Mon,0
id247469,2023-06-19,CreditCard,Lee-Collins,Telephone,4123,0,-4123,2,6,Mon,0
id189109,2023-06-19,CreditCard,Smith-Martin,Tax,4825,0,-4825,2,6,Mon,0
id116265,2023-06-19,CheckingAccount,Moon Ltd,Insurance,6042,0,-6042,2,6,Mon,0
id741600,2023-06-19,CreditCard,Williams LLC,Grocery,307,0,-307,2,6,Mon,0
id165972,2023-06-20,CheckingAccount,Thompson-Cordova,House,5958,0,-5958,2,6,Tue,0
id997123,2023-06-20,Cash,Suarez Jackson and Wagner,Tax,6502,0,-6502,2,6,Tue,0
id542680,2023-06-20,CheckingAccount,Shah Hatfield and Brown,Fuel,262,0,-262,2,6,Tue,0
id774356,2023-06-20,CheckingAccount,Stanley and Sons,Internet,569,0,-569,2,6,Tue,0
id342067,2023-06-20,SavingsBank,Salary,Salary,0,43950,43950,2,6,Tue,0
id639337,2023-06-20,CheckingAccount,Wood PLC,Tax,4637,0,-4637,2,6,Tue,0
id177003,2023-06-20,CreditCard,Williams-Johns,Internet,5041,0,-5041,2,6,Tue,0
id206757,2023-06-20,CreditCard,Pratt Group,Fuel,6650,0,-6650,2,6,Tue,0
id639918,2023-06-21,SavingsBank,Rhodes-George,Internet,2916,0,-2916,2,6,Wed,0
id615261,2023-06-21,CreditCard,Walters Larson and Butler,Grocery,151,0,-151,2,6,Wed,0
id421506,2023-06-21,CheckingAccount,Holder-Owens,Grocery,6334,0,-6334,2,6,Wed,0
id112037,2023-06-21,SavingsBank,Salary,Salary,0,91020,91020,2,6,Wed,0
id590481,2023-06-21,CheckingAccount,Brown Wilson and Reynolds,School,2545,0,-2545,2,6,Wed,0
id171714,2023-06-21,SavingsBank,Henderson Lewis and Owen,Grocery,7083,0,-7083,2,6,Wed,0
id190913,2023-06-22,Cash,Cleaning,Hire,1856,0,-1856,2,6,Thu,0
id410843,2023-06-22,CheckingAccount,Smith Inc,Fuel,3572,0,-3572,2,6,Thu,0
id611954,2023-06-22,CreditCard,Ross and Sons,Grocery,2529,0,-2529,2,6,Thu,0
id855979,2023-06-22,Cash,Hinton Phillips and Roy,Books,6154,0,-6154,2,6,Thu,0
id546614,2023-06-22,Cash,Reed-Johnson,Grocery,7342,0,-7342,2,6,Thu,0
id139450,2023-06-23,SavingsBank,Valenzuela LLC,Grocery,1455,0,-1455,2,6,Fri,0
id210237,2023-06-23,CreditCard,Porter Group,Books,3115,0,-3115,2,6,Fri,0
id705165,2023-06-23,CreditCard,Sweeney-Ortiz,School,4677,0,-4677,2,6,Fri,0
id132430,2023-06-23,CreditCard,Johnson Hill and Chandler,Dinner,9979,0,-9979,2,6,Fri,0
id240507,2023-06-23,CheckingAccount,Anderson PLC,Dinner,9705,0,-9705,2,6,Fri,0
id921590,2023-06-23,CreditCard,Brown Robinson and Ford,Internet,5092,0,-5092,2,6,Fri,0
id686328,2023-06-23,SavingsBank,Brown Abbott and Hartman,School,4615,0,-4615,2,6,Fri,0
id860660,2023-06-23,SavingsBank,Perez Hill and Yoder,Investment,2602,0,-2602,2,6,Fri,1
id835246,2023-06-24,CreditCard,Fitzpatrick Inc,Investment,3468,0,-3468,2,6,Sat,1
id880597,2023-06-24,CreditCard,Driver,Hire,1653,0,-1653,2,6,Sat,0
id293123,2023-06-24,SavingsBank,Scott-Phillips,Grocery,8187,0,-8187,2,6,Sat,0
id460977,2023-06-24,Cash,Vargas and Sons,Grocery,1572,0,-1572,2,6,Sat,0
id772294,2023-06-24,CheckingAccount,Arroyo-Rivers,Insurance,3400,0,-3400,2,6,Sat,0
id824916,2023-06-25,CreditCard,Shea-Mejia,Dinner,436,0,-436,2,6,Sun,0
id324224,2023-06-25,CheckingAccount,Foster Group,Books,7534,0,-7534,2,6,Sun,0
id463319,2023-06-25,CreditCard,Brown-Cabrera,Grocery,4704,0,-4704,2,6,Sun,0
id608822,2023-06-25,CheckingAccount,Neal Harris and Jones,Telephone,4964,0,-4964,2,6,Sun,0
id346660,2023-06-25,CreditCard,Meadows Morales and Mason,Fuel,7950,0,-7950,2,6,Sun,0
id624724,2023-06-25,Cash,Conner Clark and Peterson,Internet,4978,0,-4978,2,6,Sun,0
id761811,2023-06-25,Cash,Woods-Jones,School,1433,0,-1433,2,6,Sun,0
id402542,2023-06-26,CheckingAccount,Williams Ltd,Internet,7300,0,-7300,2,6,Mon,0
id531566,2023-06-26,CheckingAccount,Burke Hernandez and Jarvis,Insurance,3993,0,-3993,2,6,Mon,0
id829934,2023-06-26,CheckingAccount,Cab,Hire,7729,0,-7729,2,6,Mon,0
id557318,2023-06-26,Cash,Wong LLC,Telephone,2035,0,-2035,2,6,Mon,0
id739579,2023-06-26,CheckingAccount,Rivera PLC,Tax,5303,0,-5303,2,6,Mon,0
id339319,2023-06-27,CheckingAccount,Banks George and Buckley,Dinner,5890,0,-5890,2,6,Tue,0
id523099,2023-06-27,Cash,Pitts-Cruz,Grocery,348,0,-348,2,6,Tue,0
id163994,2023-06-27,CreditCard,Cole Group,Dinner,4122,0,-4122,2,6,Tue,0
id793904,2023-06-27,SavingsBank,Bennett-Long,House,1087,0,-1087,2,6,Tue,0
id890665,2023-06-27,CheckingAccount,Becker Bennett and Griffin,Grocery,8930,0,-8930,2,6,Tue,0
id116879,2023-06-27,Cash,White and Sons,Books,6509,0,-6509,2,6,Tue,0
id640919,2023-06-28,Cash,Becker-Adams,Books,5011,0,-5011,2,6,Wed,0
id767522,2023-06-28,CheckingAccount,Johnson Walker and Patton,Tax,5566,0,-5566,2,6,Wed,0
id211998,2023-06-28,CheckingAccount,Henderson PLC,Fuel,9747,0,-9747,2,6,Wed,0
id357268,2023-06-28,Cash,Welch PLC,School,7744,0,-7744,2,6,Wed,0
id299648,2023-06-28,SavingsBank,Salary,Salary,0,108495,108495,2,6,Wed,0
id507878,2023-06-28,SavingsBank,Vaughan Ltd,Telephone,6753,0,-6753,2,6,Wed,0
id626275,2023-06-29,CheckingAccount,Alexander-Bailey,Internet,6624,0,-6624,2,6,Thu,0
id589837,2023-06-29,SavingsBank,Wade Murray and Jones,Investment,3037,0,-3037,2,6,Thu,1
id228514,2023-06-29,CheckingAccount,Warren Inc,Dinner,4161,0,-4161,2,6,Thu,0
id258546,2023-06-29,Cash,Carlson-Wheeler,School,5267,0,-5267,2,6,Thu,0
id631618,2023-06-29,SavingsBank,Interest,Interest,0,7520,7520,2,6,Thu,0
id417742,2023-06-29,Cash,Green Bond and Wood,House,6983,0,-6983,2,6,Thu,0
id356793,2023-06-29,Cash,Mathis Jones and Thompson,Telephone,9966,0,-9966,2,6,Thu,0
id121070,2023-06-29,CheckingAccount,Valenzuela-White,Telephone,8108,0,-8108,2,6,Thu,0
id114138,2023-06-29,SavingsBank,Interest,Interest,0,5672,5672,2,6,Thu,0
id947145,2023-06-29,CheckingAccount,Lopez Inc,Investment,504,0,-504,2,6,Thu,1
id663902,2023-06-30,Cash,Hardy-Wu,School,2213,0,-2213,2,6,Fri,0
id928609,2023-06-30,Cash,Phillips-Bass,School,9270,0,-9270,2,6,Fri,0
id166299,2023-06-30,CheckingAccount,Nichols-Watkins,Tax,2352,0,-2352,2,6,Fri,0
id174140,2023-06-30,CheckingAccount,Daniels-Pacheco,Insurance,2855,0,-2855,2,6,Fri,0
id717693,2023-06-30,CheckingAccount,White-Alexander,Fuel,4079,0,-4079,2,6,Fri,0
id773838,2023-07-01,CreditCard,Leach Group,School,963,0,-963,3,7,Sat,0
id772236,2023-07-01,CheckingAccount,Owens and Sons,House,3104,0,-3104,3,7,Sat,0
id449651,2023-07-01,SavingsBank,Walker-Aguilar,Investment,9915,0,-9915,3,7,Sat,1
id744788,2023-07-01,Cash,Dean Group,Telephone,4627,0,-4627,3,7,Sat,0
id649810,2023-07-01,Cash,Jimenez-Byrd,Fuel,5491,0,-5491,3,7,Sat,0
id648390,2023-07-01,CheckingAccount,Driver,Hire,9916,0,-9916,3,7,Sat,0
id163404,2023-07-01,CreditCard,Williamson Ltd,Books,9044,0,-9044,3,7,Sat,0
id111459,2023-07-01,CheckingAccount,Williams-Williams,Grocery,482,0,-482,3,7,Sat,0
id288765,2023-07-02,SavingsBank,Massey-Sellers,Investment,570,0,-570,3,7,Sun,1
id804932,2023-07-02,SavingsBank,Interest,Interest,0,9594,9594,3,7,Sun,0
id779768,2023-07-02,SavingsBank,Walker Group,Tax,4677,0,-4677,3,7,Sun,0
id734130,2023-07-02,Cash,Collins Anderson and Cruz,Insurance,2879,0,-2879,3,7,Sun,0
id798347,2023-07-02,SavingsBank,Garcia Anderson and Carroll,Insurance,2792,0,-2792,3,7,Sun,0
id897466,2023-07-02,SavingsBank,Diaz-Larsen,Telephone,2051,0,-2051,3,7,Sun,0
id983192,2023-07-02,SavingsBank,Good Mann and Cole,House,5843,0,-5843,3,7,Sun,0
id963528,2023-07-02,CreditCard,Bowen-Harris,Grocery,8019,0,-8019,3,7,Sun,0
id175030,2023-07-02,CheckingAccount,Daniels Hall and Barber,Fuel,2261,0,-2261,3,7,Sun,0
id990600,2023-07-02,SavingsBank,Cortez-Kim,Grocery,6759,0,-6759,3,7,Sun,0
id418486,2023-07-03,CheckingAccount,Wallace-Graham,Telephone,1961,0,-1961,3,7,Mon,0
id287835,2023-07-03,SavingsBank,Butler Group,School,1331,0,-1331,3,7,Mon,0
id980863,2023-07-03,Cash,Lane Ltd,House,6335,0,-6335,3,7,Mon,0
id294274,2023-07-03,SavingsBank,Wiley Fritz and Pineda,Books,7750,0,-7750,3,7,Mon,0
id189927,2023-07-03,CheckingAccount,Crane PLC,Tax,2808,0,-2808,3,7,Mon,0
id735234,2023-07-03,CheckingAccount,Mathis Reeves and Brown,Dinner,6838,0,-6838,3,7,Mon,0
id873208,2023-07-04,SavingsBank,Salary,Salary,0,32835,32835,3,7,Tue,0
id608965,2023-07-04,CheckingAccount,Reese LLC,Books,1153,0,-1153,3,7,Tue,0
id443001,2023-07-04,Cash,Decker-Brown,House,8186,0,-8186,3,7,Tue,0
id778993,2023-07-04,CheckingAccount,Wood-Hall,Fuel,3365,0,-3365,3,7,Tue,0
id633656,2023-07-04,Cash,Richardson-Harrington,Grocery,6615,0,-6615,3,7,Tue,0
id201097,2023-07-04,SavingsBank,Dividend,Dividend,0,4103,4103,3,7,Tue,0
id589763,2023-07-05,SavingsBank,Erickson Casey and Holmes,Books,7229,0,-7229,3,7,Wed,0
id587529,2023-07-05,Cash,Cooper Group,Insurance,7964,0,-7964,3,7,Wed,0
id804129,2023-07-05,CreditCard,Holt Ramirez and Chavez,House,3260,0,-3260,3,7,Wed,0
id783434,2023-07-05,Cash,Pierce-Edwards,Fuel,3736,0,-3736,3,7,Wed,0
id752509,2023-07-05,CreditCard,Rodriguez Murray and Harris,Fuel,7451,0,-7451,3,7,Wed,0
id958572,2023-07-06,CheckingAccount,Griffith-Sloan,Dinner,5251,0,-5251,3,7,Thu,0
id907940,2023-07-06,CheckingAccount,White-Jackson,School,7839,0,-7839,3,7,Thu,0
id215632,2023-07-06,Cash,Crane Chase and Henderson,Internet,3168,0,-3168,3,7,Thu,0
id606549,2023-07-06,CheckingAccount,Gilbert Group,Grocery,6286,0,-6286,3,7,Thu,0
id861086,2023-07-06,SavingsBank,Salary,Salary,0,10110,10110,3,7,Thu,0
id945529,2023-07-06,CheckingAccount,Flores-Mcdaniel,School,3973,0,-3973,3,7,Thu,0
id393161,2023-07-06,CreditCard,Neal-Johnson,Investment,4649,0,-4649,3,7,Thu,1
id390377,2023-07-06,CreditCard,Williams PLC,House,2692,0,-2692,3,7,Thu,0
id149574,2023-07-06,SavingsBank,Brooks-Davis,Dinner,9811,0,-9811,3,7,Thu,0
id314274,2023-07-07,SavingsBank,Cobb Inc,Books,1811,0,-1811,3,7,Fri,0
id903460,2023-07-07,Cash,Miller-Sanders,Fuel,9673,0,-9673,3,7,Fri,0
id991718,2023-07-07,CreditCard,Wallace Mitchell and Taylor,House,1794,0,-1794,3,7,Fri,0
id600149,2023-07-07,Cash,Cab,Hire,6478,0,-6478,3,7,Fri,0
id585680,2023-07-07,SavingsBank,Adams-Lee,School,3218,0,-3218,3,7,Fri,0
id202081,2023-07-07,Cash,Murphy Group,Telephone,1245,0,-1245,3,7,Fri,0
id122183,2023-07-07,SavingsBank,Black-Morris,Dinner,4661,0,-4661,3,7,Fri,0
id584797,2023-07-07,Cash,Alvarado Bean and Lewis,Fuel,5639,0,-5639,3,7,Fri,0
id599012,2023-07-07,CreditCard,Mccoy Nguyen and Nielsen,School,3463,0,-3463,3,7,Fri,0
id756172,2023-07-08,SavingsBank,Interest,Interest,0,1007,1007,3,7,Sat,0
id815667,2023-07-08,SavingsBank,Davis Group,Investment,5438,0,-5438,3,7,Sat,1
id811567,2023-07-08,CreditCard,Jackson Moss and Taylor,Telephone,2231,0,-2231,3,7,Sat,0
id605906,2023-07-08,SavingsBank,Salary,Salary,0,130770,130770,3,7,Sat,0
id654842,2023-07-09,Cash,Hampton-Brown,Insurance,5616,0,-5616,3,7,Sun,0
id989633,2023-07-09,CheckingAccount,Hughes-Owens,Investment,3503,0,-3503,3,7,Sun,1
id257660,2023-07-09,CreditCard,Stewart Mullins and Dalton,Insurance,8453,0,-8453,3,7,Sun,0
id540519,2023-07-09,CreditCard,Adams-Martinez,Grocery,3786,0,-3786,3,7,Sun,0
id965995,2023-07-09,CheckingAccount,Mcknight Myers and Kelly,Investment,6648,0,-6648,3,7,Sun,1
id703296,2023-07-09,SavingsBank,Crawford-Taylor,Internet,568,0,-568,3,7,Sun,0
id824099,2023-07-09,SavingsBank,Hicks LLC,Tax,225,0,-225,3,7,Sun,0
id355800,2023-07-09,CheckingAccount,Guerrero Martin and Walsh,Books,8491,0,-8491,3,7,Sun,0
id777915,2023-07-09,SavingsBank,Price Horn and Hernandez,Investment,566,0,-566,3,7,Sun,1
id930534,2023-07-09,SavingsBank,Dividend,Dividend,0,1705,1705,3,7,Sun,0
id364740,2023-07-09,SavingsBank,Interest,Interest,0,6263,6263,3,7,Sun,0
id944064,2023-07-09,CheckingAccount,Accountant,Hire,1935,0,-1935,3,7,Sun,0
id636209,2023-07-10,SavingsBank,Brady Ltd,Tax,8878,0,-8878,3,7,Mon,0
id463862,2023-07-10,CreditCard,Mendez-Ray,Grocery,1075,0,-1075,3,7,Mon,0
id952636,2023-07-10,CreditCard,Driver,Hire,449,0,-449,3,7,Mon,0
id127889,2023-07-10,SavingsBank,Clark PLC,Telephone,4104,0,-4104,3,7,Mon,0
id140904,2023-07-10,Cash,Parrish LLC,Books,5989,0,-5989,3,7,Mon,0
id756945,2023-07-10,CreditCard,Simpson-Love,Internet,2087,0,-2087,3,7,Mon,0
id745700,2023-07-11,CheckingAccount,Mckenzie Inc,Dinner,5161,0,-5161,3,7,Tue,0
id501994,2023-07-11,CheckingAccount,Johnson PLC,Tax,6531,0,-6531,3,7,Tue,0
id611587,2023-07-11,Cash,Delacruz-Russo,Investment,846,0,-846,3,7,Tue,1
id438079,2023-07-11,Cash,Taylor-Fleming,Telephone,3581,0,-3581,3,7,Tue,0
id756173,2023-07-11,CreditCard,Tucker LLC,School,8311,0,-8311,3,7,Tue,0
id431878,2023-07-11,Cash,Brown Inc,School,4073,0,-4073,3,7,Tue,0
id187409,2023-07-11,CheckingAccount,Chapman LLC,Dinner,2149,0,-2149,3,7,Tue,0
id838848,2023-07-11,CreditCard,Anderson PLC,Internet,5605,0,-5605,3,7,Tue,0
id954340,2023-07-11,Cash,Turner PLC,Tax,2847,0,-2847,3,7,Tue,0
id931730,2023-07-12,CreditCard,Johnston Shea and Pierce,Insurance,992,0,-992,3,7,Wed,0
id958060,2023-07-12,CreditCard,Harrison Powers and Powell,Grocery,5256,0,-5256,3,7,Wed,0
id668891,2023-07-12,CreditCard,Faulkner LLC,Books,5028,0,-5028,3,7,Wed,0
id407071,2023-07-13,CheckingAccount,Accountant,Hire,472,0,-472,3,7,Thu,0
id335699,2023-07-13,CreditCard,Hunter-Logan,Grocery,3022,0,-3022,3,7,Thu,0
id965379,2023-07-13,SavingsBank,Dividend,Dividend,0,4152,4152,3,7,Thu,0
id441966,2023-07-13,CheckingAccount,Washington Nichols and Miller,Books,5578,0,-5578,3,7,Thu,0
id456556,2023-07-13,SavingsBank,Clark-Knight,School,8194,0,-8194,3,7,Thu,0
id458497,2023-07-14,SavingsBank,Romero-Cummings,Telephone,1523,0,-1523,3,7,Fri,0
id326206,2023-07-14,CheckingAccount,Sellers-Martin,Insurance,8173,0,-8173,3,7,Fri,0
id453311,2023-07-14,SavingsBank,Interest,Interest,0,7361,7361,3,7,Fri,0
id657020,2023-07-15,CheckingAccount,Torres Schwartz and Page,Tax,7928,0,-7928,3,7,Sat,0
id882194,2023-07-15,Cash,Chan Gonzalez and Deleon,Insurance,2953,0,-2953,3,7,Sat,0
id143853,2023-07-15,CreditCard,Austin and Sons,Insurance,5705,0,-5705,3,7,Sat,0
id707990,2023-07-15,CheckingAccount,Klein Inc,Dinner,1052,0,-1052,3,7,Sat,0
id137853,2023-07-15,CheckingAccount,Davis Hunt and Ryan,School,7523,0,-7523,3,7,Sat,0
id479569,2023-07-15,CreditCard,Gilbert-Perez,Grocery,9780,0,-9780,3,7,Sat,0
id716431,2023-07-15,SavingsBank,Joseph LLC,Telephone,9847,0,-9847,3,7,Sat,0
id376634,2023-07-16,CreditCard,Adkins Santana and Wilkinson,Telephone,3021,0,-3021,3,7,Sun,0
id144798,2023-07-16,SavingsBank,Driver,Hire,8754,0,-8754,3,7,Sun,0
id788519,2023-07-16,Cash,Williams Murillo and Suarez,Insurance,4305,0,-4305,3,7,Sun,0
id747472,2023-07-16,CreditCard,Cab,Hire,2031,0,-2031,3,7,Sun,0
id830810,2023-07-16,CreditCard,Morris and Sons,Books,9922,0,-9922,3,7,Sun,0
id427564,2023-07-17,Cash,Jackson-Anderson,Insurance,5796,0,-5796,3,7,Mon,0
id829137,2023-07-17,SavingsBank,Simpson Ramirez and Murphy,Tax,3086,0,-3086,3,7,Mon,0
id855746,2023-07-17,Cash,Lamb Steele and Wright,Dinner,1797,0,-1797,3,7,Mon,0
id151422,2023-07-17,Cash,Hernandez Ltd,Telephone,9091,0,-9091,3,7,Mon,0
id250174,2023-07-17,Cash,Gibson Hernandez and Harris,Dinner,4110,0,-4110,3,7,Mon,0
id618742,2023-07-17,CheckingAccount,Morrison LLC,Internet,646,0,-646,3,7,Mon,0
id494585,2023-07-17,Cash,Perkins-Poole,House,2461,0,-2461,3,7,Mon,0
id910035,2023-07-17,Cash,Molina Inc,Investment,4042,0,-4042,3,7,Mon,1
id366167,2023-07-18,Cash,Mills Group,School,6353,0,-6353,3,7,Tue,0
id578727,2023-07-18,CheckingAccount,Stone Lopez and Arnold,Books,1027,0,-1027,3,7,Tue,0
id301942,2023-07-19,SavingsBank,Garcia-Luna,Tax,1251,0,-1251,3,7,Wed,0
id133650,2023-07-19,Cash,Mcdaniel Inc,Dinner,9772,0,-9772,3,7,Wed,0
id801759,2023-07-19,SavingsBank,Driver,Hire,4311,0,-4311,3,7,Wed,0
id547356,2023-07-19,CreditCard,Alvarez-Griffin,Telephone,3634,0,-3634,3,7,Wed,0
id804768,2023-07-19,CreditCard,Garza LLC,Internet,6987,0,-6987,3,7,Wed,0
id715097,2023-07-19,SavingsBank,Dividend,Dividend,0,1989,1989,3,7,Wed,0
id568949,2023-07-19,CheckingAccount,White Carter and Young,House,6868,0,-6868,3,7,Wed,0
id430343,2023-07-19,CreditCard,Williams-Vazquez,School,6957,0,-6957,3,7,Wed,0
id864128,2023-07-20,CreditCard,Frazier LLC,Insurance,159,0,-159,3,7,Thu,0
id817143,2023-07-20,Cash,Benton LLC,Fuel,7589,0,-7589,3,7,Thu,0
id727693,2023-07-20,CheckingAccount,Simon-Silva,Grocery,6745,0,-6745,3,7,Thu,0
id335868,2023-07-20,Cash,Cleaning,Hire,3571,0,-3571,3,7,Thu,0
id744735,2023-07-20,Cash,Chavez Inc,Insurance,7155,0,-7155,3,7,Thu,0
id212638,2023-07-20,SavingsBank,Allen and Sons,Tax,4500,0,-4500,3,7,Thu,0
id642475,2023-07-21,SavingsBank,Cab,Hire,3542,0,-3542,3,7,Fri,0
id784418,2023-07-21,CheckingAccount,Stanley LLC,Insurance,8272,0,-8272,3,7,Fri,0
id430665,2023-07-21,CreditCard,Todd-Rivera,Grocery,5574,0,-5574,3,7,Fri,0
id226435,2023-07-21,CreditCard,Smith Morrison and Jackson,Dinner,845,0,-845,3,7,Fri,0
id470983,2023-07-22,Cash,Hawkins-Vasquez,Tax,8852,0,-8852,3,7,Sat,0
id453287,2023-07-22,CreditCard,Accountant,Hire,8500,0,-8500,3,7,Sat,0
id371129,2023-07-22,SavingsBank,Dividend,Dividend,0,1125,1125,3,7,Sat,0
id786737,2023-07-22,Cash,Meyer LLC,School,4234,0,-4234,3,7,Sat,0
id564357,2023-07-22,CreditCard,Gutierrez Hicks and Pratt,House,4158,0,-4158,3,7,Sat,0
id344870,2023-07-22,Cash,Dunlap Ltd,Tax,5993,0,-5993,3,7,Sat,0
id310822,2023-07-22,Cash,Cab,Hire,5534,0,-5534,3,7,Sat,0
id922719,2023-07-23,Cash,Young Ltd,Fuel,1194,0,-1194,3,7,Sun,0
id359133,2023-07-23,Cash,Sharp-Harrison,School,7255,0,-7255,3,7,Sun,0
id413289,2023-07-23,SavingsBank,Driver,Hire,3793,0,-3793,3,7,Sun,0
id150662,2023-07-23,SavingsBank,Houston Clark and Vaughan,House,9011,0,-9011,3,7,Sun,0
id433557,2023-07-23,Cash,Diaz and Sons,Investment,7526,0,-7526,3,7,Sun,1
id552654,2023-07-23,CreditCard,Diaz Mathis and Gill,Books,2189,0,-2189,3,7,Sun,0
id904285,2023-07-23,SavingsBank,Owens Frazier and Sutton,House,4681,0,-4681,3,7,Sun,0
id710756,2023-07-23,CheckingAccount,Grimes and Sons,Dinner,5957,0,-5957,3,7,Sun,0
id232237,2023-07-23,CheckingAccount,Rogers-Franklin,Investment,130,0,-130,3,7,Sun,1
id747044,2023-07-23,Cash,Johns LLC,School,8141,0,-8141,3,7,Sun,0
id558491,2023-07-23,SavingsBank,Dividend,Dividend,0,1347,1347,3,7,Sun,0
id817987,2023-07-24,SavingsBank,Chapman LLC,Fuel,7200,0,-7200,3,7,Mon,0
id856145,2023-07-24,CreditCard,West Bennett and Gay,Insurance,5107,0,-5107,3,7,Mon,0
id990678,2023-07-24,CheckingAccount,Johnson Knight and Stark,Telephone,1225,0,-1225,3,7,Mon,0
id237197,2023-07-24,CheckingAccount,Warner Inc,Dinner,2985,0,-2985,3,7,Mon,0
id179162,2023-07-24,SavingsBank,Salary,Salary,0,139215,139215,3,7,Mon,0
id899918,2023-07-24,SavingsBank,Chen-Collins,House,6815,0,-6815,3,7,Mon,0
id317313,2023-07-25,CreditCard,Garcia Ramos and Bautista,Internet,3130,0,-3130,3,7,Tue,0
id667244,2023-07-25,Cash,Martin Martin and Buck,Grocery,7960,0,-7960,3,7,Tue,0
id206246,2023-07-25,CreditCard,Weber-Young,School,2728,0,-2728,3,7,Tue,0
id588736,2023-07-25,CreditCard,Driver,Hire,7368,0,-7368,3,7,Tue,0
id658778,2023-07-25,CheckingAccount,Mathews Inc,School,4556,0,-4556,3,7,Tue,0
id739364,2023-07-25,SavingsBank,Interest,Interest,0,8489,8489,3,7,Tue,0
id832889,2023-07-25,CheckingAccount,Moore-Douglas,School,2483,0,-2483,3,7,Tue,0
id111589,2023-07-26,SavingsBank,Hoffman-Parsons,Insurance,5191,0,-5191,3,7,Wed,0
id743346,2023-07-26,CreditCard,Accountant,Hire,2592,0,-2592,3,7,Wed,0
id915539,2023-07-26,CreditCard,Thompson-Wright,House,7416,0,-7416,3,7,Wed,0
id663530,2023-07-26,SavingsBank,Oneal-Smith,Internet,7904,0,-7904,3,7,Wed,0
id234006,2023-07-26,SavingsBank,Pope-Curtis,Internet,5748,0,-5748,3,7,Wed,0
id620040,2023-07-26,Cash,Schultz Lee and Park,Tax,7554,0,-7554,3,7,Wed,0
id684043,2023-07-26,CreditCard,Ellis LLC,Grocery,5160,0,-5160,3,7,Wed,0
id529066,2023-07-26,CheckingAccount,Alvarado Group,Grocery,3951,0,-3951,3,7,Wed,0
id508865,2023-07-26,CreditCard,Driver,Hire,8208,0,-8208,3,7,Wed,0
id811389,2023-07-27,CheckingAccount,Robinson-Berger,School,5516,0,-5516,3,7,Thu,0
id635945,2023-07-27,SavingsBank,Carey-Conrad,House,5560,0,-5560,3,7,Thu,0
id285953,2023-07-28,CheckingAccount,Everett-Hill,Grocery,4248,0,-4248,3,7,Fri,0
id601450,2023-07-28,SavingsBank,Interest,Interest,0,9636,9636,3,7,Fri,0
id450745,2023-07-28,SavingsBank,Knight Roman and Collier,Tax,483,0,-483,3,7,Fri,0
id276660,2023-07-28,CreditCard,Mcbride Gamble and Miller,Fuel,5027,0,-5027,3,7,Fri,0
id696352,2023-07-28,Cash,Bates Simon and Simpson,Grocery,3632,0,-3632,3,7,Fri,0
id400995,2023-07-28,CreditCard,Smith Jones and Carter,Telephone,7693,0,-7693,3,7,Fri,0
id250697,2023-07-28,CreditCard,Foster Bridges and Fields,Tax,5651,0,-5651,3,7,Fri,0
id542252,2023-07-28,SavingsBank,Barton Ltd,School,7063,0,-7063,3,7,Fri,0
id402282,2023-07-29,CheckingAccount,Bryant Nguyen and Williams,Fuel,6474,0,-6474,3,7,Sat,0
id282923,2023-07-29,Cash,Driver,Hire,2331,0,-2331,3,7,Sat,0
id763628,2023-07-29,CreditCard,Mora-Rodriguez,Internet,9879,0,-9879,3,7,Sat,0
id466617,2023-07-29,CreditCard,Faulkner-Miller,School,6297,0,-6297,3,7,Sat,0
id224150,2023-07-29,CreditCard,Hernandez-Ewing,Dinner,5162,0,-5162,3,7,Sat,0
id297528,2023-07-29,CreditCard,Lee Schwartz and Hayes,Internet,7975,0,-7975,3,7,Sat,0
id677775,2023-07-30,SavingsBank,Russell Ltd,House,3091,0,-3091,3,7,Sun,0
id845984,2023-07-30,Cash,Accountant,Hire,7091,0,-7091,3,7,Sun,0
id709432,2023-07-30,SavingsBank,Barnes Mckay and Matthews,Tax,9970,0,-9970,3,7,Sun,0
id166074,2023-07-30,CreditCard,Parker Davidson and Stephens,Books,8440,0,-8440,3,7,Sun,0
id934180,2023-07-31,CreditCard,Lynch and Sons,Books,4163,0,-4163,3,7,Mon,0
id492705,2023-07-31,CheckingAccount,Myers-Martinez,Grocery,1387,0,-1387,3,7,Mon,0
id961847,2023-07-31,CheckingAccount,Lee-Pena,Dinner,3751,0,-3751,3,7,Mon,0
id490173,2023-07-31,Cash,Delgado and Sons,Grocery,1811,0,-1811,3,7,Mon,0
id528258,2023-08-01,Cash,Newman Cooper and Steele,Internet,2689,0,-2689,3,8,Tue,0
id272462,2023-08-01,CreditCard,Peters Ltd,Books,3236,0,-3236,3,8,Tue,0
id391651,2023-08-01,CreditCard,Lopez-Harris,Fuel,2976,0,-2976,3,8,Tue,0
id807833,2023-08-01,Cash,Morales-Rose,School,6235,0,-6235,3,8,Tue,0
id944515,2023-08-01,SavingsBank,Ray-Good,Dinner,2133,0,-2133,3,8,Tue,0
id359129,2023-08-02,Cash,Santana Group,Insurance,8507,0,-8507,3,8,Wed,0
id193702,2023-08-02,Cash,Jones Jones and Acevedo,Grocery,9383,0,-9383,3,8,Wed,0
id322745,2023-08-02,Cash,Estes-Hunter,Dinner,8054,0,-8054,3,8,Wed,0
id828145,2023-08-02,Cash,Cab,Hire,6529,0,-6529,3,8,Wed,0
id568688,2023-08-02,CheckingAccount,Harper-Price,School,3815,0,-3815,3,8,Wed,0
id707228,2023-08-02,CreditCard,Moss Ltd,House,274,0,-274,3,8,Wed,0
id610322,2023-08-02,CheckingAccount,Newton-Hunt,Dinner,3225,0,-3225,3,8,Wed,0
id285485,2023-08-02,CreditCard,Driver,Hire,7081,0,-7081,3,8,Wed,0
id531061,2023-08-03,CreditCard,Newman Jackson and Ellis,Internet,1483,0,-1483,3,8,Thu,0
id784240,2023-08-03,CheckingAccount,Gray PLC,Fuel,1832,0,-1832,3,8,Thu,0
id173112,2023-08-03,Cash,Noble Ltd,Fuel,690,0,-690,3,8,Thu,0
id542713,2023-08-03,SavingsBank,Webster and Sons,Tax,9074,0,-9074,3,8,Thu,0
id811525,2023-08-03,CreditCard,Irwin PLC,House,6657,0,-6657,3,8,Thu,0
id661330,2023-08-03,CreditCard,Accountant,Hire,5780,0,-5780,3,8,Thu,0
id306440,2023-08-03,SavingsBank,Salary,Salary,0,21795,21795,3,8,Thu,0
id601575,2023-08-03,Cash,Bowen Brown and Sanchez,Investment,7587,0,-7587,3,8,Thu,1
id504184,2023-08-04,Cash,Cortez-Young,Grocery,5064,0,-5064,3,8,Fri,0
id544785,2023-08-04,CreditCard,Thomas-Bennett,School,7649,0,-7649,3,8,Fri,0
id805232,2023-08-04,Cash,Hunter-Lloyd,Telephone,8220,0,-8220,3,8,Fri,0
id506451,2023-08-04,CreditCard,Morgan-Jackson,Tax,7818,0,-7818,3,8,Fri,0
id985843,2023-08-04,SavingsBank,Diaz PLC,Books,2200,0,-2200,3,8,Fri,0
id495697,2023-08-04,SavingsBank,Mason PLC,Dinner,1742,0,-1742,3,8,Fri,0
id404781,2023-08-04,CreditCard,Rollins-Young,Fuel,3900,0,-3900,3,8,Fri,0
id318637,2023-08-05,Cash,Johnson-Weaver,Fuel,5537,0,-5537,3,8,Sat,0
id893750,2023-08-05,Cash,Chavez Foster and Robinson,Fuel,8631,0,-8631,3,8,Sat,0
id822251,2023-08-05,SavingsBank,Interest,Interest,0,2152,2152,3,8,Sat,0
id587881,2023-08-05,CheckingAccount,Parker Reynolds and Smith,Fuel,5590,0,-5590,3,8,Sat,0
id787561,2023-08-05,SavingsBank,Serrano-Russo,House,8716,0,-8716,3,8,Sat,0
id876143,2023-08-05,Cash,Baker Smith and Watson,Telephone,7643,0,-7643,3,8,Sat,0
id159536,2023-08-05,CheckingAccount,Willis-Carr,House,1232,0,-1232,3,8,Sat,0
id846089,2023-08-05,SavingsBank,Morgan-Lynn,Fuel,8837,0,-8837,3,8,Sat,0
id636645,2023-08-06,Cash,Accountant,Hire,3146,0,-3146,3,8,Sun,0
id150354,2023-08-06,CheckingAccount,Cleaning,Hire,8407,0,-8407,3,8,Sun,0
id281775,2023-08-06,CreditCard,Cook Montes and Hansen,Tax,8321,0,-8321,3,8,Sun,0
id531946,2023-08-06,CheckingAccount,Hickman PLC,House,3510,0,-3510,3,8,Sun,0
id224619,2023-08-06,CheckingAccount,Hall-Ferguson,Dinner,4387,0,-4387,3,8,Sun,0
id347425,2023-08-06,Cash,Barrett Jones and Moore,Telephone,2484,0,-2484,3,8,Sun,0
id788031,2023-08-06,CreditCard,Copeland Hayes and Wood,Tax,6460,0,-6460,3,8,Sun,0
id848966,2023-08-06,CheckingAccount,Lopez Francis and Armstrong,Books,1809,0,-1809,3,8,Sun,0
id848643,2023-08-06,Cash,Barnes Williams and Warren,Fuel,3996,0,-3996,3,8,Sun,0
id717164,2023-08-07,CheckingAccount,Hernandez Boyd and Crawford,Investment,7335,0,-7335,3,8,Mon,1
id160099,2023-08-07,CheckingAccount,Shepherd Mendoza and Thomas,Internet,5621,0,-5621,3,8,Mon,0
id151192,2023-08-07,CheckingAccount,Miller and Sons,Insurance,120,0,-120,3,8,Mon,0
id295300,2023-08-07,CheckingAccount,Martinez-Adams,Books,9509,0,-9509,3,8,Mon,0
id681921,2023-08-07,CreditCard,Lopez Mills and Brown,Tax,5291,0,-5291,3,8,Mon,0
id581749,2023-08-07,Cash,Edwards Myers and Torres,Grocery,5927,0,-5927,3,8,Mon,0
id436443,2023-08-07,Cash,Hopkins-Mathews,Grocery,4152,0,-4152,3,8,Mon,0
id365765,2023-08-08,SavingsBank,Goodwin-Robbins,Telephone,3703,0,-3703,3,8,Tue,0
id449904,2023-08-08,CreditCard,Lloyd Group,Dinner,9805,0,-9805,3,8,Tue,0
id552770,2023-08-09,CheckingAccount,Stone Inc,Tax,777,0,-777,3,8,Wed,0
id686455,2023-08-09,CreditCard,Acosta-Martinez,Investment,7373,0,-7373,3,8,Wed,1
id911388,2023-08-10,CreditCard,Cleaning,Hire,9739,0,-9739,3,8,Thu,0
id734419,2023-08-10,CreditCard,Torres Crawford and Goodman,Investment,4642,0,-4642,3,8,Thu,1
id946120,2023-08-11,Cash,Hood Campbell and Watson,Grocery,2896,0,-2896,3,8,Fri,0
id440406,2023-08-11,CheckingAccount,Bradley-Montgomery,Telephone,9211,0,-9211,3,8,Fri,0
id204549,2023-08-11,Cash,Washington Joyce and Lane,School,3658,0,-3658,3,8,Fri,0
id219090,2023-08-11,SavingsBank,Dividend,Dividend,0,5056,5056,3,8,Fri,0
id827297,2023-08-11,Cash,Taylor Riddle and Vargas,House,6791,0,-6791,3,8,Fri,0
id510875,2023-08-11,CheckingAccount,Aguirre-Graham,School,6962,0,-6962,3,8,Fri,0
id416897,2023-08-11,SavingsBank,Cole-Perry,Internet,5023,0,-5023,3,8,Fri,0
id114990,2023-08-11,CheckingAccount,Bartlett Parks and Esparza,House,8796,0,-8796,3,8,Fri,0
id644813,2023-08-11,SavingsBank,Smith LLC,Tax,1021,0,-1021,3,8,Fri,0
id677647,2023-08-12,CheckingAccount,Armstrong Inc,Internet,5764,0,-5764,3,8,Sat,0
id565265,2023-08-12,Cash,Bell Inc,Insurance,8027,0,-8027,3,8,Sat,0
id332715,2023-08-12,Cash,Dickson-Moore,Telephone,8316,0,-8316,3,8,Sat,0
id844521,2023-08-12,Cash,Brown-Jackson,Telephone,2627,0,-2627,3,8,Sat,0
id541560,2023-08-12,SavingsBank,Driver,Hire,4494,0,-4494,3,8,Sat,0
id482803,2023-08-13,Cash,Jarvis Moore and Lee,Books,7299,0,-7299,3,8,Sun,0
id392460,2023-08-13,SavingsBank,Dividend,Dividend,0,8806,8806,3,8,Sun,0
id759503,2023-08-13,SavingsBank,Mccullough Inc,School,186,0,-186,3,8,Sun,0
id123107,2023-08-13,CreditCard,Cook Bean and Lopez,Fuel,9206,0,-9206,3,8,Sun,0
id393711,2023-08-13,SavingsBank,Rosario and Sons,Books,7978,0,-7978,3,8,Sun,0
id639063,2023-08-13,SavingsBank,Salary,Salary,0,64365,64365,3,8,Sun,0
id809107,2023-08-13,CreditCard,Davila Inc,House,6953,0,-6953,3,8,Sun,0
id819692,2023-08-13,Cash,Cab,Hire,1717,0,-1717,3,8,Sun,0
id439687,2023-08-14,SavingsBank,Cab,Hire,8512,0,-8512,3,8,Mon,0
id205493,2023-08-14,SavingsBank,Interest,Interest,0,9603,9603,3,8,Mon,0
id819084,2023-08-14,CreditCard,Meyer Barr and Shelton,Dinner,2211,0,-2211,3,8,Mon,0
id704493,2023-08-14,CheckingAccount,Palmer-Whitney,School,9761,0,-9761,3,8,Mon,0
id780915,2023-08-14,CheckingAccount,Reid-Steele,Dinner,3374,0,-3374,3,8,Mon,0
id697830,2023-08-14,SavingsBank,Williams-Brown,Tax,7021,0,-7021,3,8,Mon,0
id457250,2023-08-14,Cash,Arroyo Taylor and Dickson,Dinner,845,0,-845,3,8,Mon,0
id737756,2023-08-14,CheckingAccount,Baker-Day,Books,2212,0,-2212,3,8,Mon,0
id544788,2023-08-14,CreditCard,Melton LLC,Internet,5683,0,-5683,3,8,Mon,0
id644671,2023-08-14,SavingsBank,Cobb Norton and Carter,Tax,797,0,-797,3,8,Mon,0
id432850,2023-08-15,SavingsBank,Deleon Bruce and Hawkins,School,752,0,-752,3,8,Tue,0
id940136,2023-08-15,CheckingAccount,Joseph-Wilson,Grocery,295,0,-295,3,8,Tue,0
id553823,2023-08-15,CreditCard,Richmond PLC,Insurance,2017,0,-2017,3,8,Tue,0
id654332,2023-08-15,SavingsBank,Hernandez Salazar and Schneider,Tax,1779,0,-1779,3,8,Tue,0
id745026,2023-08-15,SavingsBank,Salary,Salary,0,110805,110805,3,8,Tue,0
id626681,2023-08-15,CreditCard,Moody-Norton,Books,7437,0,-7437,3,8,Tue,0
id324866,2023-08-15,Cash,Keller-Hernandez,School,1608,0,-1608,3,8,Tue,0
id461053,2023-08-15,SavingsBank,Young Group,Grocery,5869,0,-5869,3,8,Tue,0
id472651,2023-08-15,SavingsBank,Swanson LLC,Grocery,8955,0,-8955,3,8,Tue,0
id336538,2023-08-16,SavingsBank,Gomez Moore and Davis,School,6036,0,-6036,3,8,Wed,0
id223808,2023-08-16,SavingsBank,Davis Buchanan and Malone,Fuel,8393,0,-8393,3,8,Wed,0
id953342,2023-08-16,CheckingAccount,Stein and Sons,Dinner,8139,0,-8139,3,8,Wed,0
id695526,2023-08-16,SavingsBank,Interest,Interest,0,7797,7797,3,8,Wed,0
id402579,2023-08-16,CreditCard,Anderson Group,House,3456,0,-3456,3,8,Wed,0
id374879,2023-08-16,CreditCard,Accountant,Hire,9481,0,-9481,3,8,Wed,0
id575943,2023-08-16,CreditCard,Parker Inc,Internet,5766,0,-5766,3,8,Wed,0
id599049,2023-08-16,CheckingAccount,Williams and Sons,Books,6815,0,-6815,3,8,Wed,0
id127814,2023-08-16,Cash,Hernandez PLC,Fuel,7892,0,-7892,3,8,Wed,0
id397707,2023-08-16,CreditCard,Galloway Inc,House,707,0,-707,3,8,Wed,0
id721055,2023-08-16,CheckingAccount,Maldonado-Lewis,Books,3450,0,-3450,3,8,Wed,0
id871579,2023-08-16,CreditCard,Jackson-Coleman,Insurance,7701,0,-7701,3,8,Wed,0
id373450,2023-08-16,CreditCard,Williamson-Glover,Internet,7043,0,-7043,3,8,Wed,0
id716766,2023-08-17,SavingsBank,Scott Ltd,House,5341,0,-5341,3,8,Thu,0
id203993,2023-08-17,Cash,Martinez and Sons,School,3967,0,-3967,3,8,Thu,0
id836219,2023-08-17,SavingsBank,Interest,Interest,0,3154,3154,3,8,Thu,0
id121570,2023-08-17,Cash,Morris-Jones,Grocery,7330,0,-7330,3,8,Thu,0
id268446,2023-08-17,SavingsBank,Interest,Interest,0,2300,2300,3,8,Thu,0
id214540,2023-08-17,CreditCard,Reed Inc,School,5515,0,-5515,3,8,Thu,0
id142515,2023-08-17,CheckingAccount,Martinez-Clark,School,9314,0,-9314,3,8,Thu,0
id937394,2023-08-17,SavingsBank,Reynolds Reed and Martinez,Tax,4930,0,-4930,3,8,Thu,0
id964743,2023-08-18,SavingsBank,Brewer Meyers and Ryan,Fuel,7445,0,-7445,3,8,Fri,0
id548668,2023-08-18,CheckingAccount,Gibson Inc,Grocery,7861,0,-7861,3,8,Fri,0
id120219,2023-08-18,CheckingAccount,Jennings Gordon and Petersen,School,3961,0,-3961,3,8,Fri,0
id145914,2023-08-18,CreditCard,Driver,Hire,3686,0,-3686,3,8,Fri,0
id141731,2023-08-18,Cash,Stout Ltd,Investment,620,0,-620,3,8,Fri,1
id328603,2023-08-18,CreditCard,Thomas LLC,House,4205,0,-4205,3,8,Fri,0
id445018,2023-08-18,Cash,Powell-Woodard,House,963,0,-963,3,8,Fri,0
id505127,2023-08-18,CreditCard,Cleaning,Hire,5238,0,-5238,3,8,Fri,0
id157982,2023-08-18,CheckingAccount,Lee LLC,Tax,6761,0,-6761,3,8,Fri,0
id755080,2023-08-19,SavingsBank,Interest,Interest,0,3481,3481,3,8,Sat,0
id671146,2023-08-19,SavingsBank,Moore-Wilson,Grocery,4736,0,-4736,3,8,Sat,0
id936597,2023-08-19,SavingsBank,Garcia Ortiz and Austin,Dinner,714,0,-714,3,8,Sat,0
id709393,2023-08-19,SavingsBank,Salary,Salary,0,52785,52785,3,8,Sat,0
id345213,2023-08-19,CheckingAccount,Smith-Rush,Dinner,9555,0,-9555,3,8,Sat,0
id845336,2023-08-19,Cash,Salazar and Sons,Telephone,3680,0,-3680,3,8,Sat,0
id361540,2023-08-19,CreditCard,Cab,Hire,5004,0,-5004,3,8,Sat,0
id640016,2023-08-19,Cash,Reed Ltd,Books,9730,0,-9730,3,8,Sat,0
id114582,2023-08-19,CheckingAccount,Fuller and Sons,Grocery,9641,0,-9641,3,8,Sat,0
id916349,2023-08-19,Cash,Fuller Cannon and Montgomery,Insurance,6894,0,-6894,3,8,Sat,0
id360218,2023-08-19,CheckingAccount,Kennedy Thornton and Sexton,Insurance,1541,0,-1541,3,8,Sat,0
id423490,2023-08-20,Cash,Cab,Hire,3058,0,-3058,3,8,Sun,0
id929975,2023-08-20,CreditCard,Anderson-Barnes,Telephone,1432,0,-1432,3,8,Sun,0
id843239,2023-08-20,Cash,Bryant Inc,Internet,8261,0,-8261,3,8,Sun,0
id457930,2023-08-20,CheckingAccount,Brown Clark and Torres,Internet,4477,0,-4477,3,8,Sun,0
id787039,2023-08-20,CreditCard,Willis Dixon and Nguyen,Grocery,556,0,-556,3,8,Sun,0
id446727,2023-08-20,Cash,Mata Inc,House,5471,0,-5471,3,8,Sun,0
id810734,2023-08-21,SavingsBank,Dividend,Dividend,0,4373,4373,3,8,Mon,0
id269703,2023-08-21,CheckingAccount,Fields-Wilkinson,Insurance,2583,0,-2583,3,8,Mon,0
id265975,2023-08-21,Cash,Peterson Group,Tax,9567,0,-9567,3,8,Mon,0
id692695,2023-08-21,CreditCard,Clark Moody and Ball,School,2412,0,-2412,3,8,Mon,0
id885759,2023-08-21,SavingsBank,Perez Ltd,Investment,5137,0,-5137,3,8,Mon,1
id951603,2023-08-21,CreditCard,Burgess-Turner,Insurance,692,0,-692,3,8,Mon,0
id224544,2023-08-21,CreditCard,Knight Ltd,House,9692,0,-9692,3,8,Mon,0
id976810,2023-08-22,CheckingAccount,Kelley-Hall,Telephone,574,0,-574,3,8,Tue,0
id400616,2023-08-22,CheckingAccount,Robinson LLC,Fuel,9057,0,-9057,3,8,Tue,0
id712903,2023-08-22,Cash,Stewart Jimenez and Gardner,Investment,9698,0,-9698,3,8,Tue,1
id983248,2023-08-22,CheckingAccount,Price PLC,Fuel,6958,0,-6958,3,8,Tue,0
id214319,2023-08-22,CreditCard,Nash-Taylor,Fuel,2480,0,-2480,3,8,Tue,0
id853403,2023-08-22,CheckingAccount,Sanchez Cruz and Estes,Investment,5080,0,-5080,3,8,Tue,1
id850052,2023-08-22,CheckingAccount,Simmons Steele and Murphy,Dinner,1848,0,-1848,3,8,Tue,0
id692446,2023-08-23,Cash,Smith LLC,Insurance,4673,0,-4673,3,8,Wed,0
id507308,2023-08-23,Cash,Driver,Hire,475,0,-475,3,8,Wed,0
id924843,2023-08-23,Cash,Allen Lewis and Collins,House,4154,0,-4154,3,8,Wed,0
id885644,2023-08-23,CheckingAccount,Sutton Peterson and Haynes,Telephone,9802,0,-9802,3,8,Wed,0
id478784,2023-08-23,SavingsBank,Pearson Group,School,4280,0,-4280,3,8,Wed,0
id464604,2023-08-23,CheckingAccount,Turner-Henderson,Investment,9295,0,-9295,3,8,Wed,1
id306111,2023-08-23,CheckingAccount,Esparza-Burns,Investment,2204,0,-2204,3,8,Wed,1
id860118,2023-08-23,SavingsBank,Smith Inc,Tax,2830,0,-2830,3,8,Wed,0
id818919,2023-08-24,CheckingAccount,Delgado-Hicks,Dinner,5110,0,-5110,3,8,Thu,0
id489961,2023-08-24,Cash,Accountant,Hire,3370,0,-3370,3,8,Thu,0
id520829,2023-08-24,Cash,Perry Group,Fuel,3418,0,-3418,3,8,Thu,0
id896290,2023-08-24,Cash,Cab,Hire,6106,0,-6106,3,8,Thu,0
id304407,2023-08-24,Cash,Riley-Dickson,Fuel,9440,0,-9440,3,8,Thu,0
id564028,2023-08-24,CheckingAccount,Garrison-Miller,Investment,2386,0,-2386,3,8,Thu,1
id732588,2023-08-24,Cash,Dean Fox and Thompson,Insurance,8654,0,-8654,3,8,Thu,0
id942352,2023-08-25,CheckingAccount,Moon-Diaz,Fuel,5311,0,-5311,3,8,Fri,0
id437725,2023-08-25,CreditCard,Allen-Zimmerman,School,3692,0,-3692,3,8,Fri,0
id159579,2023-08-25,CheckingAccount,Weber-Craig,Investment,6366,0,-6366,3,8,Fri,1
id603812,2023-08-25,Cash,Hill-Bailey,Dinner,8081,0,-8081,3,8,Fri,0
id868328,2023-08-25,Cash,Hart Caldwell and Hamilton,Dinner,5160,0,-5160,3,8,Fri,0
id369864,2023-08-25,SavingsBank,Wagner Group,School,907,0,-907,3,8,Fri,0
id202637,2023-08-25,CheckingAccount,Hunter Kim and Mills,Telephone,5733,0,-5733,3,8,Fri,0
id924897,2023-08-25,Cash,Hopkins and Sons,Grocery,641,0,-641,3,8,Fri,0
id573942,2023-08-25,Cash,Foster-Aguirre,House,3132,0,-3132,3,8,Fri,0
id443828,2023-08-25,SavingsBank,Hayes Ltd,Internet,3249,0,-3249,3,8,Fri,0
id322443,2023-08-26,CheckingAccount,Martin Group,Telephone,4011,0,-4011,3,8,Sat,0
id384314,2023-08-26,CreditCard,Hardin Brown and Allen,Investment,7330,0,-7330,3,8,Sat,1
id503936,2023-08-26,CheckingAccount,Cleaning,Hire,1160,0,-1160,3,8,Sat,0
id195260,2023-08-26,CheckingAccount,Frye Group,Telephone,6689,0,-6689,3,8,Sat,0
id616092,2023-08-26,CheckingAccount,Sharp Smith and Terry,Books,9146,0,-9146,3,8,Sat,0
id243428,2023-08-26,Cash,Davis PLC,Internet,5375,0,-5375,3,8,Sat,0
id329813,2023-08-26,CreditCard,Clark Jones and Petty,Fuel,2148,0,-2148,3,8,Sat,0
id986663,2023-08-26,SavingsBank,Accountant,Hire,6315,0,-6315,3,8,Sat,0
id122396,2023-08-27,SavingsBank,Yu Patel and Snow,Fuel,5105,0,-5105,3,8,Sun,0
id708081,2023-08-27,CreditCard,Sanchez-Williams,Fuel,3447,0,-3447,3,8,Sun,0
id913718,2023-08-27,Cash,Moore-Turner,Dinner,3830,0,-3830,3,8,Sun,0
id380281,2023-08-27,SavingsBank,Thomas Sanchez and Anthony,House,5564,0,-5564,3,8,Sun,0
id589963,2023-08-27,Cash,Smith Dodson and Miller,School,6100,0,-6100,3,8,Sun,0
id838231,2023-08-27,SavingsBank,Jones PLC,Dinner,6543,0,-6543,3,8,Sun,0
id529348,2023-08-27,CheckingAccount,Lewis Martinez and Ingram,Tax,2327,0,-2327,3,8,Sun,0
id714545,2023-08-27,Cash,Wolf Williams and Perez,Grocery,5811,0,-5811,3,8,Sun,0
id502108,2023-08-27,Cash,Martinez LLC,Tax,135,0,-135,3,8,Sun,0
id467674,2023-08-27,SavingsBank,Dividend,Dividend,0,317,317,3,8,Sun,0
id721952,2023-08-27,Cash,Ruiz Group,Books,453,0,-453,3,8,Sun,0
id494723,2023-08-27,CheckingAccount,Nguyen Anderson and Evans,House,2142,0,-2142,3,8,Sun,0
id174241,2023-08-27,SavingsBank,Salary,Salary,0,32100,32100,3,8,Sun,0
id345806,2023-08-27,Cash,Bates and Sons,Investment,4124,0,-4124,3,8,Sun,1
id525584,2023-08-27,SavingsBank,Garcia-Nicholson,Tax,8178,0,-8178,3,8,Sun,0
id703082,2023-08-27,CheckingAccount,Hinton Garrison and Evans,Dinner,1553,0,-1553,3,8,Sun,0
id501028,2023-08-27,CheckingAccount,Hernandez Thompson and Harrison,Internet,6942,0,-6942,3,8,Sun,0
id626685,2023-08-27,Cash,Marshall Inc,Grocery,8060,0,-8060,3,8,Sun,0
id424117,2023-08-28,Cash,Rogers and Sons,Grocery,7458,0,-7458,3,8,Mon,0
id895852,2023-08-28,SavingsBank,Dividend,Dividend,0,6912,6912,3,8,Mon,0
id168721,2023-08-28,CheckingAccount,Accountant,Hire,2920,0,-2920,3,8,Mon,0
id518120,2023-08-28,Cash,Richardson-Hall,Telephone,4230,0,-4230,3,8,Mon,0
id162273,2023-08-28,CreditCard,Accountant,Hire,4362,0,-4362,3,8,Mon,0
id252539,2023-08-28,CheckingAccount,Mckinney Ltd,Telephone,8462,0,-8462,3,8,Mon,0
id946595,2023-08-28,CheckingAccount,Bryant Group,Grocery,5703,0,-5703,3,8,Mon,0
id370240,2023-08-29,Cash,Kirby and Sons,House,1953,0,-1953,3,8,Tue,0
id859337,2023-08-29,Cash,Burgess PLC,Insurance,2726,0,-2726,3,8,Tue,0
id219396,2023-08-29,SavingsBank,Santos Coleman and Gray,Internet,2153,0,-2153,3,8,Tue,0
id851774,2023-08-29,Cash,Chapman Group,Investment,3619,0,-3619,3,8,Tue,1
id509364,2023-08-29,SavingsBank,Cab,Hire,7136,0,-7136,3,8,Tue,0
id589033,2023-08-29,CheckingAccount,Parker Ltd,Tax,5431,0,-5431,3,8,Tue,0
id775643,2023-08-30,CheckingAccount,Roberts Howard and Arroyo,Books,487,0,-487,3,8,Wed,0
id154795,2023-08-30,Cash,Walker-Jones,Internet,2316,0,-2316,3,8,Wed,0
id446620,2023-08-30,CheckingAccount,French-Morris,Tax,2092,0,-2092,3,8,Wed,0
id365696,2023-08-30,CheckingAccount,Mcdonald Weiss and Torres,Investment,147,0,-147,3,8,Wed,1
id113277,2023-08-30,Cash,Pena-Perez,Dinner,5813,0,-5813,3,8,Wed,0
id663276,2023-08-30,CheckingAccount,Jones King and Hill,School,8002,0,-8002,3,8,Wed,0
id935356,2023-08-30,SavingsBank,Thomas Levine and Todd,House,7480,0,-7480,3,8,Wed,0
id412100,2023-08-30,CheckingAccount,White Ltd,Grocery,8704,0,-8704,3,8,Wed,0
id338342,2023-08-30,CreditCard,Jones Wilson and Haynes,Internet,9038,0,-9038,3,8,Wed,0
id345761,2023-08-31,CreditCard,Reilly-Lawrence,Dinner,5426,0,-5426,3,8,Thu,0
id184985,2023-08-31,Cash,Mosley-Calderon,Grocery,2255,0,-2255,3,8,Thu,0
id334058,2023-08-31,CheckingAccount,Clay PLC,School,6478,0,-6478,3,8,Thu,0
id255161,2023-08-31,CreditCard,Huynh-Butler,Telephone,2292,0,-2292,3,8,Thu,0
id172533,2023-08-31,SavingsBank,Austin Smith and Leon,House,9668,0,-9668,3,8,Thu,0
id415848,2023-08-31,CreditCard,Davis Caldwell and Richard,Books,1017,0,-1017,3,8,Thu,0
id683137,2023-09-01,CreditCard,Taylor-Pena,School,271,0,-271,3,9,Fri,0
id748577,2023-09-01,CheckingAccount,Potter Kane and Wise,Insurance,8033,0,-8033,3,9,Fri,0
id412730,2023-09-01,SavingsBank,Green Wilcox and Sanchez,House,6400,0,-6400,3,9,Fri,0
id288313,2023-09-01,CreditCard,Campbell Inc,Grocery,1582,0,-1582,3,9,Fri,0
id239716,2023-09-01,CreditCard,Cab,Hire,3493,0,-3493,3,9,Fri,0
id953746,2023-09-01,SavingsBank,Stevens Knox and Zamora,Fuel,5856,0,-5856,3,9,Fri,0
id807339,2023-09-01,Cash,Murphy Nicholson and Cooper,Fuel,4837,0,-4837,3,9,Fri,0
id239266,2023-09-02,CheckingAccount,Lewis-Myers,Investment,5382,0,-5382,3,9,Sat,1
id226370,2023-09-02,CheckingAccount,Ali-Davis,Grocery,6634,0,-6634,3,9,Sat,0
id454048,2023-09-02,CheckingAccount,Scott Li and Robbins,Tax,7209,0,-7209,3,9,Sat,0
id484685,2023-09-02,CheckingAccount,Vargas Nichols and Garcia,Investment,8442,0,-8442,3,9,Sat,1
id680733,2023-09-02,Cash,Stephenson and Sons,Grocery,116,0,-116,3,9,Sat,0
id879246,2023-09-03,CheckingAccount,Miller-Young,Dinner,8849,0,-8849,3,9,Sun,0
id976338,2023-09-03,SavingsBank,Dividend,Dividend,0,6158,6158,3,9,Sun,0
id472850,2023-09-03,CreditCard,Cleaning,Hire,7181,0,-7181,3,9,Sun,0
id902684,2023-09-03,CheckingAccount,Avila-Rivera,Investment,6054,0,-6054,3,9,Sun,1
id701190,2023-09-03,CheckingAccount,Waters-Lang,Grocery,9480,0,-9480,3,9,Sun,0
id533537,2023-09-03,SavingsBank,Wheeler and Sons,Grocery,6771,0,-6771,3,9,Sun,0
id145127,2023-09-03,CheckingAccount,Olson-Phillips,Telephone,4878,0,-4878,3,9,Sun,0
id261571,2023-09-04,Cash,White Inc,Internet,565,0,-565,3,9,Mon,0
id207351,2023-09-04,CreditCard,Ryan Jones and Holland,Grocery,8158,0,-8158,3,9,Mon,0
id676317,2023-09-04,CreditCard,Smith LLC,Tax,6909,0,-6909,3,9,Mon,0
id899101,2023-09-04,CheckingAccount,Stanley Brown and Carter,Investment,765,0,-765,3,9,Mon,1
id846102,2023-09-04,SavingsBank,Interest,Interest,0,6659,6659,3,9,Mon,0
id883436,2023-09-05,SavingsBank,Dividend,Dividend,0,1801,1801,3,9,Tue,0
id926631,2023-09-05,SavingsBank,Hicks-Warren,Insurance,2899,0,-2899,3,9,Tue,0
id628402,2023-09-05,Cash,Patel-Wong,Books,5753,0,-5753,3,9,Tue,0
id177154,2023-09-05,SavingsBank,Dividend,Dividend,0,5040,5040,3,9,Tue,0
id351670,2023-09-05,CreditCard,Holland PLC,Internet,3927,0,-3927,3,9,Tue,0
id738861,2023-09-05,CreditCard,Williams Wallace and Gray,Grocery,217,0,-217,3,9,Tue,0
id539864,2023-09-05,SavingsBank,Salary,Salary,0,96150,96150,3,9,Tue,0
id982831,2023-09-05,CreditCard,Gilbert Montoya and Mcdaniel,Telephone,4314,0,-4314,3,9,Tue,0
id452526,2023-09-06,CheckingAccount,Davis PLC,Books,3047,0,-3047,3,9,Wed,0
id496739,2023-09-06,SavingsBank,Hunt-Maddox,Investment,5056,0,-5056,3,9,Wed,1
id732057,2023-09-06,SavingsBank,Dyer LLC,Investment,8902,0,-8902,3,9,Wed,1
id502992,2023-09-06,CheckingAccount,Griffin-Fritz,Insurance,308,0,-308,3,9,Wed,0
id610822,2023-09-06,CheckingAccount,Walls Hanson and Chandler,Tax,2082,0,-2082,3,9,Wed,0
id227482,2023-09-06,SavingsBank,Interest,Interest,0,156,156,3,9,Wed,0
id481577,2023-09-07,SavingsBank,Dividend,Dividend,0,8609,8609,3,9,Thu,0
id179569,2023-09-07,CreditCard,Reed Allen and Boyd,Books,4473,0,-4473,3,9,Thu,0
id670258,2023-09-07,Cash,Smith Pope and Cook,School,8935,0,-8935,3,9,Thu,0
id531765,2023-09-07,SavingsBank,Adams Group,Telephone,3176,0,-3176,3,9,Thu,0
id464168,2023-09-07,CheckingAccount,Accountant,Hire,1108,0,-1108,3,9,Thu,0
id249793,2023-09-07,CreditCard,Fox Brooks and Gardner,Dinner,6122,0,-6122,3,9,Thu,0
id140915,2023-09-07,Cash,Guzman Sanchez and Barnes,Telephone,8755,0,-8755,3,9,Thu,0
id411246,2023-09-07,SavingsBank,Lee Group,Insurance,7052,0,-7052,3,9,Thu,0
id133710,2023-09-07,SavingsBank,Salary,Salary,0,143730,143730,3,9,Thu,0
id369278,2023-09-07,Cash,Jacobs Phillips and Washington,Grocery,2507,0,-2507,3,9,Thu,0
id173944,2023-09-07,SavingsBank,Carter-Roberts,Internet,6098,0,-6098,3,9,Thu,0
id780570,2023-09-08,CreditCard,Cox Jackson and Austin,Grocery,1220,0,-1220,3,9,Fri,0
id894674,2023-09-08,CheckingAccount,Stewart Group,Grocery,257,0,-257,3,9,Fri,0
id770119,2023-09-08,SavingsBank,Dividend,Dividend,0,7989,7989,3,9,Fri,0
id649622,2023-09-08,CreditCard,Poole-Simmons,Investment,3048,0,-3048,3,9,Fri,1
id811307,2023-09-08,SavingsBank,Stephens Group,House,2792,0,-2792,3,9,Fri,0
id699415,2023-09-09,Cash,Cooke-Cross,Insurance,9622,0,-9622,3,9,Sat,0
id281751,2023-09-09,CheckingAccount,Petty LLC,Tax,7540,0,-7540,3,9,Sat,0
id687044,2023-09-09,CreditCard,Jones PLC,Dinner,5219,0,-5219,3,9,Sat,0
id255630,2023-09-09,Cash,Stewart-Hernandez,Insurance,3921,0,-3921,3,9,Sat,0
id269773,2023-09-09,SavingsBank,Interest,Interest,0,3350,3350,3,9,Sat,0
id184400,2023-09-09,CreditCard,Gonzalez Taylor and Bradshaw,Dinner,9864,0,-9864,3,9,Sat,0
id849527,2023-09-09,CheckingAccount,Preston Schmidt and Sexton,Fuel,3675,0,-3675,3,9,Sat,0
id193412,2023-09-09,Cash,French Sutton and Jackson,Insurance,8211,0,-8211,3,9,Sat,0
id233666,2023-09-09,CreditCard,Taylor-Newman,Books,9299,0,-9299,3,9,Sat,0
id968524,2023-09-09,CreditCard,Sanchez Sanchez and Miranda,Internet,1282,0,-1282,3,9,Sat,0
id349947,2023-09-09,CheckingAccount,Jennings Holmes and Hernandez,Investment,1077,0,-1077,3,9,Sat,1
id906700,2023-09-10,CheckingAccount,Murphy LLC,Insurance,7775,0,-7775,3,9,Sun,0
id235005,2023-09-10,CheckingAccount,Hopkins-Pennington,Dinner,138,0,-138,3,9,Sun,0
id733881,2023-09-10,CreditCard,Hart Inc,Telephone,8740,0,-8740,3,9,Sun,0
id536402,2023-09-10,CreditCard,Savage Ltd,Fuel,8638,0,-8638,3,9,Sun,0
id954857,2023-09-10,SavingsBank,Interest,Interest,0,7692,7692,3,9,Sun,0
id598039,2023-09-10,CheckingAccount,Cab,Hire,857,0,-857,3,9,Sun,0
id333779,2023-09-10,CheckingAccount,Moore-Pacheco,Investment,6646,0,-6646,3,9,Sun,1
id797742,2023-09-11,Cash,Bridges Miller and Williams,Grocery,2254,0,-2254,3,9,Mon,0
id320600,2023-09-11,SavingsBank,Smith Murray and Conway,Investment,9502,0,-9502,3,9,Mon,1
id630822,2023-09-11,CreditCard,Crawford PLC,Internet,5064,0,-5064,3,9,Mon,0
id213352,2023-09-11,CreditCard,Frazier Wilson and Beard,Books,6203,0,-6203,3,9,Mon,0
id711516,2023-09-11,SavingsBank,Driver,Hire,5180,0,-5180,3,9,Mon,0
id726722,2023-09-11,Cash,Suarez PLC,Books,4165,0,-4165,3,9,Mon,0
id575525,2023-09-11,Cash,James Inc,Fuel,4374,0,-4374,3,9,Mon,0
id777927,2023-09-11,CreditCard,Christensen LLC,Tax,9647,0,-9647,3,9,Mon,0
id275475,2023-09-11,CreditCard,Rogers-Jackson,Books,8277,0,-8277,3,9,Mon,0
id445355,2023-09-11,SavingsBank,Cab,Hire,7521,0,-7521,3,9,Mon,0
id719265,2023-09-12,CreditCard,Johnson Harris and Richmond,School,7909,0,-7909,3,9,Tue,0
id478242,2023-09-12,SavingsBank,Stone LLC,Dinner,4047,0,-4047,3,9,Tue,0
id716670,2023-09-12,CheckingAccount,Thornton-Brock,Internet,4242,0,-4242,3,9,Tue,0
id767392,2023-09-12,CheckingAccount,Booth LLC,Dinner,1932,0,-1932,3,9,Tue,0
id969285,2023-09-13,Cash,Brown Wyatt and Lewis,Insurance,1216,0,-1216,3,9,Wed,0
id988697,2023-09-13,SavingsBank,Sanders Gomez and Moon,Books,2791,0,-2791,3,9,Wed,0
id448936,2023-09-13,SavingsBank,Howard-Day,House,4662,0,-4662,3,9,Wed,0
id463354,2023-09-13,Cash,Parks Hale and Crawford,Telephone,7677,0,-7677,3,9,Wed,0
id287005,2023-09-13,CreditCard,Miller-Garcia,Telephone,7013,0,-7013,3,9,Wed,0
id928417,2023-09-13,Cash,Clark-Aguilar,House,9930,0,-9930,3,9,Wed,0
id368977,2023-09-13,CheckingAccount,Mccoy White and Mann,Internet,1549,0,-1549,3,9,Wed,0
id193970,2023-09-13,CheckingAccount,Spencer Ltd,School,8435,0,-8435,3,9,Wed,0
id759967,2023-09-13,SavingsBank,Interest,Interest,0,2379,2379,3,9,Wed,0
id238225,2023-09-13,CheckingAccount,Cole Molina and Williams,Grocery,6510,0,-6510,3,9,Wed,0
id168745,2023-09-14,CheckingAccount,Martinez PLC,Insurance,8152,0,-8152,3,9,Thu,0
id928000,2023-09-14,SavingsBank,Richard-Graham,Telephone,1457,0,-1457,3,9,Thu,0
id523711,2023-09-14,Cash,Carroll and Sons,Telephone,1978,0,-1978,3,9,Thu,0
id604103,2023-09-14,SavingsBank,Baker Group,Books,9450,0,-9450,3,9,Thu,0
id645851,2023-09-14,CheckingAccount,Guzman Group,Fuel,6300,0,-6300,3,9,Thu,0
id647567,2023-09-14,CreditCard,Hall Inc,House,6867,0,-6867,3,9,Thu,0
id152329,2023-09-14,CreditCard,Oneal-Porter,Dinner,9604,0,-9604,3,9,Thu,0
id518209,2023-09-14,CreditCard,Baldwin-Rios,Investment,7995,0,-7995,3,9,Thu,1
id721430,2023-09-14,CreditCard,Garcia Ltd,Grocery,5444,0,-5444,3,9,Thu,0
id699619,2023-09-15,CreditCard,Griffin-Molina,Investment,6871,0,-6871,3,9,Fri,1
id252498,2023-09-15,Cash,Miller Stevenson and Stephens,Internet,6801,0,-6801,3,9,Fri,0
id372689,2023-09-16,CheckingAccount,Morse and Sons,Dinner,5545,0,-5545,3,9,Sat,0
id779273,2023-09-16,CreditCard,Carroll Ltd,Insurance,7741,0,-7741,3,9,Sat,0
id230139,2023-09-16,CheckingAccount,Lane Dickson and Byrd,Books,964,0,-964,3,9,Sat,0
id878505,2023-09-16,SavingsBank,Accountant,Hire,1697,0,-1697,3,9,Sat,0
id177462,2023-09-17,Cash,Sheppard-Rice,Grocery,6727,0,-6727,3,9,Sun,0
id597705,2023-09-17,CreditCard,Fischer-Rivera,Dinner,6028,0,-6028,3,9,Sun,0
id475194,2023-09-17,Cash,Moore Ltd,Books,5197,0,-5197,3,9,Sun,0
id603106,2023-09-17,SavingsBank,Young Bartlett and Green,House,259,0,-259,3,9,Sun,0
id970431,2023-09-18,Cash,Stephens Group,Grocery,2625,0,-2625,3,9,Mon,0
id451962,2023-09-18,CheckingAccount,Morgan Ltd,Investment,5820,0,-5820,3,9,Mon,1
id458256,2023-09-18,SavingsBank,Dunn LLC,Dinner,8969,0,-8969,3,9,Mon,0
id464134,2023-09-18,Cash,Driver,Hire,4304,0,-4304,3,9,Mon,0
id938205,2023-09-18,Cash,Dixon LLC,Books,6511,0,-6511,3,9,Mon,0
id242244,2023-09-19,SavingsBank,Dividend,Dividend,0,6503,6503,3,9,Tue,0
id412141,2023-09-19,CreditCard,Hanson-Phillips,Investment,5124,0,-5124,3,9,Tue,1
id352751,2023-09-19,CheckingAccount,Brown Ltd,School,5434,0,-5434,3,9,Tue,0
id900340,2023-09-19,Cash,Davis Miles and Scott,Investment,5671,0,-5671,3,9,Tue,1
id123274,2023-09-19,CreditCard,Taylor Ltd,Fuel,4021,0,-4021,3,9,Tue,0
id136804,2023-09-19,CreditCard,Hunt Group,House,6381,0,-6381,3,9,Tue,0
id823063,2023-09-19,CreditCard,Dunn Arellano and Davis,Internet,2697,0,-2697,3,9,Tue,0
id628121,2023-09-19,CheckingAccount,Andrews Newton and Morris,Telephone,8111,0,-8111,3,9,Tue,0
id139105,2023-09-20,CheckingAccount,Henderson-Bailey,House,9364,0,-9364,3,9,Wed,0
id545997,2023-09-20,SavingsBank,Wyatt-Aguirre,Tax,7467,0,-7467,3,9,Wed,0
id596419,2023-09-20,CreditCard,Johnston Alexander and Walker,Grocery,1625,0,-1625,3,9,Wed,0
id938070,2023-09-20,SavingsBank,Wood-Trujillo,Internet,9129,0,-9129,3,9,Wed,0
id185295,2023-09-20,CheckingAccount,Malone Freeman and Gallagher,Grocery,4953,0,-4953,3,9,Wed,0
id568120,2023-09-20,SavingsBank,Ryan Burke and Flowers,Telephone,3826,0,-3826,3,9,Wed,0
id388051,2023-09-21,Cash,Driver,Hire,3465,0,-3465,3,9,Thu,0
id565863,2023-09-21,CheckingAccount,Terry-Haas,Insurance,7739,0,-7739,3,9,Thu,0
id402622,2023-09-21,Cash,Taylor PLC,Fuel,9328,0,-9328,3,9,Thu,0
id144821,2023-09-21,Cash,Richard Ltd,Tax,4897,0,-4897,3,9,Thu,0
id586775,2023-09-21,Cash,Neal LLC,Grocery,7784,0,-7784,3,9,Thu,0
id656477,2023-09-21,Cash,Roberts-Conley,Books,645,0,-645,3,9,Thu,0
id522618,2023-09-22,CreditCard,Coleman-Rojas,Tax,7194,0,-7194,3,9,Fri,0
id994482,2023-09-22,SavingsBank,Richards Ltd,Insurance,9966,0,-9966,3,9,Fri,0
id786888,2023-09-22,Cash,Foster and Sons,Grocery,7588,0,-7588,3,9,Fri,0
id788030,2023-09-22,CheckingAccount,Howard Gallagher and Mcclure,House,4108,0,-4108,3,9,Fri,0
id300594,2023-09-22,SavingsBank,Salary,Salary,0,8490,8490,3,9,Fri,0
id636755,2023-09-22,CreditCard,Bailey Ltd,Fuel,9605,0,-9605,3,9,Fri,0
id177672,2023-09-23,SavingsBank,Accountant,Hire,3770,0,-3770,3,9,Sat,0
id627887,2023-09-23,SavingsBank,Salary,Salary,0,118455,118455,3,9,Sat,0
id931385,2023-09-23,Cash,Accountant,Hire,8296,0,-8296,3,9,Sat,0
id644908,2023-09-23,SavingsBank,Dividend,Dividend,0,9024,9024,3,9,Sat,0
id860948,2023-09-23,Cash,Smith Inc,Insurance,5021,0,-5021,3,9,Sat,0
id621296,2023-09-23,CheckingAccount,Ryan PLC,Dinner,6784,0,-6784,3,9,Sat,0
id255147,2023-09-24,SavingsBank,Gibson Ltd,Dinner,8312,0,-8312,3,9,Sun,0
id446452,2023-09-24,Cash,Lewis-Meyer,Internet,6909,0,-6909,3,9,Sun,0
id831691,2023-09-24,CheckingAccount,Bird-Garcia,Insurance,3652,0,-3652,3,9,Sun,0
id374922,2023-09-24,Cash,Best Smith and Smith,Dinner,9872,0,-9872,3,9,Sun,0
id552595,2023-09-24,CheckingAccount,Griffith-Wheeler,School,232,0,-232,3,9,Sun,0
id446911,2023-09-24,CreditCard,Hernandez Foster and White,Internet,3828,0,-3828,3,9,Sun,0
id843960,2023-09-24,CheckingAccount,Stevens and Sons,Insurance,7982,0,-7982,3,9,Sun,0
id405628,2023-09-25,CreditCard,Flores-Williams,Internet,2829,0,-2829,3,9,Mon,0
id687010,2023-09-25,CreditCard,Hernandez-Smith,School,8987,0,-8987,3,9,Mon,0
id878006,2023-09-25,CreditCard,Hernandez LLC,School,3324,0,-3324,3,9,Mon,0
id218067,2023-09-25,Cash,Smith-Grant,Telephone,4922,0,-4922,3,9,Mon,0
id515873,2023-09-25,CheckingAccount,Mcbride Suarez and Wilson,Grocery,6465,0,-6465,3,9,Mon,0
id131668,2023-09-25,CheckingAccount,Driver,Hire,9593,0,-9593,3,9,Mon,0
id690843,2023-09-25,CreditCard,Fisher Holmes and Levine,Books,6804,0,-6804,3,9,Mon,0
id752275,2023-09-25,CheckingAccount,Haynes PLC,Tax,1080,0,-1080,3,9,Mon,0
id955390,2023-09-25,SavingsBank,Schmidt Clark and Paul,Tax,9111,0,-9111,3,9,Mon,0
id343335,2023-09-26,CheckingAccount,Thompson-Harrison,Books,9837,0,-9837,3,9,Tue,0
id608915,2023-09-26,CreditCard,Hale Sanders and Cain,Insurance,3923,0,-3923,3,9,Tue,0
id869258,2023-09-26,SavingsBank,Driver,Hire,5092,0,-5092,3,9,Tue,0
id918997,2023-09-27,CreditCard,Carpenter-Watson,Telephone,1984,0,-1984,3,9,Wed,0
id223888,2023-09-27,CheckingAccount,Ramirez Johnson and Juarez,School,8658,0,-8658,3,9,Wed,0
id343107,2023-09-27,SavingsBank,Salary,Salary,0,136800,136800,3,9,Wed,0
id163349,2023-09-27,Cash,King-Harrison,Insurance,2314,0,-2314,3,9,Wed,0
id113079,2023-09-28,SavingsBank,Craig-Garner,Insurance,6850,0,-6850,3,9,Thu,0
id218900,2023-09-28,CreditCard,Higgins-Huffman,School,7121,0,-7121,3,9,Thu,0
id722888,2023-09-28,SavingsBank,Jackson Ltd,Tax,8242,0,-8242,3,9,Thu,0
id927565,2023-09-28,Cash,Lewis Ltd,Tax,242,0,-242,3,9,Thu,0
id412609,2023-09-28,Cash,Gonzalez Hernandez and Smith,Books,184,0,-184,3,9,Thu,0
id634515,2023-09-28,Cash,Bennett PLC,House,4232,0,-4232,3,9,Thu,0
id910611,2023-09-29,CreditCard,Schwartz Group,Internet,7664,0,-7664,3,9,Fri,0
id183900,2023-09-29,SavingsBank,Salary,Salary,0,18270,18270,3,9,Fri,0
id172120,2023-09-29,CreditCard,Kelly PLC,Tax,2412,0,-2412,3,9,Fri,0
id116216,2023-09-29,SavingsBank,Dividend,Dividend,0,5197,5197,3,9,Fri,0
id363075,2023-09-29,SavingsBank,Hernandez-Ward,House,8681,0,-8681,3,9,Fri,0
id764638,2023-09-29,Cash,Arellano Medina and Cooper,School,6523,0,-6523,3,9,Fri,0
id508731,2023-09-30,CreditCard,Hernandez-Lee,Tax,978,0,-978,3,9,Sat,0
id341174,2023-09-30,CreditCard,Morton Ltd,Books,5350,0,-5350,3,9,Sat,0
id980097,2023-09-30,CheckingAccount,Goodwin-Sheppard,Grocery,1318,0,-1318,3,9,Sat,0
id429488,2023-09-30,SavingsBank,Rodgers Ltd,Telephone,376,0,-376,3,9,Sat,0
id847039,2023-09-30,SavingsBank,Salary,Salary,0,46425,46425,3,9,Sat,0
id591563,2023-09-30,CheckingAccount,Guzman Ltd,Dinner,8627,0,-8627,3,9,Sat,0
id878414,2023-10-01,CheckingAccount,Juarez Morgan and Johns,House,1316,0,-1316,4,10,Sun,0
id123649,2023-10-01,CreditCard,Accountant,Hire,3248,0,-3248,4,10,Sun,0
id568370,2023-10-01,Cash,Cab,Hire,9911,0,-9911,4,10,Sun,0
id158032,2023-10-01,Cash,Riley-Ellis,Grocery,6549,0,-6549,4,10,Sun,0
id723205,2023-10-01,CheckingAccount,Hart PLC,School,9462,0,-9462,4,10,Sun,0
id783248,2023-10-01,SavingsBank,Clark-Fox,Books,1000,0,-1000,4,10,Sun,0
id276629,2023-10-01,Cash,Garcia Reyes and Kramer,Fuel,6660,0,-6660,4,10,Sun,0
id189535,2023-10-01,CreditCard,Burton Campos and Harris,Telephone,6320,0,-6320,4,10,Sun,0
id639083,2023-10-01,CheckingAccount,Olson-Lloyd,Books,990,0,-990,4,10,Sun,0
id779971,2023-10-01,CheckingAccount,Bennett PLC,Telephone,6373,0,-6373,4,10,Sun,0
id296484,2023-10-01,CheckingAccount,Greer Ltd,Telephone,5175,0,-5175,4,10,Sun,0
id151369,2023-10-01,SavingsBank,Mckinney Johnson and Miller,Tax,7958,0,-7958,4,10,Sun,0
id746675,2023-10-01,Cash,Mills Inc,Fuel,5063,0,-5063,4,10,Sun,0
id155580,2023-10-02,CheckingAccount,Merritt and Sons,Telephone,9601,0,-9601,4,10,Mon,0
id855200,2023-10-02,SavingsBank,Rangel Meza and Miranda,Tax,7451,0,-7451,4,10,Mon,0
id826815,2023-10-02,CreditCard,Anderson and Sons,Dinner,3637,0,-3637,4,10,Mon,0
id954995,2023-10-02,SavingsBank,Glass-Robinson,Internet,9499,0,-9499,4,10,Mon,0
id431293,2023-10-02,CheckingAccount,Lee-Flynn,Investment,2419,0,-2419,4,10,Mon,1
id293588,2023-10-02,Cash,Woodward Henderson and Leonard,Insurance,1729,0,-1729,4,10,Mon,0
id688102,2023-10-03,SavingsBank,Fowler Watkins and Stewart,Grocery,4829,0,-4829,4,10,Tue,0
id359627,2023-10-03,Cash,Durham Sheppard and Dean,Dinner,8282,0,-8282,4,10,Tue,0
id141597,2023-10-03,CreditCard,Romero Snyder and Bullock,Dinner,8797,0,-8797,4,10,Tue,0
id544668,2023-10-03,CheckingAccount,Hurley and Sons,Telephone,748,0,-748,4,10,Tue,0
id640719,2023-10-03,CreditCard,Malone PLC,Grocery,8707,0,-8707,4,10,Tue,0
id593258,2023-10-03,CheckingAccount,Thompson-Cole,Internet,1242,0,-1242,4,10,Tue,0
id351430,2023-10-03,CheckingAccount,Smith-Reyes,Fuel,7823,0,-7823,4,10,Tue,0
id736440,2023-10-03,SavingsBank,Fox Henderson and Hawkins,Internet,1132,0,-1132,4,10,Tue,0
id664710,2023-10-03,CheckingAccount,Brown Group,School,2296,0,-2296,4,10,Tue,0
id457632,2023-10-03,Cash,Underwood PLC,Dinner,6510,0,-6510,4,10,Tue,0
id674351,2023-10-04,Cash,Montgomery-Bailey,House,1325,0,-1325,4,10,Wed,0
id681511,2023-10-04,CheckingAccount,Hatfield-Miller,Internet,3311,0,-3311,4,10,Wed,0
id312922,2023-10-04,CheckingAccount,Accountant,Hire,4918,0,-4918,4,10,Wed,0
id419841,2023-10-04,CreditCard,Hood Inc,Tax,9975,0,-9975,4,10,Wed,0
id700367,2023-10-04,Cash,Accountant,Hire,353,0,-353,4,10,Wed,0
id996305,2023-10-04,SavingsBank,Richardson Cooper and Stone,Grocery,8053,0,-8053,4,10,Wed,0
id329641,2023-10-04,Cash,Butler-Burton,House,126,0,-126,4,10,Wed,0
id542994,2023-10-04,CreditCard,Cochran Erickson and Cameron,Insurance,6532,0,-6532,4,10,Wed,0
id752559,2023-10-04,Cash,Williams Brown and Gonzalez,Books,9929,0,-9929,4,10,Wed,0
id640294,2023-10-04,Cash,Phelps Williamson and Watkins,House,2525,0,-2525,4,10,Wed,0
id965816,2023-10-05,CheckingAccount,Rodriguez Hobbs and Chavez,Dinner,7377,0,-7377,4,10,Thu,0
id414922,2023-10-05,CheckingAccount,Jones LLC,Investment,3466,0,-3466,4,10,Thu,1
id801037,2023-10-05,Cash,Fox Garcia and Klein,School,7617,0,-7617,4,10,Thu,0
id491592,2023-10-05,SavingsBank,Austin-Poole,Telephone,6142,0,-6142,4,10,Thu,0
id426171,2023-10-06,SavingsBank,Mitchell Anderson and Lee,Investment,1438,0,-1438,4,10,Fri,1
id373908,2023-10-06,CheckingAccount,Cleaning,Hire,9882,0,-9882,4,10,Fri,0
id521152,2023-10-06,Cash,Beck Group,House,6475,0,-6475,4,10,Fri,0
id762821,2023-10-06,Cash,Murphy Inc,Dinner,4350,0,-4350,4,10,Fri,0
id471348,2023-10-06,Cash,Herrera Ortiz and Combs,Insurance,2195,0,-2195,4,10,Fri,0
id413336,2023-10-06,Cash,Campos Ltd,Dinner,3073,0,-3073,4,10,Fri,0
id551531,2023-10-06,CheckingAccount,Jensen PLC,Books,2898,0,-2898,4,10,Fri,0
id164641,2023-10-06,SavingsBank,Mckinney-Prince,Internet,9844,0,-9844,4,10,Fri,0
id237814,2023-10-06,CreditCard,Matthews Nixon and Greene,School,5113,0,-5113,4,10,Fri,0
id802645,2023-10-06,SavingsBank,Interest,Interest,0,2171,2171,4,10,Fri,0
id715914,2023-10-06,CreditCard,Cleaning,Hire,9435,0,-9435,4,10,Fri,0
id980644,2023-10-07,CheckingAccount,Matthews Owens and Vazquez,Tax,4048,0,-4048,4,10,Sat,0
id903541,2023-10-07,SavingsBank,Rivera Lambert and Spears,Internet,6369,0,-6369,4,10,Sat,0
id603588,2023-10-07,SavingsBank,Dividend,Dividend,0,3227,3227,4,10,Sat,0
id939223,2023-10-07,SavingsBank,Interest,Interest,0,196,196,4,10,Sat,0
id816216,2023-10-07,SavingsBank,Dudley Chase and Harper,School,8033,0,-8033,4,10,Sat,0
id534567,2023-10-07,Cash,Lee Yang and Mckee,House,8290,0,-8290,4,10,Sat,0
id630125,2023-10-08,CheckingAccount,Accountant,Hire,8702,0,-8702,4,10,Sun,0
id418772,2023-10-08,Cash,Johnson Nunez and Hanson,Internet,9781,0,-9781,4,10,Sun,0
id125184,2023-10-08,Cash,Perez-Evans,Internet,1128,0,-1128,4,10,Sun,0
id741129,2023-10-09,SavingsBank,Interest,Interest,0,9440,9440,4,10,Mon,0
id907620,2023-10-09,CheckingAccount,Rivers and Sons,Internet,201,0,-201,4,10,Mon,0
id583165,2023-10-09,SavingsBank,Thompson and Sons,House,7580,0,-7580,4,10,Mon,0
id246750,2023-10-09,SavingsBank,Olson LLC,Tax,7438,0,-7438,4,10,Mon,0
id925843,2023-10-09,Cash,Quinn Bell and Walsh,School,1775,0,-1775,4,10,Mon,0
id468400,2023-10-09,CheckingAccount,Long-Bailey,Internet,9019,0,-9019,4,10,Mon,0
id707021,2023-10-09,CreditCard,Chaney Garcia and Holmes,Books,9676,0,-9676,4,10,Mon,0
id445793,2023-10-09,SavingsBank,Booth Woods and Vargas,Books,9235,0,-9235,4,10,Mon,0
id258671,2023-10-09,SavingsBank,Interest,Interest,0,2943,2943,4,10,Mon,0
id887382,2023-10-09,SavingsBank,Accountant,Hire,5794,0,-5794,4,10,Mon,0
id576680,2023-10-10,Cash,Cleaning,Hire,868,0,-868,4,10,Tue,0
id733838,2023-10-10,CreditCard,Rice-Johnson,Insurance,869,0,-869,4,10,Tue,0
id172067,2023-10-10,SavingsBank,Interest,Interest,0,3367,3367,4,10,Tue,0
id879526,2023-10-10,SavingsBank,Kerr-Oneill,Internet,1451,0,-1451,4,10,Tue,0
id430905,2023-10-10,CreditCard,Accountant,Hire,2534,0,-2534,4,10,Tue,0
id746537,2023-10-10,Cash,Gutierrez Grimes and Knight,Internet,691,0,-691,4,10,Tue,0
id225282,2023-10-10,CreditCard,Brooks-Beasley,House,7606,0,-7606,4,10,Tue,0
id804050,2023-10-10,SavingsBank,Salary,Salary,0,39780,39780,4,10,Tue,0
id998958,2023-10-11,CreditCard,Leonard-Hoover,Insurance,5610,0,-5610,4,10,Wed,0
id737925,2023-10-11,Cash,David Hernandez and Castillo,Books,3101,0,-3101,4,10,Wed,0
id533027,2023-10-11,CheckingAccount,Miller and Sons,Fuel,4269,0,-4269,4,10,Wed,0
id173370,2023-10-11,SavingsBank,Lane LLC,Insurance,7304,0,-7304,4,10,Wed,0
id635391,2023-10-11,Cash,Johns Marquez and Patterson,Grocery,7395,0,-7395,4,10,Wed,0
id723482,2023-10-11,CreditCard,Williams Patterson and Hunter,Investment,7929,0,-7929,4,10,Wed,1
id724614,2023-10-12,CreditCard,Rose Group,Internet,4401,0,-4401,4,10,Thu,0
id876479,2023-10-12,CheckingAccount,Cab,Hire,1455,0,-1455,4,10,Thu,0
id398548,2023-10-13,CheckingAccount,Vaughn-Giles,Investment,2872,0,-2872,4,10,Fri,1
id154391,2023-10-13,SavingsBank,Marshall Lopez and Patrick,Books,3577,0,-3577,4,10,Fri,0
id409276,2023-10-13,Cash,Reid Hunt and Morris,Books,484,0,-484,4,10,Fri,0
id188725,2023-10-13,Cash,Mcgrath Moreno and Turner,Dinner,6586,0,-6586,4,10,Fri,0
id615387,2023-10-13,CreditCard,Boyle Wheeler and Hughes,Tax,4539,0,-4539,4,10,Fri,0
id160416,2023-10-13,Cash,Johnson Mcdonald and Rangel,Dinner,1302,0,-1302,4,10,Fri,0
id869253,2023-10-13,CheckingAccount,King Rogers and Wade,School,8300,0,-8300,4,10,Fri,0
id305966,2023-10-13,Cash,Smith-Knight,School,1792,0,-1792,4,10,Fri,0
id697455,2023-10-13,SavingsBank,Interest,Interest,0,4822,4822,4,10,Fri,0
id263767,2023-10-14,SavingsBank,Jones-Moore,Investment,9458,0,-9458,4,10,Sat,1
id647192,2023-10-14,SavingsBank,Austin and Sons,School,8877,0,-8877,4,10,Sat,0
id344685,2023-10-14,CreditCard,Martin-Garza,Internet,1269,0,-1269,4,10,Sat,0
id533324,2023-10-14,CreditCard,Turner-Zamora,Investment,7105,0,-7105,4,10,Sat,1
id216605,2023-10-14,CreditCard,Cook Inc,Books,8719,0,-8719,4,10,Sat,0
id163081,2023-10-14,Cash,Smith Morris and Ramirez,Investment,3581,0,-3581,4,10,Sat,1
id503224,2023-10-14,SavingsBank,Larson LLC,Fuel,1528,0,-1528,4,10,Sat,0
id682847,2023-10-14,CreditCard,Petty Inc,Internet,7454,0,-7454,4,10,Sat,0
id142269,2023-10-14,Cash,Wilson-Li,Insurance,8034,0,-8034,4,10,Sat,0
id376054,2023-10-15,CreditCard,Ruiz Lopez and Parker,Telephone,9658,0,-9658,4,10,Sun,0
id996628,2023-10-15,Cash,Gray and Sons,Dinner,7480,0,-7480,4,10,Sun,0
id202041,2023-10-15,CreditCard,Smith PLC,Telephone,2542,0,-2542,4,10,Sun,0
id806503,2023-10-15,Cash,Thompson-Christian,Fuel,2150,0,-2150,4,10,Sun,0
id806908,2023-10-15,Cash,Ayala Ltd,Internet,4041,0,-4041,4,10,Sun,0
id871381,2023-10-15,Cash,Booth PLC,Telephone,6854,0,-6854,4,10,Sun,0
id728500,2023-10-15,Cash,Russell Farley and Gonzalez,Insurance,4525,0,-4525,4,10,Sun,0
id137938,2023-10-15,Cash,Johnston Ferguson and Bowman,Telephone,9392,0,-9392,4,10,Sun,0
id645420,2023-10-16,CreditCard,Stark Thompson and Hubbard,School,2946,0,-2946,4,10,Mon,0
id490170,2023-10-16,CreditCard,Blevins and Sons,House,8644,0,-8644,4,10,Mon,0
id505534,2023-10-16,CheckingAccount,King and Sons,Investment,5623,0,-5623,4,10,Mon,1
id925048,2023-10-16,CreditCard,Carr Hayes and Wheeler,Fuel,5788,0,-5788,4,10,Mon,0
id702926,2023-10-16,Cash,Arroyo Pope and Walls,Tax,3978,0,-3978,4,10,Mon,0
id260430,2023-10-16,SavingsBank,Ortiz-Marks,Books,3409,0,-3409,4,10,Mon,0
id505925,2023-10-16,CheckingAccount,Brewer Hudson and Sherman,Books,9570,0,-9570,4,10,Mon,0
id393987,2023-10-16,CheckingAccount,Aguilar PLC,Investment,3998,0,-3998,4,10,Mon,1
id850202,2023-10-17,CreditCard,Hall-Patterson,Tax,6492,0,-6492,4,10,Tue,0
id331563,2023-10-17,SavingsBank,Peterson and Sons,Grocery,2755,0,-2755,4,10,Tue,0
id458104,2023-10-17,Cash,Bass Ltd,Insurance,2186,0,-2186,4,10,Tue,0
id274150,2023-10-17,CheckingAccount,Holloway-Gonzales,Internet,7370,0,-7370,4,10,Tue,0
id178201,2023-10-17,CreditCard,Watts Grant and Potter,School,1074,0,-1074,4,10,Tue,0
id235816,2023-10-17,SavingsBank,Miller Williamson and Castro,School,198,0,-198,4,10,Tue,0
id962229,2023-10-18,Cash,Carey and Sons,Fuel,845,0,-845,4,10,Wed,0
id947571,2023-10-18,Cash,Taylor Taylor and Deleon,Books,2467,0,-2467,4,10,Wed,0
id660004,2023-10-18,SavingsBank,Clark Smith and Turner,Internet,988,0,-988,4,10,Wed,0
id297758,2023-10-18,Cash,Smith-Robertson,School,586,0,-586,4,10,Wed,0
id319485,2023-10-18,CreditCard,Ward Fisher and Young,Books,8849,0,-8849,4,10,Wed,0
id351968,2023-10-18,SavingsBank,Interest,Interest,0,2109,2109,4,10,Wed,0
id919680,2023-10-18,CreditCard,Giles-Weaver,Tax,7775,0,-7775,4,10,Wed,0
id679844,2023-10-18,Cash,Wright PLC,Grocery,853,0,-853,4,10,Wed,0
id491154,2023-10-18,CreditCard,Kelly Lynch and Gonzalez,Dinner,1393,0,-1393,4,10,Wed,0
id961734,2023-10-18,SavingsBank,Fox Rodgers and Brown,Dinner,9548,0,-9548,4,10,Wed,0
id665645,2023-10-19,CreditCard,Jones Group,Tax,4902,0,-4902,4,10,Thu,0
id320878,2023-10-19,SavingsBank,Lee-Miller,Internet,6905,0,-6905,4,10,Thu,0
id666576,2023-10-19,SavingsBank,Interest,Interest,0,1195,1195,4,10,Thu,0
id317815,2023-10-19,CheckingAccount,Graves Group,Internet,6329,0,-6329,4,10,Thu,0
id129518,2023-10-19,Cash,Vasquez-Rivera,Investment,3018,0,-3018,4,10,Thu,1
id842130,2023-10-19,SavingsBank,Arias Group,Dinner,6450,0,-6450,4,10,Thu,0
id248399,2023-10-20,CreditCard,Mckinney-Downs,Telephone,2179,0,-2179,4,10,Fri,0
id850547,2023-10-20,SavingsBank,Cab,Hire,4657,0,-4657,4,10,Fri,0
id847349,2023-10-20,CheckingAccount,Taylor Yates and Price,House,1130,0,-1130,4,10,Fri,0
id180499,2023-10-20,SavingsBank,Interest,Interest,0,7788,7788,4,10,Fri,0
id376798,2023-10-20,SavingsBank,Strong PLC,Fuel,2907,0,-2907,4,10,Fri,0
id793506,2023-10-20,CheckingAccount,Anderson-Meyer,Grocery,5925,0,-5925,4,10,Fri,0
id623021,2023-10-20,CheckingAccount,Myers-Wagner,School,6854,0,-6854,4,10,Fri,0
id795317,2023-10-21,SavingsBank,Rice Reed and Weiss,Investment,8575,0,-8575,4,10,Sat,1
id835436,2023-10-21,Cash,Rodriguez-Thompson,Investment,2267,0,-2267,4,10,Sat,1
id955974,2023-10-21,SavingsBank,Ramsey Neal and Warren,Grocery,302,0,-302,4,10,Sat,0
id195395,2023-10-21,SavingsBank,Smith-Farmer,Investment,7486,0,-7486,4,10,Sat,1
id216011,2023-10-21,SavingsBank,Benitez-Rogers,Insurance,9067,0,-9067,4,10,Sat,0
id428357,2023-10-21,SavingsBank,Salary,Salary,0,48600,48600,4,10,Sat,0
id645105,2023-10-21,CreditCard,Kelly-Stout,School,7691,0,-7691,4,10,Sat,0
id337721,2023-10-21,CreditCard,Perez and Sons,School,5916,0,-5916,4,10,Sat,0
id376718,2023-10-21,CheckingAccount,Davidson-Williams,Telephone,5506,0,-5506,4,10,Sat,0
id197485,2023-10-21,CheckingAccount,Accountant,Hire,9178,0,-9178,4,10,Sat,0
id202582,2023-10-21,CheckingAccount,Turner-Kirk,Insurance,8602,0,-8602,4,10,Sat,0
id746433,2023-10-21,CreditCard,Richardson Pearson and Brooks,Grocery,295,0,-295,4,10,Sat,0
id796734,2023-10-21,Cash,Robinson Group,Telephone,3735,0,-3735,4,10,Sat,0
id230453,2023-10-22,SavingsBank,Dividend,Dividend,0,6151,6151,4,10,Sun,0
id374299,2023-10-22,CreditCard,Hart LLC,Fuel,212,0,-212,4,10,Sun,0
id695406,2023-10-22,Cash,Gonzalez-Brown,Internet,621,0,-621,4,10,Sun,0
id596754,2023-10-22,SavingsBank,Erickson Rodriguez and Smith,Dinner,2265,0,-2265,4,10,Sun,0
id988126,2023-10-22,CreditCard,Cole LLC,Insurance,2376,0,-2376,4,10,Sun,0
id614904,2023-10-22,CreditCard,James-Lambert,School,944,0,-944,4,10,Sun,0
id550341,2023-10-22,SavingsBank,Salary,Salary,0,87795,87795,4,10,Sun,0
id892226,2023-10-22,CheckingAccount,Harrison LLC,Investment,7008,0,-7008,4,10,Sun,1
id860342,2023-10-22,SavingsBank,Rojas-Giles,School,3760,0,-3760,4,10,Sun,0
id442911,2023-10-22,CheckingAccount,Edwards Bryan and Marshall,Fuel,3216,0,-3216,4,10,Sun,0
id706030,2023-10-22,CheckingAccount,Garrett Gates and Navarro,Dinner,6736,0,-6736,4,10,Sun,0
id474642,2023-10-23,CreditCard,Lopez Inc,Grocery,8558,0,-8558,4,10,Mon,0
id715899,2023-10-23,SavingsBank,Gonzalez Inc,Grocery,2121,0,-2121,4,10,Mon,0
id553300,2023-10-23,CreditCard,Hebert-Lopez,Investment,5962,0,-5962,4,10,Mon,1
id291311,2023-10-23,Cash,Nelson-Smith,Tax,5426,0,-5426,4,10,Mon,0
id957238,2023-10-23,CheckingAccount,Lewis-Simon,Tax,208,0,-208,4,10,Mon,0
id302219,2023-10-23,SavingsBank,Walsh Ltd,Telephone,7042,0,-7042,4,10,Mon,0
id798986,2023-10-23,SavingsBank,Salary,Salary,0,59580,59580,4,10,Mon,0
id874265,2023-10-23,CheckingAccount,Klein Bruce and Benson,Investment,807,0,-807,4,10,Mon,1
id123553,2023-10-23,CheckingAccount,Hernandez Kim and Montgomery,Grocery,3872,0,-3872,4,10,Mon,0
id325517,2023-10-24,CreditCard,Taylor Group,Dinner,3322,0,-3322,4,10,Tue,0
id641047,2023-10-24,SavingsBank,Cab,Hire,915,0,-915,4,10,Tue,0
id348384,2023-10-24,CheckingAccount,Perry Group,Fuel,3527,0,-3527,4,10,Tue,0
id278706,2023-10-24,SavingsBank,Decker-Bishop,Tax,3554,0,-3554,4,10,Tue,0
id662077,2023-10-24,CheckingAccount,Driver,Hire,6965,0,-6965,4,10,Tue,0
id950254,2023-10-24,Cash,Fritz Mosley and Eaton,Books,8576,0,-8576,4,10,Tue,0
id952047,2023-10-25,CheckingAccount,Carroll Group,Dinner,6153,0,-6153,4,10,Wed,0
id646683,2023-10-25,CheckingAccount,Cruz-Gibson,Investment,1516,0,-1516,4,10,Wed,1
id400892,2023-10-25,CheckingAccount,Carter Ltd,Tax,2134,0,-2134,4,10,Wed,0
id542064,2023-10-25,CheckingAccount,Bullock Butler and Garner,Tax,1470,0,-1470,4,10,Wed,0
id115432,2023-10-26,Cash,Medina-Snow,Insurance,2789,0,-2789,4,10,Thu,0
id248184,2023-10-26,SavingsBank,Interest,Interest,0,2175,2175,4,10,Thu,0
id410043,2023-10-26,SavingsBank,Interest,Interest,0,1359,1359,4,10,Thu,0
id886469,2023-10-26,Cash,Thomas Inc,House,548,0,-548,4,10,Thu,0
id647028,2023-10-26,Cash,Wagner-Williams,Telephone,8254,0,-8254,4,10,Thu,0
id141685,2023-10-26,CheckingAccount,Driver,Hire,8455,0,-8455,4,10,Thu,0
id519879,2023-10-26,SavingsBank,Smith Harrison and Harris,Internet,5594,0,-5594,4,10,Thu,0
id856847,2023-10-26,Cash,Buchanan Walls and Smith,School,566,0,-566,4,10,Thu,0
id189782,2023-10-27,SavingsBank,Shea-Smith,Fuel,7784,0,-7784,4,10,Fri,0
id762685,2023-10-27,CheckingAccount,Castro-Reilly,Telephone,8349,0,-8349,4,10,Fri,0
id242271,2023-10-27,Cash,Steele Spencer and Lopez,Tax,6799,0,-6799,4,10,Fri,0
id992220,2023-10-27,CreditCard,Williams-Jimenez,Grocery,4632,0,-4632,4,10,Fri,0
id390642,2023-10-27,Cash,Williams LLC,Books,9716,0,-9716,4,10,Fri,0
id752640,2023-10-27,Cash,Franklin Young and Bass,Grocery,6100,0,-6100,4,10,Fri,0
id864345,2023-10-27,CheckingAccount,Cole Group,House,6609,0,-6609,4,10,Fri,0
id678619,2023-10-27,Cash,Cab,Hire,1100,0,-1100,4,10,Fri,0
id761018,2023-10-27,Cash,Atkins Ltd,Telephone,8661,0,-8661,4,10,Fri,0
id250690,2023-10-27,Cash,Wood-Cruz,Dinner,5327,0,-5327,4,10,Fri,0
id755638,2023-10-27,SavingsBank,Salary,Salary,0,77880,77880,4,10,Fri,0
id181247,2023-10-28,SavingsBank,Dividend,Dividend,0,2809,2809,4,10,Sat,0
id250960,2023-10-28,SavingsBank,Cabrera PLC,Investment,8179,0,-8179,4,10,Sat,1
id152870,2023-10-28,SavingsBank,Dawson Clark and Conley,Fuel,5567,0,-5567,4,10,Sat,0
id613587,2023-10-28,SavingsBank,Cab,Hire,6789,0,-6789,4,10,Sat,0
id342367,2023-10-28,Cash,Rodriguez-Jones,Internet,1300,0,-1300,4,10,Sat,0
id229083,2023-10-28,Cash,Wilson-Nelson,Telephone,9180,0,-9180,4,10,Sat,0
id262665,2023-10-28,SavingsBank,Cab,Hire,1384,0,-1384,4,10,Sat,0
id886802,2023-10-28,Cash,Owens Evans and Patterson,Fuel,1581,0,-1581,4,10,Sat,0
id491699,2023-10-28,CreditCard,Burnett PLC,Telephone,6641,0,-6641,4,10,Sat,0
id960589,2023-10-28,Cash,Ramsey-Henderson,Books,1854,0,-1854,4,10,Sat,0
id499038,2023-10-28,CreditCard,Malone and Sons,Internet,4249,0,-4249,4,10,Sat,0
id576449,2023-10-28,Cash,Nelson-Harrison,Dinner,7106,0,-7106,4,10,Sat,0
id713115,2023-10-29,Cash,Hampton-Warren,Telephone,6708,0,-6708,4,10,Sun,0
id518417,2023-10-29,CheckingAccount,Gonzalez-Warren,Internet,7136,0,-7136,4,10,Sun,0
id458625,2023-10-29,CheckingAccount,Myers LLC,Dinner,1063,0,-1063,4,10,Sun,0
id518464,2023-10-29,Cash,Thompson PLC,Tax,1625,0,-1625,4,10,Sun,0
id153146,2023-10-29,CreditCard,Maddox-Adams,Books,5753,0,-5753,4,10,Sun,0
id764238,2023-10-29,Cash,Gray Turner and Scott,Books,5893,0,-5893,4,10,Sun,0
id348519,2023-10-29,SavingsBank,Salary,Salary,0,100875,100875,4,10,Sun,0
id865469,2023-10-29,Cash,Atkins and Sons,Dinner,2475,0,-2475,4,10,Sun,0
id868891,2023-10-29,Cash,Johnson-Marshall,Fuel,7188,0,-7188,4,10,Sun,0
id223080,2023-10-29,CheckingAccount,Morse Carter and Wade,Books,1155,0,-1155,4,10,Sun,0
id500566,2023-10-29,SavingsBank,Joyce-Schroeder,Insurance,6897,0,-6897,4,10,Sun,0
id316916,2023-10-29,CreditCard,Pruitt LLC,Dinner,2016,0,-2016,4,10,Sun,0
id643947,2023-10-29,CreditCard,Robbins LLC,School,4542,0,-4542,4,10,Sun,0
id124960,2023-10-29,Cash,Barnett Arellano and Cruz,House,7279,0,-7279,4,10,Sun,0
id712088,2023-10-29,CreditCard,Chapman PLC,Insurance,9295,0,-9295,4,10,Sun,0
id483440,2023-10-29,CreditCard,Mora-Nolan,Grocery,9897,0,-9897,4,10,Sun,0
id963914,2023-10-29,Cash,Ball-Howell,House,2659,0,-2659,4,10,Sun,0
id785363,2023-10-29,CreditCard,Guerrero Mason and Parker,Books,8536,0,-8536,4,10,Sun,0
id516530,2023-10-30,SavingsBank,Dividend,Dividend,0,341,341,4,10,Mon,0
id885503,2023-10-30,SavingsBank,Taylor Mason and Keller,Internet,9932,0,-9932,4,10,Mon,0
id376253,2023-10-30,SavingsBank,Moss Smith and Taylor,House,4982,0,-4982,4,10,Mon,0
id606423,2023-10-31,CreditCard,Brewer Tran and Chen,Tax,8690,0,-8690,4,10,Tue,0
id325125,2023-10-31,Cash,Daniels LLC,Investment,638,0,-638,4,10,Tue,1
id751610,2023-10-31,CheckingAccount,Wilson Inc,Grocery,3321,0,-3321,4,10,Tue,0
id165834,2023-10-31,Cash,Cleaning,Hire,2861,0,-2861,4,10,Tue,0
id318435,2023-10-31,SavingsBank,Mccullough-Contreras,School,8530,0,-8530,4,10,Tue,0
id188072,2023-10-31,CheckingAccount,Davis Miller and Morris,House,1812,0,-1812,4,10,Tue,0
id486436,2023-10-31,Cash,Nguyen and Sons,Fuel,2373,0,-2373,4,10,Tue,0
id111929,2023-10-31,Cash,Jackson PLC,House,9065,0,-9065,4,10,Tue,0
id331140,2023-10-31,CreditCard,James Inc,Dinner,9795,0,-9795,4,10,Tue,0
id759787,2023-11-01,SavingsBank,Christensen Reese and Carey,House,640,0,-640,4,11,Wed,0
id998996,2023-11-01,SavingsBank,Bryant-Harris,House,6275,0,-6275,4,11,Wed,0
id900485,2023-11-01,CreditCard,Accountant,Hire,9947,0,-9947,4,11,Wed,0
id521695,2023-11-01,Cash,Mccormick-Brown,Fuel,5572,0,-5572,4,11,Wed,0
id219224,2023-11-01,Cash,Jacobs-Aguilar,Grocery,8992,0,-8992,4,11,Wed,0
id355549,2023-11-01,Cash,Rice Group,School,930,0,-930,4,11,Wed,0
id969486,2023-11-01,CheckingAccount,Shepherd-Anderson,Dinner,2960,0,-2960,4,11,Wed,0
id631382,2023-11-01,CreditCard,Randolph PLC,Books,8137,0,-8137,4,11,Wed,0
id955067,2023-11-01,CreditCard,Flores Simon and Alexander,Insurance,9455,0,-9455,4,11,Wed,0
id120420,2023-11-01,CreditCard,Driver,Hire,3412,0,-3412,4,11,Wed,0
id388112,2023-11-01,CreditCard,Ross-Turner,Internet,8541,0,-8541,4,11,Wed,0
id983838,2023-11-01,Cash,Martin-Williams,Fuel,381,0,-381,4,11,Wed,0
id571243,2023-11-02,CheckingAccount,Wright-Rodriguez,Fuel,6442,0,-6442,4,11,Thu,0
id936003,2023-11-02,CreditCard,Silva LLC,Investment,9252,0,-9252,4,11,Thu,1
id431559,2023-11-02,CreditCard,Johnson LLC,House,3903,0,-3903,4,11,Thu,0
id921581,2023-11-02,CheckingAccount,Kim Pratt and Parks,Tax,5702,0,-5702,4,11,Thu,0
id147613,2023-11-02,CheckingAccount,Bell and Sons,Internet,7411,0,-7411,4,11,Thu,0
id818864,2023-11-02,CreditCard,Sullivan-Barnett,Insurance,6063,0,-6063,4,11,Thu,0
id675206,2023-11-03,Cash,Cleaning,Hire,3636,0,-3636,4,11,Fri,0
id593532,2023-11-03,CheckingAccount,Floyd PLC,Tax,4115,0,-4115,4,11,Fri,0
id638759,2023-11-03,CreditCard,Driver,Hire,2770,0,-2770,4,11,Fri,0
id900132,2023-11-03,SavingsBank,Cleaning,Hire,1866,0,-1866,4,11,Fri,0
id520698,2023-11-03,CreditCard,Harmon-Flores,Books,9214,0,-9214,4,11,Fri,0
id661678,2023-11-03,CheckingAccount,Hayden Cross and Ward,Fuel,5715,0,-5715,4,11,Fri,0
id260269,2023-11-03,CheckingAccount,Watkins Callahan and Walker,House,9382,0,-9382,4,11,Fri,0
id580823,2023-11-04,CheckingAccount,Stewart-Gill,Telephone,3539,0,-3539,4,11,Sat,0
id528715,2023-11-04,CheckingAccount,Moreno-Rodriguez,Telephone,3721,0,-3721,4,11,Sat,0
id999023,2023-11-04,Cash,Smith-Jones,Books,6046,0,-6046,4,11,Sat,0
id825929,2023-11-04,CreditCard,Ware Ltd,House,6313,0,-6313,4,11,Sat,0
id280125,2023-11-04,CheckingAccount,Jones-Gonzalez,House,6917,0,-6917,4,11,Sat,0
id691203,2023-11-04,Cash,Mclean Johnson and Jones,Dinner,5776,0,-5776,4,11,Sat,0
id271337,2023-11-04,Cash,Driver,Hire,227,0,-227,4,11,Sat,0
id210152,2023-11-04,Cash,Rosario Hart and Thomas,School,5407,0,-5407,4,11,Sat,0
id380526,2023-11-04,Cash,Accountant,Hire,9285,0,-9285,4,11,Sat,0
id696616,2023-11-04,CheckingAccount,Driver,Hire,8382,0,-8382,4,11,Sat,0
id122784,2023-11-05,CheckingAccount,Jones-Stout,Books,1039,0,-1039,4,11,Sun,0
id177037,2023-11-05,CheckingAccount,Jackson-Branch,Fuel,9697,0,-9697,4,11,Sun,0
id836647,2023-11-05,SavingsBank,Mccarthy PLC,Insurance,8514,0,-8514,4,11,Sun,0
id343578,2023-11-05,Cash,Erickson and Sons,Fuel,4888,0,-4888,4,11,Sun,0
id616854,2023-11-05,CreditCard,Davenport Garcia and Beck,Telephone,6773,0,-6773,4,11,Sun,0
id556251,2023-11-06,CheckingAccount,Koch-Frederick,Dinner,4689,0,-4689,4,11,Mon,0
id819459,2023-11-06,CheckingAccount,Osborn-Newman,Telephone,169,0,-169,4,11,Mon,0
id503792,2023-11-06,CheckingAccount,Brooks-Cox,Telephone,1908,0,-1908,4,11,Mon,0
id897801,2023-11-06,SavingsBank,Interest,Interest,0,4025,4025,4,11,Mon,0
id919061,2023-11-06,Cash,Estes-Powell,Internet,3220,0,-3220,4,11,Mon,0
id382618,2023-11-06,Cash,Walters Group,Fuel,470,0,-470,4,11,Mon,0
id756817,2023-11-07,CreditCard,Austin-Stone,Grocery,4653,0,-4653,4,11,Tue,0
id977836,2023-11-07,SavingsBank,Salary,Salary,0,39240,39240,4,11,Tue,0
id647196,2023-11-07,CheckingAccount,Parker and Sons,Grocery,5448,0,-5448,4,11,Tue,0
id958856,2023-11-07,SavingsBank,Dividend,Dividend,0,3628,3628,4,11,Tue,0
id512647,2023-11-07,Cash,Lewis Hess and Hernandez,House,2332,0,-2332,4,11,Tue,0
id495925,2023-11-07,CreditCard,Tran LLC,Insurance,8221,0,-8221,4,11,Tue,0
id524579,2023-11-08,CreditCard,Cordova Thompson and Hall,School,5336,0,-5336,4,11,Wed,0
id967050,2023-11-08,CheckingAccount,Morales-Mcclure,Fuel,6046,0,-6046,4,11,Wed,0
id330583,2023-11-08,CheckingAccount,Gonzalez Group,Investment,7398,0,-7398,4,11,Wed,1
id942756,2023-11-08,Cash,Cooke Gonzalez and Cox,Telephone,395,0,-395,4,11,Wed,0
id324623,2023-11-08,Cash,Dixon Adams and Hernandez,Grocery,195,0,-195,4,11,Wed,0
id779741,2023-11-08,CreditCard,Driver,Hire,5144,0,-5144,4,11,Wed,0
id252509,2023-11-08,SavingsBank,Interest,Interest,0,7057,7057,4,11,Wed,0
id276351,2023-11-09,CreditCard,Joyce Perez and Pratt,Fuel,111,0,-111,4,11,Thu,0
id978167,2023-11-09,Cash,Johnston-Butler,Internet,9536,0,-9536,4,11,Thu,0
id846548,2023-11-09,CheckingAccount,Gregory Powers and Thomas,Insurance,448,0,-448,4,11,Thu,0
id525178,2023-11-09,CheckingAccount,Craig-Reynolds,Insurance,7509,0,-7509,4,11,Thu,0
id453275,2023-11-09,Cash,Cleaning,Hire,8512,0,-8512,4,11,Thu,0
id417489,2023-11-09,Cash,Castro LLC,Telephone,5572,0,-5572,4,11,Thu,0
id473497,2023-11-10,SavingsBank,Interest,Interest,0,5487,5487,4,11,Fri,0
id512054,2023-11-10,CreditCard,Mann LLC,Insurance,7602,0,-7602,4,11,Fri,0
id767895,2023-11-10,SavingsBank,Salary,Salary,0,109020,109020,4,11,Fri,0
id567410,2023-11-10,Cash,Mathews PLC,Dinner,8368,0,-8368,4,11,Fri,0
id658149,2023-11-11,Cash,Williams Inc,House,5687,0,-5687,4,11,Sat,0
id609397,2023-11-11,CheckingAccount,Howell-Graham,Investment,6813,0,-6813,4,11,Sat,1
id943794,2023-11-11,CreditCard,Morales Ltd,School,8931,0,-8931,4,11,Sat,0
id202328,2023-11-11,CreditCard,Morgan Shea and Krause,Internet,5727,0,-5727,4,11,Sat,0
id378466,2023-11-11,CheckingAccount,Hernandez Spencer and Reid,Insurance,2922,0,-2922,4,11,Sat,0
id981950,2023-11-11,CreditCard,Smith Bridges and Crawford,Grocery,2633,0,-2633,4,11,Sat,0
id662113,2023-11-11,CreditCard,Wells Mccarty and Porter,Investment,474,0,-474,4,11,Sat,1
id558392,2023-11-11,CreditCard,Young Montoya and Clark,Telephone,5655,0,-5655,4,11,Sat,0
id197475,2023-11-11,CheckingAccount,Ward-Taylor,Insurance,7194,0,-7194,4,11,Sat,0
id256020,2023-11-11,Cash,Guzman and Sons,Tax,9732,0,-9732,4,11,Sat,0
id995595,2023-11-11,Cash,Hall-Schultz,Grocery,8332,0,-8332,4,11,Sat,0
id522489,2023-11-12,Cash,Sanchez-Smith,Dinner,3350,0,-3350,4,11,Sun,0
id525629,2023-11-12,CheckingAccount,Moore Perez and Spencer,Books,5747,0,-5747,4,11,Sun,0
id500546,2023-11-12,CheckingAccount,Smith-Sullivan,Telephone,6673,0,-6673,4,11,Sun,0
id567774,2023-11-12,SavingsBank,Mueller Nielsen and Cox,Fuel,9023,0,-9023,4,11,Sun,0
id152314,2023-11-12,CheckingAccount,Phelps Patterson and Davis,Fuel,5304,0,-5304,4,11,Sun,0
id648813,2023-11-12,SavingsBank,Interest,Interest,0,8226,8226,4,11,Sun,0
id955922,2023-11-13,CheckingAccount,Brooks PLC,Fuel,2688,0,-2688,4,11,Mon,0
id249768,2023-11-13,CheckingAccount,Cab,Hire,8283,0,-8283,4,11,Mon,0
id320456,2023-11-13,CreditCard,Mitchell-Pena,Dinner,8009,0,-8009,4,11,Mon,0
id596618,2023-11-13,CreditCard,Guerrero-Smith,House,3171,0,-3171,4,11,Mon,0
id289406,2023-11-13,SavingsBank,Patton-Burke,Books,5412,0,-5412,4,11,Mon,0
id873531,2023-11-13,CreditCard,Reeves Group,Telephone,4401,0,-4401,4,11,Mon,0
id342325,2023-11-13,SavingsBank,Taylor LLC,Tax,4306,0,-4306,4,11,Mon,0
id454355,2023-11-13,CheckingAccount,White Inc,House,5472,0,-5472,4,11,Mon,0
id782778,2023-11-13,Cash,Ritter Group,Investment,7627,0,-7627,4,11,Mon,1
id881400,2023-11-13,CheckingAccount,Wade-May,Books,6866,0,-6866,4,11,Mon,0
id398083,2023-11-14,CheckingAccount,Johnson Moreno and Leonard,Insurance,4373,0,-4373,4,11,Tue,0
id907526,2023-11-14,CreditCard,Robinson Group,School,4196,0,-4196,4,11,Tue,0
id386371,2023-11-14,CreditCard,Collins Sims and Graham,Investment,8954,0,-8954,4,11,Tue,1
id762632,2023-11-14,SavingsBank,Campos Inc,Fuel,640,0,-640,4,11,Tue,0
id768277,2023-11-14,CreditCard,Reese-Moore,Internet,9449,0,-9449,4,11,Tue,0
id883966,2023-11-14,CreditCard,Accountant,Hire,9164,0,-9164,4,11,Tue,0
id589995,2023-11-14,SavingsBank,Jones Ltd,Tax,4054,0,-4054,4,11,Tue,0
id587368,2023-11-14,CheckingAccount,Howard Ltd,Dinner,2696,0,-2696,4,11,Tue,0
id378386,2023-11-15,SavingsBank,Dividend,Dividend,0,7228,7228,4,11,Wed,0
id519054,2023-11-15,SavingsBank,Alvarez-Miller,House,8193,0,-8193,4,11,Wed,0
id281832,2023-11-15,Cash,Jackson Guzman and Schmidt,Internet,8476,0,-8476,4,11,Wed,0
id246810,2023-11-15,CreditCard,Johnson-Schwartz,Fuel,472,0,-472,4,11,Wed,0
id457346,2023-11-15,CreditCard,Roberts Garcia and Murray,Insurance,2562,0,-2562,4,11,Wed,0
id323432,2023-11-15,SavingsBank,Interest,Interest,0,6552,6552,4,11,Wed,0
id453550,2023-11-15,CreditCard,Walton Harper and Nguyen,House,8184,0,-8184,4,11,Wed,0
id311129,2023-11-16,CreditCard,Thomas PLC,School,6526,0,-6526,4,11,Thu,0
id267157,2023-11-16,SavingsBank,Driver,Hire,9689,0,-9689,4,11,Thu,0
id856938,2023-11-16,CreditCard,Robbins Anderson and Hayes,Dinner,1454,0,-1454,4,11,Thu,0
id712854,2023-11-16,Cash,Graham Ltd,Fuel,474,0,-474,4,11,Thu,0
id848764,2023-11-16,Cash,Stephens-Ford,Dinner,7695,0,-7695,4,11,Thu,0
id905792,2023-11-16,CheckingAccount,Rivers Soto and Smith,Books,1524,0,-1524,4,11,Thu,0
id915049,2023-11-17,CreditCard,Alexander Pratt and Ruiz,Internet,5553,0,-5553,4,11,Fri,0
id376243,2023-11-17,CreditCard,Rowe-Boyd,Insurance,5969,0,-5969,4,11,Fri,0
id315882,2023-11-17,CreditCard,Kelley Mills and Peterson,House,1571,0,-1571,4,11,Fri,0
id922287,2023-11-17,CreditCard,Woods-Morrison,Books,2447,0,-2447,4,11,Fri,0
id201750,2023-11-17,CreditCard,Bailey Woods and Brock,Investment,7996,0,-7996,4,11,Fri,1
id188907,2023-11-17,Cash,Walker-Mcdonald,Telephone,6347,0,-6347,4,11,Fri,0
id935779,2023-11-17,SavingsBank,Cruz Group,Tax,9906,0,-9906,4,11,Fri,0
id522677,2023-11-18,CreditCard,King Rodriguez and Banks,Telephone,7787,0,-7787,4,11,Sat,0
id294963,2023-11-18,CheckingAccount,Johnson-Martin,Fuel,1830,0,-1830,4,11,Sat,0
id504457,2023-11-18,CreditCard,Shaw PLC,House,5186,0,-5186,4,11,Sat,0
id327571,2023-11-18,CheckingAccount,Cab,Hire,8346,0,-8346,4,11,Sat,0
id729776,2023-11-18,Cash,Freeman-Kane,House,6157,0,-6157,4,11,Sat,0
id865960,2023-11-18,CreditCard,Rodriguez-Hall,Internet,8255,0,-8255,4,11,Sat,0
id666206,2023-11-18,SavingsBank,Accountant,Hire,6168,0,-6168,4,11,Sat,0
id249104,2023-11-18,Cash,Floyd Mcdonald and Davidson,Investment,1344,0,-1344,4,11,Sat,1
id128905,2023-11-18,SavingsBank,Pacheco Davis and Perez,Dinner,1268,0,-1268,4,11,Sat,0
id367571,2023-11-18,CheckingAccount,Pierce and Sons,Telephone,1142,0,-1142,4,11,Sat,0
id435958,2023-11-19,CreditCard,Savage-Austin,Dinner,9853,0,-9853,4,11,Sun,0
id560864,2023-11-19,SavingsBank,Hale Dawson and Gibson,Tax,146,0,-146,4,11,Sun,0
id540235,2023-11-19,CheckingAccount,Johnson LLC,Telephone,8697,0,-8697,4,11,Sun,0
id387218,2023-11-19,Cash,Wilson-Flores,House,6554,0,-6554,4,11,Sun,0
id592308,2023-11-19,CheckingAccount,Baird LLC,Telephone,4032,0,-4032,4,11,Sun,0
id674291,2023-11-19,SavingsBank,Taylor LLC,School,4924,0,-4924,4,11,Sun,0
id384098,2023-11-19,Cash,Pitts PLC,Internet,6634,0,-6634,4,11,Sun,0
id588774,2023-11-19,CreditCard,Herrera LLC,Tax,5443,0,-5443,4,11,Sun,0
id825301,2023-11-19,SavingsBank,Short Ltd,School,6878,0,-6878,4,11,Sun,0
id117100,2023-11-19,CreditCard,Cherry Nolan and Johnson,Internet,6705,0,-6705,4,11,Sun,0
id398174,2023-11-20,SavingsBank,Dividend,Dividend,0,4425,4425,4,11,Mon,0
id312311,2023-11-20,CreditCard,Cab,Hire,5425,0,-5425,4,11,Mon,0
id387999,2023-11-20,CheckingAccount,Thompson-Gibson,Internet,359,0,-359,4,11,Mon,0
id607846,2023-11-20,CheckingAccount,Lewis and Sons,Telephone,737,0,-737,4,11,Mon,0
id559128,2023-11-20,SavingsBank,Coleman-Anderson,School,1448,0,-1448,4,11,Mon,0
id564660,2023-11-20,CheckingAccount,Hart Taylor and Williams,Fuel,5239,0,-5239,4,11,Mon,0
id665790,2023-11-20,Cash,Wilson Rojas and Pacheco,Dinner,2901,0,-2901,4,11,Mon,0
id927989,2023-11-21,CheckingAccount,Jones-Taylor,Internet,2345,0,-2345,4,11,Tue,0
id486807,2023-11-21,CheckingAccount,Flores Ltd,House,5772,0,-5772,4,11,Tue,0
id459068,2023-11-21,Cash,Wilson Harris and Lynn,Dinner,4676,0,-4676,4,11,Tue,0
id450491,2023-11-21,Cash,Phillips Padilla and Shields,House,1050,0,-1050,4,11,Tue,0
id489426,2023-11-21,Cash,Driver,Hire,2394,0,-2394,4,11,Tue,0
id128932,2023-11-21,CreditCard,Bishop-Miles,Grocery,5873,0,-5873,4,11,Tue,0
id439555,2023-11-21,Cash,Cab,Hire,6106,0,-6106,4,11,Tue,0
id277423,2023-11-22,CheckingAccount,Rodgers Group,Books,7974,0,-7974,4,11,Wed,0
id753473,2023-11-22,Cash,Serrano LLC,House,7155,0,-7155,4,11,Wed,0
id507727,2023-11-22,SavingsBank,Interest,Interest,0,6000,6000,4,11,Wed,0
id904768,2023-11-22,SavingsBank,Smith-Munoz,Tax,277,0,-277,4,11,Wed,0
id229932,2023-11-22,CreditCard,Green-Miller,Telephone,4164,0,-4164,4,11,Wed,0
id352224,2023-11-23,CreditCard,Flowers-Dudley,Grocery,3840,0,-3840,4,11,Thu,0
id587628,2023-11-23,SavingsBank,Green Rodriguez and Smith,Telephone,9433,0,-9433,4,11,Thu,0
id501162,2023-11-23,SavingsBank,Olson Kelley and Mason,School,2414,0,-2414,4,11,Thu,0
id171090,2023-11-23,CheckingAccount,Williamson-Gonzalez,Fuel,7317,0,-7317,4,11,Thu,0
id643405,2023-11-23,SavingsBank,Ramos-Foster,Grocery,9847,0,-9847,4,11,Thu,0
id536154,2023-11-24,CreditCard,Allen Lozano and Norton,Tax,8807,0,-8807,4,11,Fri,0
id334757,2023-11-24,Cash,Jordan PLC,Insurance,1433,0,-1433,4,11,Fri,0
id632585,2023-11-24,CheckingAccount,Stout and Sons,Internet,5216,0,-5216,4,11,Fri,0
id497615,2023-11-24,CreditCard,Allen Group,Books,7198,0,-7198,4,11,Fri,0
id569552,2023-11-25,CreditCard,Reynolds Maldonado and Jimenez,Dinner,3010,0,-3010,4,11,Sat,0
id875421,2023-11-25,CheckingAccount,Cobb Inc,Fuel,4956,0,-4956,4,11,Sat,0
id633498,2023-11-25,CreditCard,Wilson LLC,House,6248,0,-6248,4,11,Sat,0
id755091,2023-11-25,CheckingAccount,Stone Group,Investment,9411,0,-9411,4,11,Sat,1
id322152,2023-11-25,CheckingAccount,Bartlett Luna and Jackson,Grocery,6232,0,-6232,4,11,Sat,0
id167089,2023-11-25,CreditCard,Peters Lucas and Shannon,School,3802,0,-3802,4,11,Sat,0
id668577,2023-11-25,CreditCard,Martinez Tyler and Smith,Internet,1591,0,-1591,4,11,Sat,0
id508039,2023-11-25,Cash,Reed Harris and Davis,Insurance,1116,0,-1116,4,11,Sat,0
id483394,2023-11-25,CheckingAccount,Lee-Boyer,Grocery,8354,0,-8354,4,11,Sat,0
id886280,2023-11-25,CreditCard,Stout PLC,Grocery,1914,0,-1914,4,11,Sat,0
id362117,2023-11-25,CheckingAccount,Evans Chapman and Morris,Insurance,1790,0,-1790,4,11,Sat,0
id633480,2023-11-25,CreditCard,Fernandez-Holland,Fuel,8941,0,-8941,4,11,Sat,0
id297902,2023-11-26,CheckingAccount,Hayes-Floyd,Internet,6004,0,-6004,4,11,Sun,0
id969999,2023-11-26,SavingsBank,Norris and Sons,Books,5302,0,-5302,4,11,Sun,0
id559451,2023-11-26,SavingsBank,Interest,Interest,0,5524,5524,4,11,Sun,0
id918733,2023-11-26,SavingsBank,Swanson Burgess and Little,School,2988,0,-2988,4,11,Sun,0
id824655,2023-11-27,SavingsBank,Salary,Salary,0,31695,31695,4,11,Mon,0
id118364,2023-11-27,SavingsBank,Burns Group,House,5800,0,-5800,4,11,Mon,0
id714892,2023-11-27,CheckingAccount,Porter Inc,Fuel,9522,0,-9522,4,11,Mon,0
id914504,2023-11-27,Cash,Cunningham Group,Tax,5832,0,-5832,4,11,Mon,0
id730068,2023-11-27,CheckingAccount,Johnston Brown and Gill,Internet,8320,0,-8320,4,11,Mon,0
id393775,2023-11-27,SavingsBank,Cab,Hire,9648,0,-9648,4,11,Mon,0
id621271,2023-11-27,Cash,Taylor LLC,Tax,1241,0,-1241,4,11,Mon,0
id328403,2023-11-27,SavingsBank,Lowery Peterson and Michael,Telephone,1138,0,-1138,4,11,Mon,0
id759459,2023-11-27,CreditCard,Driver,Hire,3821,0,-3821,4,11,Mon,0
id708796,2023-11-28,Cash,Osborne LLC,Insurance,2483,0,-2483,4,11,Tue,0
id978711,2023-11-28,CheckingAccount,Wilson-Ortiz,Grocery,7463,0,-7463,4,11,Tue,0
id232155,2023-11-28,Cash,Randall Kennedy and Mcgee,Fuel,8677,0,-8677,4,11,Tue,0
id157775,2023-11-28,CheckingAccount,Cooper-Marquez,Tax,217,0,-217,4,11,Tue,0
id845028,2023-11-28,Cash,Reilly LLC,Grocery,6279,0,-6279,4,11,Tue,0
id154599,2023-11-28,CheckingAccount,Vargas Walsh and Robinson,House,3489,0,-3489,4,11,Tue,0
id138678,2023-11-29,CheckingAccount,Cab,Hire,4417,0,-4417,4,11,Wed,0
id253516,2023-11-29,Cash,Lewis Short and Burton,Grocery,9966,0,-9966,4,11,Wed,0
id621347,2023-11-29,CheckingAccount,Logan and Sons,Investment,1493,0,-1493,4,11,Wed,1
id187842,2023-11-29,CreditCard,Patton Inc,Grocery,2501,0,-2501,4,11,Wed,0
id902897,2023-11-29,SavingsBank,Interest,Interest,0,1759,1759,4,11,Wed,0
id952094,2023-11-29,CheckingAccount,Bush Mullen and Pham,Investment,2148,0,-2148,4,11,Wed,1
id306850,2023-11-29,Cash,Mack Inc,Fuel,3878,0,-3878,4,11,Wed,0
id340143,2023-11-29,Cash,Baker Marshall and Scott,Investment,9193,0,-9193,4,11,Wed,1
id543386,2023-11-29,Cash,Wagner PLC,Tax,9165,0,-9165,4,11,Wed,0
id947232,2023-11-30,CheckingAccount,Stevens Campos and Willis,Tax,6693,0,-6693,4,11,Thu,0
id888226,2023-11-30,Cash,Hines Herring and Hernandez,House,9750,0,-9750,4,11,Thu,0
id904951,2023-11-30,CreditCard,Henry Inc,Fuel,4468,0,-4468,4,11,Thu,0
id131885,2023-11-30,SavingsBank,Flores Galloway and Bailey,House,3912,0,-3912,4,11,Thu,0
id128307,2023-11-30,CreditCard,Cab,Hire,943,0,-943,4,11,Thu,0
id213323,2023-11-30,Cash,Brown-Robinson,School,7010,0,-7010,4,11,Thu,0
id851350,2023-11-30,CreditCard,Mason Mccormick and Yates,Telephone,9843,0,-9843,4,11,Thu,0
id300754,2023-11-30,CreditCard,Gardner PLC,Internet,6951,0,-6951,4,11,Thu,0
id724192,2023-12-01,CreditCard,Banks-Williams,Internet,9574,0,-9574,4,12,Fri,0
id563332,2023-12-01,CheckingAccount,Cleaning,Hire,4416,0,-4416,4,12,Fri,0
id550288,2023-12-01,CreditCard,Fowler-Perry,Telephone,4411,0,-4411,4,12,Fri,0
id376297,2023-12-02,CheckingAccount,Johnson-Williams,House,6764,0,-6764,4,12,Sat,0
id779126,2023-12-02,Cash,Andrade-Smith,Telephone,8271,0,-8271,4,12,Sat,0
id167237,2023-12-02,SavingsBank,Soto-Black,Investment,9614,0,-9614,4,12,Sat,1
id464963,2023-12-02,SavingsBank,Salary,Salary,0,128640,128640,4,12,Sat,0
id215735,2023-12-02,Cash,Hall PLC,Dinner,1619,0,-1619,4,12,Sat,0
id290499,2023-12-02,CreditCard,Smith Group,Insurance,5250,0,-5250,4,12,Sat,0
id711497,2023-12-02,Cash,Franklin-West,School,8464,0,-8464,4,12,Sat,0
id947810,2023-12-02,CreditCard,Snow Norris and Lewis,Grocery,8278,0,-8278,4,12,Sat,0
id455815,2023-12-03,SavingsBank,Berry Matthews and Jackson,Insurance,6713,0,-6713,4,12,Sun,0
id542532,2023-12-03,CheckingAccount,Martinez-Sloan,Insurance,3034,0,-3034,4,12,Sun,0
id367015,2023-12-03,Cash,Smith Ltd,School,6574,0,-6574,4,12,Sun,0
id439731,2023-12-03,CreditCard,Rodriguez PLC,House,9270,0,-9270,4,12,Sun,0
id955820,2023-12-03,SavingsBank,Velasquez Case and Santana,Internet,6826,0,-6826,4,12,Sun,0
id452178,2023-12-03,CreditCard,Williams Booth and Martin,Fuel,9471,0,-9471,4,12,Sun,0
id746097,2023-12-03,SavingsBank,Garcia Reed and Lane,Insurance,7986,0,-7986,4,12,Sun,0
id723221,2023-12-03,Cash,Jarvis Bowman and Melendez,Investment,5364,0,-5364,4,12,Sun,1
id191813,2023-12-03,CreditCard,Frazier Carter and Davidson,House,7131,0,-7131,4,12,Sun,0
id645022,2023-12-03,CheckingAccount,Lawson PLC,Grocery,444,0,-444,4,12,Sun,0
id173870,2023-12-03,CheckingAccount,Wilkins Rivera and Murray,Dinner,2089,0,-2089,4,12,Sun,0
id877913,2023-12-03,Cash,Turner Davis and Scott,Grocery,4907,0,-4907,4,12,Sun,0
id788143,2023-12-03,CreditCard,Accountant,Hire,3708,0,-3708,4,12,Sun,0
id959411,2023-12-04,Cash,Simpson-Kim,Dinner,7219,0,-7219,4,12,Mon,0
id136712,2023-12-04,CreditCard,Roberts LLC,School,4687,0,-4687,4,12,Mon,0
id311098,2023-12-04,SavingsBank,Interest,Interest,0,2693,2693,4,12,Mon,0
id925935,2023-12-04,Cash,Taylor Cook and Zimmerman,Investment,7917,0,-7917,4,12,Mon,1
id381569,2023-12-04,Cash,Fisher Jackson and Harris,Investment,6104,0,-6104,4,12,Mon,1
id793302,2023-12-04,CreditCard,Matthews LLC,Grocery,2819,0,-2819,4,12,Mon,0
id384865,2023-12-05,Cash,Porter Jones and Shaw,Grocery,2626,0,-2626,4,12,Tue,0
id439402,2023-12-05,CheckingAccount,Cleaning,Hire,2624,0,-2624,4,12,Tue,0
id433664,2023-12-05,Cash,Hess-Snyder,Fuel,9006,0,-9006,4,12,Tue,0
id254361,2023-12-05,CheckingAccount,Barker PLC,School,4249,0,-4249,4,12,Tue,0
id327873,2023-12-05,CreditCard,Kelly-Mcintyre,Insurance,5329,0,-5329,4,12,Tue,0
id829805,2023-12-05,SavingsBank,Salary,Salary,0,126900,126900,4,12,Tue,0
id648718,2023-12-06,CheckingAccount,Wilson-Ward,Insurance,4258,0,-4258,4,12,Wed,0
id346286,2023-12-06,SavingsBank,Rogers-Torres,Telephone,2437,0,-2437,4,12,Wed,0
id211347,2023-12-06,CreditCard,White Pratt and White,Books,6271,0,-6271,4,12,Wed,0
id332342,2023-12-06,CreditCard,Bennett-Ortiz,Investment,9442,0,-9442,4,12,Wed,1
id532026,2023-12-06,CreditCard,Driver,Hire,5979,0,-5979,4,12,Wed,0
id616496,2023-12-07,SavingsBank,Salary,Salary,0,115965,115965,4,12,Thu,0
id225040,2023-12-07,Cash,Houston-Evans,Tax,460,0,-460,4,12,Thu,0
id581973,2023-12-07,CheckingAccount,Hall Fisher and Garcia,Internet,6471,0,-6471,4,12,Thu,0
id291057,2023-12-07,CreditCard,Wilson Jordan and Johnson,School,4319,0,-4319,4,12,Thu,0
id391295,2023-12-07,Cash,Bush Scott and Horton,Books,3319,0,-3319,4,12,Thu,0
id569450,2023-12-07,SavingsBank,Interest,Interest,0,9567,9567,4,12,Thu,0
id636211,2023-12-07,CreditCard,Foster Patel and Adams,Internet,9471,0,-9471,4,12,Thu,0
id597030,2023-12-08,Cash,Fisher Romero and Rodriguez,Telephone,9166,0,-9166,4,12,Fri,0
id758853,2023-12-08,SavingsBank,Whitaker Ltd,Telephone,4326,0,-4326,4,12,Fri,0
id206034,2023-12-08,CreditCard,Johnson Fuller and Lucas,Insurance,8329,0,-8329,4,12,Fri,0
id866267,2023-12-08,Cash,Jordan LLC,Grocery,1390,0,-1390,4,12,Fri,0
id898652,2023-12-08,CreditCard,Peck Manning and Fry,Dinner,7363,0,-7363,4,12,Fri,0
id893542,2023-12-08,CheckingAccount,Accountant,Hire,1493,0,-1493,4,12,Fri,0
id635407,2023-12-08,CreditCard,Cleaning,Hire,2419,0,-2419,4,12,Fri,0
id590816,2023-12-08,Cash,Brown-Brown,Investment,1549,0,-1549,4,12,Fri,1
id731882,2023-12-08,Cash,Aguirre Davis and Jackson,Investment,5896,0,-5896,4,12,Fri,1
id212661,2023-12-08,Cash,Crawford Group,Internet,2283,0,-2283,4,12,Fri,0
id464049,2023-12-09,SavingsBank,Interest,Interest,0,2098,2098,4,12,Sat,0
id596157,2023-12-09,CreditCard,Black and Sons,Fuel,9370,0,-9370,4,12,Sat,0
id206659,2023-12-09,CheckingAccount,Miller-Christensen,Telephone,6042,0,-6042,4,12,Sat,0
id979204,2023-12-09,Cash,Newman-Ward,Dinner,6802,0,-6802,4,12,Sat,0
id703106,2023-12-09,SavingsBank,Dividend,Dividend,0,8417,8417,4,12,Sat,0
id850584,2023-12-09,SavingsBank,Dividend,Dividend,0,5735,5735,4,12,Sat,0
id640786,2023-12-09,CheckingAccount,Adams Inc,Tax,1802,0,-1802,4,12,Sat,0
id745073,2023-12-09,CreditCard,Arellano Park and Norton,Grocery,2714,0,-2714,4,12,Sat,0
id715199,2023-12-09,CreditCard,Powell PLC,Books,6793,0,-6793,4,12,Sat,0
id493662,2023-12-10,CheckingAccount,Holmes-Harris,Fuel,6072,0,-6072,4,12,Sun,0
id380197,2023-12-10,Cash,Driver,Hire,7606,0,-7606,4,12,Sun,0
id261086,2023-12-10,SavingsBank,Smith Ltd,Internet,4644,0,-4644,4,12,Sun,0
id744535,2023-12-10,Cash,Terrell Inc,Grocery,5932,0,-5932,4,12,Sun,0
id442816,2023-12-10,CreditCard,Davies Huang and Mccall,Tax,4080,0,-4080,4,12,Sun,0
id955441,2023-12-10,CreditCard,Jones Blanchard and Delgado,Investment,6497,0,-6497,4,12,Sun,1
id709012,2023-12-10,CreditCard,Patterson-Dawson,Tax,1704,0,-1704,4,12,Sun,0
id874038,2023-12-10,CheckingAccount,Cleaning,Hire,1927,0,-1927,4,12,Sun,0
id675868,2023-12-10,SavingsBank,Dividend,Dividend,0,6904,6904,4,12,Sun,0
id601581,2023-12-10,CheckingAccount,Allen Inc,School,998,0,-998,4,12,Sun,0
id783219,2023-12-11,CreditCard,Chan-Anderson,Books,4607,0,-4607,4,12,Mon,0
id466428,2023-12-11,CreditCard,Bennett PLC,Books,6530,0,-6530,4,12,Mon,0
id462382,2023-12-11,CreditCard,Perry and Sons,Books,3583,0,-3583,4,12,Mon,0
id349534,2023-12-12,CreditCard,Sutton Davis and Stewart,Books,4876,0,-4876,4,12,Tue,0
id994758,2023-12-12,CreditCard,Zamora Armstrong and Harper,Insurance,6552,0,-6552,4,12,Tue,0
id941397,2023-12-12,CheckingAccount,Driver,Hire,538,0,-538,4,12,Tue,0
id130321,2023-12-12,SavingsBank,Dividend,Dividend,0,6147,6147,4,12,Tue,0
id850849,2023-12-12,CreditCard,Dean-Richardson,Fuel,6158,0,-6158,4,12,Tue,0
id113111,2023-12-12,Cash,Ross-Burgess,Grocery,8301,0,-8301,4,12,Tue,0
id936682,2023-12-12,Cash,Stevens-Williamson,Internet,7785,0,-7785,4,12,Tue,0
id572775,2023-12-12,SavingsBank,Haley Riley and Martin,Insurance,9252,0,-9252,4,12,Tue,0
id146492,2023-12-12,CheckingAccount,Riggs and Sons,Grocery,7373,0,-7373,4,12,Tue,0
id243992,2023-12-12,SavingsBank,Baker LLC,Grocery,553,0,-553,4,12,Tue,0
id342097,2023-12-12,CheckingAccount,Ellis Inc,Grocery,8004,0,-8004,4,12,Tue,0
id996164,2023-12-13,CheckingAccount,Mccann-Larson,Books,8776,0,-8776,4,12,Wed,0
id908707,2023-12-13,Cash,Watts-Roberts,Tax,3084,0,-3084,4,12,Wed,0
id449919,2023-12-13,Cash,Francis Rhodes and Patterson,Grocery,1372,0,-1372,4,12,Wed,0
id306861,2023-12-13,CheckingAccount,Jensen LLC,House,2290,0,-2290,4,12,Wed,0
id557129,2023-12-13,Cash,Koch LLC,Telephone,6171,0,-6171,4,12,Wed,0
id754393,2023-12-13,CheckingAccount,Smith Lewis and Mack,Books,4413,0,-4413,4,12,Wed,0
id411957,2023-12-14,Cash,Taylor Clark and Smith,Internet,8057,0,-8057,4,12,Thu,0
id850526,2023-12-14,CheckingAccount,Cab,Hire,5130,0,-5130,4,12,Thu,0
id946264,2023-12-14,CreditCard,Cab,Hire,1091,0,-1091,4,12,Thu,0
id759960,2023-12-14,SavingsBank,Salary,Salary,0,87450,87450,4,12,Thu,0
id873879,2023-12-14,SavingsBank,Lee-Maldonado,Fuel,6397,0,-6397,4,12,Thu,0
id647471,2023-12-14,Cash,Hughes Smith and Burns,Fuel,2856,0,-2856,4,12,Thu,0
id298131,2023-12-15,SavingsBank,Salary,Salary,0,18465,18465,4,12,Fri,0
id314750,2023-12-15,CreditCard,Barnett Smith and Torres,Telephone,4407,0,-4407,4,12,Fri,0
id699753,2023-12-15,CheckingAccount,Gardner Richardson and Pratt,Dinner,6133,0,-6133,4,12,Fri,0
id524649,2023-12-15,SavingsBank,Jenkins and Sons,House,667,0,-667,4,12,Fri,0
id193582,2023-12-16,SavingsBank,Taylor Green and White,Insurance,6736,0,-6736,4,12,Sat,0
id296069,2023-12-16,Cash,Vega Group,Tax,4321,0,-4321,4,12,Sat,0
id142080,2023-12-16,CreditCard,Accountant,Hire,7418,0,-7418,4,12,Sat,0
id533318,2023-12-17,CreditCard,Wolfe Lee and Perry,School,9140,0,-9140,4,12,Sun,0
id426063,2023-12-17,CheckingAccount,Chapman-Mack,Investment,3805,0,-3805,4,12,Sun,1
id512570,2023-12-17,SavingsBank,Foley-Fowler,Dinner,2512,0,-2512,4,12,Sun,0
id976693,2023-12-17,CheckingAccount,Turner LLC,Fuel,3465,0,-3465,4,12,Sun,0
id973056,2023-12-17,Cash,Rice Ltd,Internet,9584,0,-9584,4,12,Sun,0
id910297,2023-12-17,SavingsBank,Salary,Salary,0,59430,59430,4,12,Sun,0
id537269,2023-12-17,CreditCard,Accountant,Hire,8679,0,-8679,4,12,Sun,0
id635339,2023-12-18,SavingsBank,Bennett-Palmer,Investment,6353,0,-6353,4,12,Mon,1
id842934,2023-12-18,SavingsBank,Accountant,Hire,1828,0,-1828,4,12,Mon,0
id961332,2023-12-18,CreditCard,Cooper-Beltran,House,7013,0,-7013,4,12,Mon,0
id348002,2023-12-18,CreditCard,Barnett-Keller,Books,8350,0,-8350,4,12,Mon,0
id646507,2023-12-18,SavingsBank,Cleaning,Hire,6850,0,-6850,4,12,Mon,0
id241840,2023-12-18,SavingsBank,Randall-Williams,School,9397,0,-9397,4,12,Mon,0
id888756,2023-12-18,CreditCard,Perez Fowler and Yates,Tax,3761,0,-3761,4,12,Mon,0
id364096,2023-12-18,CreditCard,Schmidt Hill and Cooper,Internet,651,0,-651,4,12,Mon,0
id662560,2023-12-18,CheckingAccount,Mora-Maynard,Tax,4945,0,-4945,4,12,Mon,0
id247214,2023-12-18,CreditCard,Berry-Neal,Tax,4262,0,-4262,4,12,Mon,0
id504059,2023-12-18,SavingsBank,Salary,Salary,0,95460,95460,4,12,Mon,0
id826533,2023-12-19,SavingsBank,Peterson Duran and Jensen,Tax,5331,0,-5331,4,12,Tue,0
id738033,2023-12-19,Cash,Robinson LLC,Dinner,4337,0,-4337,4,12,Tue,0
id782874,2023-12-19,CheckingAccount,Klein-Poole,House,4444,0,-4444,4,12,Tue,0
id981522,2023-12-19,CreditCard,Costa Inc,House,3621,0,-3621,4,12,Tue,0
id339949,2023-12-19,Cash,Stephens Sanders and Brewer,Tax,5661,0,-5661,4,12,Tue,0
id120587,2023-12-20,CheckingAccount,Moran-Garcia,Internet,2344,0,-2344,4,12,Wed,0
id297550,2023-12-20,SavingsBank,Morgan Porter and Knight,Fuel,6826,0,-6826,4,12,Wed,0
id842538,2023-12-20,CheckingAccount,Boyle Wright and Shields,Fuel,362,0,-362,4,12,Wed,0
id283953,2023-12-20,Cash,Dorsey Ltd,Investment,5660,0,-5660,4,12,Wed,1
id930043,2023-12-20,SavingsBank,Ross-Richmond,Tax,2082,0,-2082,4,12,Wed,0
id216370,2023-12-20,CheckingAccount,Walsh Hill and Zimmerman,Fuel,9868,0,-9868,4,12,Wed,0
id157394,2023-12-20,Cash,Martinez Morgan and Lawson,Insurance,5222,0,-5222,4,12,Wed,0
id498021,2023-12-20,CreditCard,Rodriguez Inc,Internet,2937,0,-2937,4,12,Wed,0
id854461,2023-12-21,CreditCard,Nash Ross and Schmidt,Books,8985,0,-8985,4,12,Thu,0
id848777,2023-12-21,SavingsBank,Dividend,Dividend,0,6666,6666,4,12,Thu,0
id938874,2023-12-21,CheckingAccount,Taylor and Sons,Books,1922,0,-1922,4,12,Thu,0
id601282,2023-12-21,SavingsBank,Dividend,Dividend,0,1910,1910,4,12,Thu,0
id391638,2023-12-22,Cash,Martinez Barrett and Suarez,Telephone,2405,0,-2405,4,12,Fri,0
id709862,2023-12-22,Cash,Johnson and Sons,Insurance,7710,0,-7710,4,12,Fri,0
id224301,2023-12-22,Cash,Johnston Christensen and Stephens,Grocery,9015,0,-9015,4,12,Fri,0
id667792,2023-12-22,Cash,Yu Moore and Adams,Internet,7979,0,-7979,4,12,Fri,0
id932233,2023-12-22,Cash,Rivers Mitchell and Lee,Fuel,352,0,-352,4,12,Fri,0
id206098,2023-12-22,CheckingAccount,Maxwell Douglas and Villa,School,2175,0,-2175,4,12,Fri,0
id732490,2023-12-22,CreditCard,Henderson-Contreras,Grocery,3662,0,-3662,4,12,Fri,0
id589917,2023-12-23,CreditCard,Cleaning,Hire,961,0,-961,4,12,Sat,0
id431044,2023-12-23,Cash,Chan Brown and Butler,Books,7558,0,-7558,4,12,Sat,0
id833579,2023-12-23,SavingsBank,Dividend,Dividend,0,4160,4160,4,12,Sat,0
id526104,2023-12-23,Cash,Thompson Powell and Wolfe,Fuel,7373,0,-7373,4,12,Sat,0
id527647,2023-12-23,SavingsBank,Flores LLC,Fuel,1439,0,-1439,4,12,Sat,0
id451365,2023-12-23,CheckingAccount,Koch LLC,Telephone,2060,0,-2060,4,12,Sat,0
id530933,2023-12-24,SavingsBank,Salary,Salary,0,66315,66315,4,12,Sun,0
id354621,2023-12-24,SavingsBank,Cleaning,Hire,5226,0,-5226,4,12,Sun,0
id581523,2023-12-24,CreditCard,Cooper-Brown,Dinner,5096,0,-5096,4,12,Sun,0
id530411,2023-12-24,Cash,Bean Thomas and Jacobs,School,8288,0,-8288,4,12,Sun,0
id887263,2023-12-24,SavingsBank,Salary,Salary,0,78120,78120,4,12,Sun,0
id190704,2023-12-25,Cash,Wilson Young and Johnson,Internet,7341,0,-7341,4,12,Mon,0
id884574,2023-12-25,SavingsBank,Hanna Jackson and Garcia,Fuel,997,0,-997,4,12,Mon,0
id602438,2023-12-25,CreditCard,Johnson Inc,Tax,8577,0,-8577,4,12,Mon,0
id788468,2023-12-25,CreditCard,Johnson Moss and Bradley,School,9379,0,-9379,4,12,Mon,0
id228475,2023-12-25,Cash,Cleaning,Hire,7419,0,-7419,4,12,Mon,0
id657880,2023-12-25,Cash,Gonzalez LLC,Books,3626,0,-3626,4,12,Mon,0
id745986,2023-12-26,Cash,Allen Group,Dinner,9452,0,-9452,4,12,Tue,0
id606400,2023-12-26,SavingsBank,Johnson Inc,Internet,2068,0,-2068,4,12,Tue,0
id836163,2023-12-26,Cash,Holmes-Welch,Insurance,946,0,-946,4,12,Tue,0
id427515,2023-12-27,CheckingAccount,May Sharp and Wheeler,Fuel,1019,0,-1019,4,12,Wed,0
id671545,2023-12-27,CheckingAccount,Cab,Hire,2285,0,-2285,4,12,Wed,0
id918877,2023-12-27,CheckingAccount,Brown-Johnson,Fuel,7122,0,-7122,4,12,Wed,0
id365047,2023-12-27,Cash,Kline and Sons,Books,6429,0,-6429,4,12,Wed,0
id314318,2023-12-27,SavingsBank,Dividend,Dividend,0,1115,1115,4,12,Wed,0
id794274,2023-12-27,SavingsBank,Interest,Interest,0,7674,7674,4,12,Wed,0
id263067,2023-12-27,SavingsBank,Snyder Ltd,Fuel,2973,0,-2973,4,12,Wed,0
id406958,2023-12-27,CheckingAccount,Garcia Evans and Jones,Grocery,719,0,-719,4,12,Wed,0
id417721,2023-12-27,Cash,Johnson-Cantu,Telephone,7448,0,-7448,4,12,Wed,0
id202317,2023-12-27,CreditCard,Joseph Hughes and Wilkerson,House,3564,0,-3564,4,12,Wed,0
id282394,2023-12-28,Cash,Rios Barker and White,Tax,3486,0,-3486,4,12,Thu,0
id192233,2023-12-28,CreditCard,Cooper-Cook,Insurance,9089,0,-9089,4,12,Thu,0
id729495,2023-12-28,CreditCard,Kelley Keller and Dalton,Fuel,8678,0,-8678,4,12,Thu,0
id244859,2023-12-28,SavingsBank,Sanchez-Murray,Internet,5899,0,-5899,4,12,Thu,0
id632454,2023-12-28,Cash,Noble LLC,Telephone,7876,0,-7876,4,12,Thu,0
id803786,2023-12-28,CreditCard,Myers-Friedman,Internet,6362,0,-6362,4,12,Thu,0
id989851,2023-12-29,CreditCard,Schmidt-David,Books,1874,0,-1874,4,12,Fri,0
id427627,2023-12-29,SavingsBank,Pugh Thompson and Hobbs,Books,535,0,-535,4,12,Fri,0
id264832,2023-12-29,CheckingAccount,Whitehead Chase and Jenkins,Tax,1133,0,-1133,4,12,Fri,0
id414168,2023-12-29,CreditCard,Monroe-Avila,Books,5975,0,-5975,4,12,Fri,0
id916561,2023-12-29,SavingsBank,Davis-Grimes,Tax,2821,0,-2821,4,12,Fri,0
id917311,2023-12-30,CreditCard,Coleman-Mcbride,Internet,8237,0,-8237,4,12,Sat,0
id161665,2023-12-30,Cash,Gray Ltd,School,6022,0,-6022,4,12,Sat,0
id706922,2023-12-30,SavingsBank,Cleaning,Hire,8915,0,-8915,4,12,Sat,0
id586950,2023-12-30,SavingsBank,Dividend,Dividend,0,2888,2888,4,12,Sat,0
id993066,2023-12-30,Cash,Stewart Moore and Woodard,Fuel,6063,0,-6063,4,12,Sat,0
id734582,2023-12-30,Cash,Baxter Carter and Hayes,Books,3671,0,-3671,4,12,Sat,0
id206910,2023-12-31,CheckingAccount,Wilson and Sons,Telephone,8056,0,-8056,4,12,Sun,0
id513620,2023-12-31,SavingsBank,Salary,Salary,0,27270,27270,4,12,Sun,0
id849431,2023-12-31,SavingsBank,Ellis and Sons,House,3654,0,-3654,4,12,Sun,0
id878133,2023-12-31,Cash,Mccoy Bruce and Sanchez,Internet,4576,0,-4576,4,12,Sun,0
id637228,2023-12-31,CreditCard,Brown Inc,Insurance,9504,0,-9504,4,12,Sun,0
id773464,2023-12-31,CheckingAccount,Payne Mills and Kline,Tax,2047,0,-2047,4,12,Sun,0
id979582,2024-01-01,CreditCard,Donaldson-Williams,Dinner,9754,0,-9754,1,1,Mon,0
id724876,2024-01-01,CheckingAccount,Castro-Campbell,Dinner,6295,0,-6295,1,1,Mon,0
id284975,2024-01-01,Cash,Hardy-Roach,Grocery,5880,0,-5880,1,1,Mon,0
id817091,2024-01-01,SavingsBank,Dividend,Dividend,0,6606,6606,1,1,Mon,0
id177076,2024-01-01,SavingsBank,Duncan PLC,House,3787,0,-3787,1,1,Mon,0
id862222,2024-01-01,SavingsBank,Interest,Interest,0,2885,2885,1,1,Mon,0
id536072,2024-01-01,Cash,Campbell Warren and Sanchez,Insurance,5192,0,-5192,1,1,Mon,0
id552760,2024-01-02,CreditCard,Curtis-White,Dinner,949,0,-949,1,1,Tue,0
id941120,2024-01-02,CheckingAccount,Colon Taylor and Bell,Insurance,282,0,-282,1,1,Tue,0
id753693,2024-01-02,CreditCard,Gonzales-Reyes,Internet,8319,0,-8319,1,1,Tue,0
id987022,2024-01-02,SavingsBank,Green Inc,Fuel,6892,0,-6892,1,1,Tue,0
id355443,2024-01-02,Cash,Franco-Foster,Internet,7530,0,-7530,1,1,Tue,0
id510616,2024-01-02,CreditCard,Lee-Owens,School,1629,0,-1629,1,1,Tue,0
id331313,2024-01-03,SavingsBank,Adams Phillips and Torres,Dinner,277,0,-277,1,1,Wed,0
id289115,2024-01-03,Cash,Evans-Johnson,Dinner,547,0,-547,1,1,Wed,0
id917021,2024-01-03,SavingsBank,Dunn-Gould,Insurance,2849,0,-2849,1,1,Wed,0
id739816,2024-01-03,CheckingAccount,Murphy-Bell,School,3896,0,-3896,1,1,Wed,0
id535554,2024-01-04,Cash,Washington-Hudson,Grocery,8802,0,-8802,1,1,Thu,0
id746947,2024-01-04,CreditCard,Riley-Pena,Telephone,2847,0,-2847,1,1,Thu,0
id120343,2024-01-04,SavingsBank,Salary,Salary,0,40830,40830,1,1,Thu,0
id285360,2024-01-04,CreditCard,Brennan Young and Smith,Investment,2832,0,-2832,1,1,Thu,1
id433259,2024-01-04,CheckingAccount,Farrell-Mejia,Insurance,8708,0,-8708,1,1,Thu,0
id512371,2024-01-04,Cash,Diaz Hall and Williams,Insurance,462,0,-462,1,1,Thu,0
id267864,2024-01-05,CheckingAccount,Simpson-Miller,School,7815,0,-7815,1,1,Fri,0
id910495,2024-01-05,SavingsBank,Smith-King,Dinner,8768,0,-8768,1,1,Fri,0
id694151,2024-01-05,Cash,Marshall Ltd,School,9038,0,-9038,1,1,Fri,0
id940949,2024-01-05,CreditCard,Williams LLC,House,2475,0,-2475,1,1,Fri,0
id334853,2024-01-06,CheckingAccount,Barker Snyder and Alvarado,Insurance,5511,0,-5511,1,1,Sat,0
id704114,2024-01-06,Cash,Brady LLC,Internet,4910,0,-4910,1,1,Sat,0
id340013,2024-01-06,CheckingAccount,Osborne Watson and Glenn,Books,6692,0,-6692,1,1,Sat,0
id802808,2024-01-06,Cash,Williams-Vega,House,6182,0,-6182,1,1,Sat,0
id385204,2024-01-06,CreditCard,Barton Hubbard and Bush,Dinner,4345,0,-4345,1,1,Sat,0
id619821,2024-01-06,CreditCard,Boyd-Lin,Internet,9463,0,-9463,1,1,Sat,0
id633012,2024-01-06,CheckingAccount,Fitzpatrick Charles and Cole,School,9430,0,-9430,1,1,Sat,0
id311128,2024-01-07,SavingsBank,Perez Group,Telephone,9626,0,-9626,1,1,Sun,0
id480323,2024-01-07,SavingsBank,Evans and Sons,Books,4703,0,-4703,1,1,Sun,0
id678636,2024-01-07,CheckingAccount,Smith Ltd,School,4710,0,-4710,1,1,Sun,0
id839479,2024-01-07,SavingsBank,Everett PLC,Internet,2128,0,-2128,1,1,Sun,0
id807511,2024-01-07,CheckingAccount,Martin and Sons,Insurance,9143,0,-9143,1,1,Sun,0
id670741,2024-01-07,CheckingAccount,Ortiz LLC,School,7827,0,-7827,1,1,Sun,0
id933129,2024-01-07,CheckingAccount,Garcia Jackson and Daniels,Telephone,5482,0,-5482,1,1,Sun,0
id342337,2024-01-07,Cash,Salazar-Williams,School,5769,0,-5769,1,1,Sun,0
id806044,2024-01-07,SavingsBank,Dividend,Dividend,0,506,506,1,1,Sun,0
id480678,2024-01-08,Cash,Flores Payne and Smith,Insurance,7187,0,-7187,1,1,Mon,0
id849966,2024-01-08,CreditCard,Turner and Sons,Telephone,1370,0,-1370,1,1,Mon,0
id797532,2024-01-08,CheckingAccount,Aguilar and Sons,Tax,5030,0,-5030,1,1,Mon,0
id221473,2024-01-08,CheckingAccount,Harris Group,Fuel,9479,0,-9479,1,1,Mon,0
id890713,2024-01-10,CheckingAccount,Fernandez and Sons,House,1081,0,-1081,1,1,Wed,0
id491946,2024-01-10,Cash,Cunningham LLC,House,6552,0,-6552,1,1,Wed,0
id589642,2024-01-10,SavingsBank,Steele-Hernandez,Grocery,9135,0,-9135,1,1,Wed,0
id329854,2024-01-10,SavingsBank,Bailey-Jenkins,Fuel,7393,0,-7393,1,1,Wed,0
id416637,2024-01-10,CheckingAccount,Matthews PLC,School,365,0,-365,1,1,Wed,0
id598132,2024-01-11,CheckingAccount,Rice-Cook,Telephone,1839,0,-1839,1,1,Thu,0
id167935,2024-01-11,SavingsBank,French-Miller,Tax,9541,0,-9541,1,1,Thu,0
id558109,2024-01-11,CreditCard,Dorsey Tapia and Sherman,Investment,2495,0,-2495,1,1,Thu,1
id926350,2024-01-11,CheckingAccount,Strong Allen and Conley,Grocery,6603,0,-6603,1,1,Thu,0
id368642,2024-01-12,CheckingAccount,Moore Davis and Stevens,House,4819,0,-4819,1,1,Fri,0
id855419,2024-01-12,SavingsBank,Accountant,Hire,1657,0,-1657,1,1,Fri,0
id496687,2024-01-12,SavingsBank,Interest,Interest,0,2223,2223,1,1,Fri,0
id455957,2024-01-12,SavingsBank,Dividend,Dividend,0,8541,8541,1,1,Fri,0
id137320,2024-01-12,SavingsBank,Interest,Interest,0,8012,8012,1,1,Fri,0
id654887,2024-01-12,CheckingAccount,Mayer-Harrison,Internet,8381,0,-8381,1,1,Fri,0
id443022,2024-01-12,SavingsBank,Knox Gamble and Patel,Fuel,1947,0,-1947,1,1,Fri,0
id868280,2024-01-12,CheckingAccount,Townsend-Cooper,House,8203,0,-8203,1,1,Fri,0
id572544,2024-01-13,CheckingAccount,Cooper Patton and Foster,Investment,736,0,-736,1,1,Sat,1
id701682,2024-01-13,SavingsBank,Salary,Salary,0,86580,86580,1,1,Sat,0
id513428,2024-01-13,CheckingAccount,Barton-Cruz,Tax,568,0,-568,1,1,Sat,0
id557999,2024-01-13,CreditCard,Jimenez Group,Insurance,4655,0,-4655,1,1,Sat,0
id570567,2024-01-13,CheckingAccount,Robertson Schultz and West,Investment,4396,0,-4396,1,1,Sat,1
id471958,2024-01-13,SavingsBank,Chavez Lawson and Mcgee,House,8123,0,-8123,1,1,Sat,0
id804419,2024-01-13,CheckingAccount,Williams-Middleton,Investment,6679,0,-6679,1,1,Sat,1
id809859,2024-01-13,Cash,Cleaning,Hire,4070,0,-4070,1,1,Sat,0
id591961,2024-01-13,CreditCard,Santiago-Cunningham,Insurance,1965,0,-1965,1,1,Sat,0
id623572,2024-01-14,SavingsBank,Scott PLC,Fuel,2552,0,-2552,1,1,Sun,0
id172119,2024-01-14,CreditCard,Lowe Avery and Simmons,Insurance,8704,0,-8704,1,1,Sun,0
id900604,2024-01-14,CheckingAccount,Johnson-Daniel,Internet,397,0,-397,1,1,Sun,0
id419553,2024-01-14,CheckingAccount,Abbott Phillips and Mitchell,School,6071,0,-6071,1,1,Sun,0
id134976,2024-01-14,CreditCard,Mcdaniel Ltd,Internet,739,0,-739,1,1,Sun,0
id897013,2024-01-14,Cash,Mcdonald-Fisher,Tax,9638,0,-9638,1,1,Sun,0
id682587,2024-01-14,SavingsBank,Wilkerson Cobb and Warner,Investment,4269,0,-4269,1,1,Sun,1
id274671,2024-01-14,CheckingAccount,Miller-White,House,2140,0,-2140,1,1,Sun,0
id895549,2024-01-14,SavingsBank,Dividend,Dividend,0,9609,9609,1,1,Sun,0
id720005,2024-01-14,Cash,Adams Thomas and Floyd,House,9876,0,-9876,1,1,Sun,0
id220721,2024-01-15,CreditCard,Jackson Reyes and White,Grocery,9387,0,-9387,1,1,Mon,0
id775820,2024-01-15,SavingsBank,Alvarez-Matthews,Dinner,2623,0,-2623,1,1,Mon,0
id485197,2024-01-15,CheckingAccount,Cleaning,Hire,4624,0,-4624,1,1,Mon,0
id120916,2024-01-15,CheckingAccount,Morris-Miranda,Insurance,5122,0,-5122,1,1,Mon,0
id183401,2024-01-15,SavingsBank,Dividend,Dividend,0,751,751,1,1,Mon,0
id807955,2024-01-16,Cash,Smith-Thomas,Books,3306,0,-3306,1,1,Tue,0
id552712,2024-01-16,Cash,Washington Lewis and Smith,School,7059,0,-7059,1,1,Tue,0
id360786,2024-01-16,SavingsBank,Salary,Salary,0,21180,21180,1,1,Tue,0
id686883,2024-01-16,SavingsBank,Interest,Interest,0,2697,2697,1,1,Tue,0
id218674,2024-01-16,SavingsBank,Fields White and Kaiser,Tax,7644,0,-7644,1,1,Tue,0
id615044,2024-01-17,CreditCard,Hess-Hernandez,Tax,7301,0,-7301,1,1,Wed,0
id756748,2024-01-17,SavingsBank,Stout Group,House,214,0,-214,1,1,Wed,0
id972700,2024-01-17,CreditCard,Greene Carr and Byrd,Tax,5670,0,-5670,1,1,Wed,0
id253225,2024-01-17,CheckingAccount,Schmidt Cruz and James,School,2740,0,-2740,1,1,Wed,0
id755565,2024-01-17,CreditCard,Lambert-Rodriguez,Telephone,3723,0,-3723,1,1,Wed,0
id390664,2024-01-17,CreditCard,Jarvis Inc,Grocery,8865,0,-8865,1,1,Wed,0
id597418,2024-01-17,Cash,Thomas-Austin,School,2303,0,-2303,1,1,Wed,0
id419238,2024-01-17,Cash,Davis-Gutierrez,Dinner,4615,0,-4615,1,1,Wed,0
id136188,2024-01-17,CreditCard,Bell Group,Internet,606,0,-606,1,1,Wed,0
id327216,2024-01-18,Cash,Cleaning,Hire,1535,0,-1535,1,1,Thu,0
id387526,2024-01-18,SavingsBank,Stewart-Nunez,Grocery,9253,0,-9253,1,1,Thu,0
id772089,2024-01-18,SavingsBank,Johnson Group,Dinner,5649,0,-5649,1,1,Thu,0
id169117,2024-01-18,CreditCard,Hopkins LLC,Tax,2207,0,-2207,1,1,Thu,0
id498883,2024-01-18,Cash,Williams-Callahan,Grocery,1965,0,-1965,1,1,Thu,0
id313082,2024-01-18,CheckingAccount,Barton-Davis,Insurance,7003,0,-7003,1,1,Thu,0
id362009,2024-01-18,CreditCard,Bentley Duncan and Thompson,House,2491,0,-2491,1,1,Thu,0
id453057,2024-01-18,CreditCard,Reynolds Matthews and Richard,Books,2406,0,-2406,1,1,Thu,0
id672627,2024-01-18,Cash,Joyce Inc,Tax,7397,0,-7397,1,1,Thu,0
id378296,2024-01-18,CheckingAccount,Hanson Group,School,3954,0,-3954,1,1,Thu,0
id612555,2024-01-19,CheckingAccount,Hernandez Nichols and Palmer,Internet,5486,0,-5486,1,1,Fri,0
id413431,2024-01-19,SavingsBank,Green PLC,Internet,2727,0,-2727,1,1,Fri,0
id772392,2024-01-19,CreditCard,Cole and Sons,Tax,1509,0,-1509,1,1,Fri,0
id986791,2024-01-19,Cash,Accountant,Hire,9453,0,-9453,1,1,Fri,0
id164920,2024-01-19,Cash,Smith Murphy and Swanson,Fuel,8622,0,-8622,1,1,Fri,0
id147257,2024-01-19,Cash,Conway Griffith and Schmitt,Insurance,8911,0,-8911,1,1,Fri,0
id628789,2024-01-19,Cash,Whitney-Gonzalez,Investment,1542,0,-1542,1,1,Fri,1
id713433,2024-01-19,SavingsBank,Dividend,Dividend,0,3744,3744,1,1,Fri,0
id414998,2024-01-19,Cash,Martin Inc,Dinner,9742,0,-9742,1,1,Fri,0
id474911,2024-01-19,Cash,Davis Inc,Fuel,9269,0,-9269,1,1,Fri,0
id209370,2024-01-20,SavingsBank,Dividend,Dividend,0,8632,8632,1,1,Sat,0
id602073,2024-01-20,CheckingAccount,Moody LLC,Investment,1922,0,-1922,1,1,Sat,1
id665616,2024-01-20,CreditCard,Fuentes Frank and Navarro,Grocery,9768,0,-9768,1,1,Sat,0
id216896,2024-01-20,CheckingAccount,Gonzalez-Huffman,Insurance,9279,0,-9279,1,1,Sat,0
id306786,2024-01-20,CreditCard,Hutchinson-Kelly,Grocery,305,0,-305,1,1,Sat,0
id185117,2024-01-20,SavingsBank,Castro Inc,Investment,9983,0,-9983,1,1,Sat,1
id293785,2024-01-20,CreditCard,Rodriguez Inc,School,4066,0,-4066,1,1,Sat,0
id186262,2024-01-20,CreditCard,Barton-Peterson,Grocery,2690,0,-2690,1,1,Sat,0
id599767,2024-01-21,CreditCard,Driver,Hire,6662,0,-6662,1,1,Sun,0
id905430,2024-01-21,CreditCard,Taylor-Romero,House,3418,0,-3418,1,1,Sun,0
id280909,2024-01-21,CreditCard,Pope-Boone,School,3614,0,-3614,1,1,Sun,0
id682711,2024-01-21,CheckingAccount,Patterson Group,Grocery,3685,0,-3685,1,1,Sun,0
id142697,2024-01-21,SavingsBank,Webb Rodriguez and Townsend,Books,638,0,-638,1,1,Sun,0
id736862,2024-01-21,SavingsBank,Clark-Mason,Dinner,1272,0,-1272,1,1,Sun,0
id577825,2024-01-21,Cash,Downs-Rose,Internet,8448,0,-8448,1,1,Sun,0
id414706,2024-01-21,Cash,Martin-Holden,Dinner,1191,0,-1191,1,1,Sun,0
id993588,2024-01-22,Cash,Cab,Hire,5500,0,-5500,1,1,Mon,0
id235633,2024-01-22,SavingsBank,Interest,Interest,0,6852,6852,1,1,Mon,0
id834576,2024-01-22,Cash,Brock Hubbard and Wilson,Books,6051,0,-6051,1,1,Mon,0
id591839,2024-01-22,CreditCard,Gonzalez Cantu and Martinez,Insurance,2875,0,-2875,1,1,Mon,0
id914218,2024-01-22,CreditCard,Huffman Ltd,School,4557,0,-4557,1,1,Mon,0
id986638,2024-01-22,CreditCard,Phillips-Castro,House,5841,0,-5841,1,1,Mon,0
id558948,2024-01-22,CreditCard,Hunt and Sons,Internet,8351,0,-8351,1,1,Mon,0
id320800,2024-01-22,SavingsBank,Vargas-Stevens,Telephone,2968,0,-2968,1,1,Mon,0
id638732,2024-01-23,SavingsBank,Bell-Lynch,School,3839,0,-3839,1,1,Tue,0
id966860,2024-01-23,CreditCard,Wright Inc,Fuel,3808,0,-3808,1,1,Tue,0
id116643,2024-01-23,CheckingAccount,Ruiz Newman and Kelley,School,6598,0,-6598,1,1,Tue,0
id686298,2024-01-23,Cash,Cab,Hire,6603,0,-6603,1,1,Tue,0
id200901,2024-01-23,CheckingAccount,Myers-Miller,Fuel,966,0,-966,1,1,Tue,0
id468256,2024-01-23,CreditCard,Terry Peterson and Adams,Internet,4644,0,-4644,1,1,Tue,0
id566349,2024-01-23,Cash,Roberts PLC,Books,2077,0,-2077,1,1,Tue,0
id712561,2024-01-23,CreditCard,Johnson Fields and Martinez,Dinner,2308,0,-2308,1,1,Tue,0
id516092,2024-01-23,Cash,West Poole and Wilson,Books,6921,0,-6921,1,1,Tue,0
id395817,2024-01-24,CreditCard,Jackson-Harris,House,3639,0,-3639,1,1,Wed,0
id418065,2024-01-24,CheckingAccount,Randolph Johnson and Davis,Dinner,7987,0,-7987,1,1,Wed,0
id776263,2024-01-24,Cash,Cab,Hire,1417,0,-1417,1,1,Wed,0
id855948,2024-01-24,SavingsBank,Interest,Interest,0,5671,5671,1,1,Wed,0
id415422,2024-01-24,CreditCard,Moore Ltd,Books,3949,0,-3949,1,1,Wed,0
id193354,2024-01-24,CheckingAccount,Warner White and Beard,Grocery,5079,0,-5079,1,1,Wed,0
id428348,2024-01-24,CheckingAccount,Cunningham-Morris,Tax,3632,0,-3632,1,1,Wed,0
id184449,2024-01-24,CheckingAccount,Cox-Good,House,9214,0,-9214,1,1,Wed,0
id872775,2024-01-24,SavingsBank,Interest,Interest,0,2758,2758,1,1,Wed,0
id285828,2024-01-24,SavingsBank,Holder Floyd and Harper,Tax,2647,0,-2647,1,1,Wed,0
id812194,2024-01-25,CreditCard,Hubbard Turner and French,Investment,8259,0,-8259,1,1,Thu,1
id426096,2024-01-25,Cash,Michael-Vasquez,Grocery,537,0,-537,1,1,Thu,0
id133841,2024-01-25,CheckingAccount,English-Fitzgerald,Dinner,9832,0,-9832,1,1,Thu,0
id532281,2024-01-25,CheckingAccount,Roberts-Robinson,House,3890,0,-3890,1,1,Thu,0
id222156,2024-01-25,CheckingAccount,Tapia-Guerra,Fuel,5836,0,-5836,1,1,Thu,0
id760122,2024-01-25,CheckingAccount,Smith-Salazar,Insurance,186,0,-186,1,1,Thu,0
id362456,2024-01-25,Cash,Burgess Ltd,School,6517,0,-6517,1,1,Thu,0
id691823,2024-01-26,CheckingAccount,Stokes Dorsey and Fleming,Grocery,1082,0,-1082,1,1,Fri,0
id581464,2024-01-26,Cash,Wade-Hill,Telephone,3864,0,-3864,1,1,Fri,0
id414162,2024-01-26,Cash,Richard Group,Investment,2384,0,-2384,1,1,Fri,1
id759324,2024-01-26,Cash,Singh-Allen,Insurance,3590,0,-3590,1,1,Fri,0
id484047,2024-01-26,CheckingAccount,Rivera Sanchez and Smith,Insurance,910,0,-910,1,1,Fri,0
id314359,2024-01-26,Cash,Arellano Brown and Johnson,Grocery,1678,0,-1678,1,1,Fri,0
id950811,2024-01-27,CreditCard,Walker PLC,Dinner,1959,0,-1959,1,1,Sat,0
id769261,2024-01-27,Cash,Grant Howard and Osborn,Dinner,8446,0,-8446,1,1,Sat,0
id270357,2024-01-27,SavingsBank,Accountant,Hire,1390,0,-1390,1,1,Sat,0
id778624,2024-01-27,CreditCard,Arias Wallace and Murray,Grocery,8280,0,-8280,1,1,Sat,0
id363698,2024-01-27,SavingsBank,Yates Baker and Bailey,Internet,7230,0,-7230,1,1,Sat,0
id601862,2024-01-27,Cash,Sutton PLC,School,3382,0,-3382,1,1,Sat,0
id364540,2024-01-28,Cash,Cab,Hire,9969,0,-9969,1,1,Sun,0
id923608,2024-01-28,CheckingAccount,Nelson Wilson and Romero,Books,3601,0,-3601,1,1,Sun,0
id322278,2024-01-28,Cash,Hunt Hernandez and Peters,Investment,2059,0,-2059,1,1,Sun,1
id365392,2024-01-28,SavingsBank,Dividend,Dividend,0,3945,3945,1,1,Sun,0
id840462,2024-01-28,SavingsBank,Dividend,Dividend,0,8992,8992,1,1,Sun,0
id642479,2024-01-28,CheckingAccount,Driver,Hire,4089,0,-4089,1,1,Sun,0
id511633,2024-01-28,Cash,Jackson-Jenkins,Tax,3492,0,-3492,1,1,Sun,0
id959919,2024-01-28,CheckingAccount,Russo Adams and Ward,Dinner,1022,0,-1022,1,1,Sun,0
id677774,2024-01-29,SavingsBank,Interest,Interest,0,1661,1661,1,1,Mon,0
id548909,2024-01-29,CreditCard,Hodge Robles and Ramirez,House,6412,0,-6412,1,1,Mon,0
id181977,2024-01-29,Cash,White Kane and Montgomery,Investment,8224,0,-8224,1,1,Mon,1
id826573,2024-01-29,Cash,Cantu Harvey and Lawrence,Fuel,8828,0,-8828,1,1,Mon,0
id786764,2024-01-29,Cash,Castillo Inc,Fuel,9073,0,-9073,1,1,Mon,0
id680340,2024-01-29,CreditCard,Fisher and Sons,Tax,2120,0,-2120,1,1,Mon,0
id887198,2024-01-30,SavingsBank,Dividend,Dividend,0,9532,9532,1,1,Tue,0
id231487,2024-01-30,Cash,Accountant,Hire,5680,0,-5680,1,1,Tue,0
id661231,2024-01-30,Cash,Cole Stephens and Rodriguez,Insurance,6574,0,-6574,1,1,Tue,0
id625082,2024-01-30,SavingsBank,Salary,Salary,0,120225,120225,1,1,Tue,0
id271178,2024-01-30,CreditCard,Larson-White,Investment,5956,0,-5956,1,1,Tue,1
id876509,2024-01-30,SavingsBank,Carter Hernandez and Moreno,Grocery,2691,0,-2691,1,1,Tue,0
id625263,2024-01-31,CreditCard,Turner Inc,House,1534,0,-1534,1,1,Wed,0
id156640,2024-01-31,Cash,Bell and Sons,Insurance,7252,0,-7252,1,1,Wed,0
id826351,2024-01-31,CreditCard,Johnson Gonzalez and Lewis,Investment,931,0,-931,1,1,Wed,1
id909750,2024-01-31,SavingsBank,Kramer and Sons,Insurance,5758,0,-5758,1,1,Wed,0
id736679,2024-01-31,CreditCard,Fuentes Inc,Dinner,7655,0,-7655,1,1,Wed,0
id199070,2024-01-31,CheckingAccount,Williams Ltd,Insurance,8348,0,-8348,1,1,Wed,0
id253033,2024-01-31,Cash,Rogers Fox and Coffey,Internet,8651,0,-8651,1,1,Wed,0
id989453,2024-01-31,SavingsBank,Gray-Washington,Grocery,502,0,-502,1,1,Wed,0
id872459,2024-01-31,Cash,Manning Inc,Tax,6999,0,-6999,1,1,Wed,0
id771996,2024-01-31,SavingsBank,Interest,Interest,0,1958,1958,1,1,Wed,0
id984335,2024-01-31,SavingsBank,Howard PLC,Dinner,9167,0,-9167,1,1,Wed,0
id249938,2024-02-01,Cash,Wood Group,Tax,3374,0,-3374,1,2,Thu,0
id619362,2024-02-01,CheckingAccount,Dominguez Bowman and Hall,School,1212,0,-1212,1,2,Thu,0
id129853,2024-02-01,Cash,Beck-Leach,House,651,0,-651,1,2,Thu,0
id399825,2024-02-01,CheckingAccount,Lambert Jarvis and Brooks,Grocery,1135,0,-1135,1,2,Thu,0
id471405,2024-02-01,CreditCard,Thomas Inc,House,4907,0,-4907,1,2,Thu,0
id351959,2024-02-01,SavingsBank,Holland Group,Fuel,928,0,-928,1,2,Thu,0
id992039,2024-02-01,Cash,Reed Ltd,Tax,1669,0,-1669,1,2,Thu,0
id701070,2024-02-02,SavingsBank,Accountant,Hire,2473,0,-2473,1,2,Fri,0
id684050,2024-02-02,CheckingAccount,Driver,Hire,6378,0,-6378,1,2,Fri,0
id186940,2024-02-02,Cash,Hawkins Ltd,School,3620,0,-3620,1,2,Fri,0
id968881,2024-02-02,CreditCard,Calderon LLC,School,8682,0,-8682,1,2,Fri,0
id440338,2024-02-02,Cash,Garcia Inc,Dinner,189,0,-189,1,2,Fri,0
id811295,2024-02-02,SavingsBank,Logan-Johnston,Tax,1492,0,-1492,1,2,Fri,0
id350235,2024-02-02,Cash,Cox-Castillo,Dinner,7450,0,-7450,1,2,Fri,0
id771087,2024-02-02,Cash,Jacobson Bennett and Mckee,Telephone,4783,0,-4783,1,2,Fri,0
id963542,2024-02-02,CheckingAccount,Oconnell-Forbes,Telephone,4125,0,-4125,1,2,Fri,0
id749042,2024-02-03,CreditCard,Gomez Ltd,School,8854,0,-8854,1,2,Sat,0
id894036,2024-02-03,CheckingAccount,Smith-Thompson,School,3460,0,-3460,1,2,Sat,0
id114618,2024-02-03,CreditCard,Berger-Mathews,Internet,6141,0,-6141,1,2,Sat,0
id571367,2024-02-03,Cash,Roman Duncan and Gutierrez,Books,1030,0,-1030,1,2,Sat,0
id876281,2024-02-03,CreditCard,Cleaning,Hire,5345,0,-5345,1,2,Sat,0
id597012,2024-02-03,SavingsBank,Lewis-Miller,Insurance,4697,0,-4697,1,2,Sat,0
id786664,2024-02-03,CreditCard,Henderson-Dominguez,House,4988,0,-4988,1,2,Sat,0
id948407,2024-02-03,Cash,Kirby PLC,Insurance,9497,0,-9497,1,2,Sat,0
id240852,2024-02-03,CheckingAccount,Wright-Stone,Investment,5098,0,-5098,1,2,Sat,1
id504526,2024-02-04,SavingsBank,Jones Smith and Garcia,Telephone,503,0,-503,1,2,Sun,0
id756560,2024-02-04,Cash,Jordan and Sons,Investment,4195,0,-4195,1,2,Sun,1
id122379,2024-02-04,SavingsBank,Bryant-Newman,School,2406,0,-2406,1,2,Sun,0
id121274,2024-02-05,Cash,Howard Raymond and Meyer,Grocery,2966,0,-2966,1,2,Mon,0
id651767,2024-02-05,CreditCard,Cox Norton and Williams,Books,5852,0,-5852,1,2,Mon,0
id737095,2024-02-05,SavingsBank,Salary,Salary,0,51240,51240,1,2,Mon,0
id303373,2024-02-06,Cash,Accountant,Hire,2162,0,-2162,1,2,Tue,0
id240403,2024-02-06,CheckingAccount,Phillips-Sawyer,Dinner,745,0,-745,1,2,Tue,0
id467110,2024-02-06,CheckingAccount,Jacobs Group,Dinner,3511,0,-3511,1,2,Tue,0
id920439,2024-02-06,Cash,Smith Wilson and Bell,Insurance,2513,0,-2513,1,2,Tue,0
id804368,2024-02-06,SavingsBank,Miller-Rush,Internet,8595,0,-8595,1,2,Tue,0
id967972,2024-02-06,CreditCard,Castillo-Schaefer,Internet,965,0,-965,1,2,Tue,0
id820250,2024-02-07,CreditCard,Gay Garrison and Brooks,Books,4486,0,-4486,1,2,Wed,0
id522641,2024-02-07,SavingsBank,Chapman Campbell and Mitchell,Books,4973,0,-4973,1,2,Wed,0
id543472,2024-02-07,SavingsBank,Osborne-Molina,Books,8955,0,-8955,1,2,Wed,0
id231872,2024-02-07,Cash,Hines Arnold and Chambers,Telephone,2041,0,-2041,1,2,Wed,0
id706867,2024-02-07,SavingsBank,Romero-Crawford,Telephone,5561,0,-5561,1,2,Wed,0
id521393,2024-02-07,CreditCard,Mcdonald Carlson and Lyons,Dinner,5742,0,-5742,1,2,Wed,0
id325903,2024-02-07,CreditCard,Johnston-Thomas,Books,599,0,-599,1,2,Wed,0
id993700,2024-02-07,SavingsBank,Blanchard Figueroa and Mayo,Telephone,4363,0,-4363,1,2,Wed,0
id495863,2024-02-08,CheckingAccount,Martinez Smith and Patel,Grocery,222,0,-222,1,2,Thu,0
id190380,2024-02-08,CreditCard,Brown Kelly and Rose,Telephone,7812,0,-7812,1,2,Thu,0
id923896,2024-02-08,CreditCard,Chapman Group,Investment,9169,0,-9169,1,2,Thu,1
id836823,2024-02-08,SavingsBank,Salary,Salary,0,62025,62025,1,2,Thu,0
id452176,2024-02-08,CreditCard,Miller PLC,Investment,2994,0,-2994,1,2,Thu,1
id138347,2024-02-08,CreditCard,Gonzalez Price and Shelton,Insurance,143,0,-143,1,2,Thu,0
id350780,2024-02-08,CreditCard,Copeland-Herrera,Telephone,4945,0,-4945,1,2,Thu,0
id376044,2024-02-08,CheckingAccount,Fuller Morris and Dominguez,Grocery,386,0,-386,1,2,Thu,0
id525128,2024-02-08,Cash,Sanchez-James,School,8805,0,-8805,1,2,Thu,0
id256011,2024-02-08,CreditCard,Case Pena and Jackson,House,3657,0,-3657,1,2,Thu,0
id144557,2024-02-09,CheckingAccount,Accountant,Hire,9709,0,-9709,1,2,Fri,0
id186168,2024-02-09,CreditCard,Reid and Sons,Books,582,0,-582,1,2,Fri,0
id864635,2024-02-09,SavingsBank,Interest,Interest,0,6363,6363,1,2,Fri,0
id886294,2024-02-09,SavingsBank,Hampton-Smith,Investment,8546,0,-8546,1,2,Fri,1
id285212,2024-02-09,Cash,Love LLC,School,9356,0,-9356,1,2,Fri,0
id526095,2024-02-09,CheckingAccount,Accountant,Hire,9118,0,-9118,1,2,Fri,0
id829872,2024-02-09,Cash,Fernandez Adams and Ruiz,School,6657,0,-6657,1,2,Fri,0
id593175,2024-02-10,CreditCard,Gonzalez PLC,School,699,0,-699,1,2,Sat,0
id576067,2024-02-10,Cash,Molina Jones and Lopez,House,8744,0,-8744,1,2,Sat,0
id477786,2024-02-10,SavingsBank,Interest,Interest,0,1931,1931,1,2,Sat,0
id736301,2024-02-10,SavingsBank,Brown Kramer and Harrington,Fuel,9472,0,-9472,1,2,Sat,0
id422686,2024-02-10,CreditCard,Burnett-Le,Investment,4538,0,-4538,1,2,Sat,1
id882517,2024-02-10,CreditCard,Jennings-Williams,School,3710,0,-3710,1,2,Sat,0
id534856,2024-02-10,CreditCard,Parsons Tanner and Bell,Telephone,9488,0,-9488,1,2,Sat,0
id540497,2024-02-10,CreditCard,Mendoza PLC,School,7717,0,-7717,1,2,Sat,0
id496492,2024-02-10,SavingsBank,Smith-Johnson,Books,2382,0,-2382,1,2,Sat,0
id550339,2024-02-11,Cash,Ray-Smith,Insurance,3729,0,-3729,1,2,Sun,0
id654618,2024-02-11,SavingsBank,Wilson Humphrey and Johnson,Grocery,7787,0,-7787,1,2,Sun,0
id682560,2024-02-11,CheckingAccount,Maxwell Group,Internet,8315,0,-8315,1,2,Sun,0
id938609,2024-02-11,CheckingAccount,Clarke and Sons,Grocery,5626,0,-5626,1,2,Sun,0
id813805,2024-02-11,CreditCard,Bond Group,Tax,7915,0,-7915,1,2,Sun,0
id403685,2024-02-11,CreditCard,Sanders PLC,Dinner,2391,0,-2391,1,2,Sun,0
id537351,2024-02-11,CheckingAccount,Hester Chambers and Spencer,School,9433,0,-9433,1,2,Sun,0
id253244,2024-02-11,CheckingAccount,Mclaughlin Gonzales and Thomas,Tax,408,0,-408,1,2,Sun,0
id537158,2024-02-11,Cash,Bentley-Holmes,Insurance,4970,0,-4970,1,2,Sun,0
id666339,2024-02-12,SavingsBank,Mcfarland LLC,Grocery,1957,0,-1957,1,2,Mon,0
id874238,2024-02-13,SavingsBank,Cross and Sons,Fuel,6797,0,-6797,1,2,Tue,0
id158136,2024-02-13,Cash,Blanchard Maldonado and Greene,Investment,1290,0,-1290,1,2,Tue,1
id310984,2024-02-13,SavingsBank,Walker-Frank,Tax,7838,0,-7838,1,2,Tue,0
id186670,2024-02-13,CheckingAccount,Burns Day and Lucero,Books,612,0,-612,1,2,Tue,0
id795496,2024-02-13,CheckingAccount,Webb Marquez and Waters,Tax,6518,0,-6518,1,2,Tue,0
id921670,2024-02-14,Cash,Cleaning,Hire,6753,0,-6753,1,2,Wed,0
id965509,2024-02-15,CreditCard,Romero Davila and King,Books,5782,0,-5782,1,2,Thu,0
id502791,2024-02-15,Cash,Lloyd-Joseph,Telephone,2807,0,-2807,1,2,Thu,0
id545536,2024-02-15,CheckingAccount,Blevins-Richardson,Internet,5226,0,-5226,1,2,Thu,0
id438971,2024-02-15,CreditCard,Austin-Bonilla,Investment,3106,0,-3106,1,2,Thu,1
id566558,2024-02-15,SavingsBank,Foster-Turner,Telephone,4813,0,-4813,1,2,Thu,0
id810235,2024-02-15,CheckingAccount,Taylor-Sanchez,Tax,4567,0,-4567,1,2,Thu,0
id937720,2024-02-15,SavingsBank,Robinson and Sons,School,961,0,-961,1,2,Thu,0
id298667,2024-02-16,SavingsBank,Interest,Interest,0,4328,4328,1,2,Fri,0
id145793,2024-02-16,CreditCard,Mccarthy-Serrano,House,5199,0,-5199,1,2,Fri,0
id509366,2024-02-16,CheckingAccount,Lopez-Smith,Grocery,6122,0,-6122,1,2,Fri,0
id236497,2024-02-16,SavingsBank,Salary,Salary,0,32355,32355,1,2,Fri,0
id667883,2024-02-16,CreditCard,Mccoy Mooney and Coleman,Grocery,1632,0,-1632,1,2,Fri,0
id241583,2024-02-16,CheckingAccount,Williams-Garcia,House,8224,0,-8224,1,2,Fri,0
id219999,2024-02-16,CheckingAccount,Neal Griffin and Price,Grocery,5933,0,-5933,1,2,Fri,0
id572253,2024-02-16,Cash,Finley-Day,Tax,1028,0,-1028,1,2,Fri,0
id216680,2024-02-17,CreditCard,Williams-Garcia,Internet,8227,0,-8227,1,2,Sat,0
id666227,2024-02-17,Cash,Harrison-Irwin,Dinner,5396,0,-5396,1,2,Sat,0
id822854,2024-02-17,CreditCard,Haas Inc,Insurance,501,0,-501,1,2,Sat,0
id503759,2024-02-17,Cash,Miller Lopez and Rogers,Dinner,2292,0,-2292,1,2,Sat,0
id228427,2024-02-17,SavingsBank,Oneill Burnett and Peterson,Tax,4491,0,-4491,1,2,Sat,0
id617715,2024-02-17,Cash,Cab,Hire,8257,0,-8257,1,2,Sat,0
id524333,2024-02-17,SavingsBank,Salary,Salary,0,136920,136920,1,2,Sat,0
id461176,2024-02-17,SavingsBank,Driver,Hire,7707,0,-7707,1,2,Sat,0
id640173,2024-02-17,CreditCard,Wallace Chandler and Cooley,Books,9478,0,-9478,1,2,Sat,0
id387271,2024-02-17,Cash,Tran LLC,Fuel,8352,0,-8352,1,2,Sat,0
id176965,2024-02-18,CheckingAccount,Freeman and Sons,Insurance,1315,0,-1315,1,2,Sun,0
id141133,2024-02-18,SavingsBank,Salary,Salary,0,100935,100935,1,2,Sun,0
id470897,2024-02-18,CheckingAccount,Martin-Lewis,Fuel,1983,0,-1983,1,2,Sun,0
id243354,2024-02-18,Cash,Cain-Webb,Investment,1897,0,-1897,1,2,Sun,1
id381897,2024-02-18,SavingsBank,Dividend,Dividend,0,6057,6057,1,2,Sun,0
id761242,2024-02-18,Cash,Jones Johnson and Mills,Dinner,4337,0,-4337,1,2,Sun,0
id649510,2024-02-18,SavingsBank,Dividend,Dividend,0,5167,5167,1,2,Sun,0
id525149,2024-02-18,CreditCard,Howell LLC,Investment,4961,0,-4961,1,2,Sun,1
id221072,2024-02-18,CreditCard,Castro-Brennan,Tax,5401,0,-5401,1,2,Sun,0
id128786,2024-02-18,CreditCard,Carpenter Bowen and French,Tax,964,0,-964,1,2,Sun,0
id769668,2024-02-18,Cash,Potter and Sons,Insurance,8452,0,-8452,1,2,Sun,0
id162863,2024-02-18,CheckingAccount,Bishop-Hernandez,Insurance,4992,0,-4992,1,2,Sun,0
id454954,2024-02-19,CheckingAccount,Walton-Frey,Tax,4952,0,-4952,1,2,Mon,0
id115422,2024-02-19,CheckingAccount,Mendez-Morris,Grocery,2279,0,-2279,1,2,Mon,0
id676158,2024-02-19,CreditCard,Garrett Ltd,School,8054,0,-8054,1,2,Mon,0
id485826,2024-02-19,Cash,Driver,Hire,5544,0,-5544,1,2,Mon,0
id501589,2024-02-19,SavingsBank,Driver,Hire,5817,0,-5817,1,2,Mon,0
id673766,2024-02-19,CreditCard,Driver,Hire,5511,0,-5511,1,2,Mon,0
id981695,2024-02-19,CheckingAccount,Chambers-Johnson,Telephone,5577,0,-5577,1,2,Mon,0
id604614,2024-02-20,CreditCard,Perkins Group,Books,8211,0,-8211,1,2,Tue,0
id658753,2024-02-20,Cash,Freeman-Rogers,Grocery,2148,0,-2148,1,2,Tue,0
id453836,2024-02-20,CreditCard,Cleaning,Hire,3413,0,-3413,1,2,Tue,0
id416623,2024-02-20,CheckingAccount,Delacruz-Castillo,Investment,113,0,-113,1,2,Tue,1
id722435,2024-02-20,Cash,Reeves and Sons,Telephone,6282,0,-6282,1,2,Tue,0
id366356,2024-02-20,SavingsBank,Alexander LLC,Grocery,6298,0,-6298,1,2,Tue,0
id215526,2024-02-20,CheckingAccount,Hansen PLC,School,10000,0,-10000,1,2,Tue,0
id111728,2024-02-20,CheckingAccount,Foster Gray and Ferguson,Books,5647,0,-5647,1,2,Tue,0
id679954,2024-02-20,CreditCard,Chavez Peterson and Torres,Tax,7724,0,-7724,1,2,Tue,0
id522484,2024-02-20,SavingsBank,Nguyen-Shelton,Grocery,852,0,-852,1,2,Tue,0
id358295,2024-02-20,Cash,Smith PLC,Telephone,562,0,-562,1,2,Tue,0
id647739,2024-02-20,Cash,Duffy Ltd,Grocery,2969,0,-2969,1,2,Tue,0
id853176,2024-02-21,SavingsBank,Green-Ramirez,Books,2234,0,-2234,1,2,Wed,0
id672074,2024-02-21,SavingsBank,Jones Smith and Wilson,Fuel,151,0,-151,1,2,Wed,0
id634937,2024-02-21,SavingsBank,Thomas Bryant and Gray,Fuel,260,0,-260,1,2,Wed,0
id189901,2024-02-21,CheckingAccount,Munoz Smith and Horn,Fuel,7112,0,-7112,1,2,Wed,0
id981719,2024-02-21,SavingsBank,Interest,Interest,0,2827,2827,1,2,Wed,0
id851627,2024-02-22,Cash,Barnett Gomez and Fox,Tax,3154,0,-3154,1,2,Thu,0
id432043,2024-02-22,SavingsBank,Stone Scott and Mcguire,Insurance,3527,0,-3527,1,2,Thu,0
id750137,2024-02-22,CheckingAccount,Clark and Sons,Internet,1266,0,-1266,1,2,Thu,0
id541151,2024-02-22,Cash,Paul and Sons,Grocery,4878,0,-4878,1,2,Thu,0
id277713,2024-02-22,Cash,Taylor Harrison and Harris,Insurance,2707,0,-2707,1,2,Thu,0
id764463,2024-02-22,Cash,Shannon and Sons,Internet,8400,0,-8400,1,2,Thu,0
id940471,2024-02-22,Cash,Walton Armstrong and Weber,School,7858,0,-7858,1,2,Thu,0
id861826,2024-02-23,Cash,Vincent and Sons,Insurance,5517,0,-5517,1,2,Fri,0
id788778,2024-02-23,Cash,Thompson-Perez,Fuel,9350,0,-9350,1,2,Fri,0
id341090,2024-02-23,CheckingAccount,Mclaughlin-White,Fuel,7710,0,-7710,1,2,Fri,0
id161711,2024-02-23,CreditCard,Woods and Sons,Tax,2319,0,-2319,1,2,Fri,0
id844784,2024-02-23,Cash,Key Ltd,House,875,0,-875,1,2,Fri,0
id953777,2024-02-23,SavingsBank,Cab,Hire,1077,0,-1077,1,2,Fri,0
id366539,2024-02-24,Cash,Gonzalez Valdez and Walters,Telephone,4476,0,-4476,1,2,Sat,0
id463338,2024-02-24,Cash,Cervantes-Morris,School,282,0,-282,1,2,Sat,0
id307886,2024-02-24,CreditCard,Hensley Newton and Campbell,Insurance,4539,0,-4539,1,2,Sat,0
id302916,2024-02-24,SavingsBank,Arellano-Kent,House,4997,0,-4997,1,2,Sat,0
id319906,2024-02-25,Cash,Davis Mcguire and Madden,Dinner,8304,0,-8304,1,2,Sun,0
id466827,2024-02-25,CheckingAccount,Bailey-Davis,Insurance,429,0,-429,1,2,Sun,0
id138625,2024-02-25,CheckingAccount,Accountant,Hire,3788,0,-3788,1,2,Sun,0
id316374,2024-02-25,SavingsBank,Dixon Hensley and Roman,Tax,4497,0,-4497,1,2,Sun,0
id376342,2024-02-25,CreditCard,Ray-Morrison,Fuel,5501,0,-5501,1,2,Sun,0
id502715,2024-02-26,CheckingAccount,Baker-Cox,Fuel,3001,0,-3001,1,2,Mon,0
id831419,2024-02-26,CreditCard,Townsend Martin and Silva,School,3353,0,-3353,1,2,Mon,0
id963280,2024-02-26,CheckingAccount,Whitehead-Tate,House,4645,0,-4645,1,2,Mon,0
id587971,2024-02-26,CheckingAccount,Rose-Hamilton,Grocery,3551,0,-3551,1,2,Mon,0
id201164,2024-02-26,CreditCard,Martinez LLC,Grocery,9433,0,-9433,1,2,Mon,0
id918246,2024-02-26,CreditCard,Brown Inc,Tax,4013,0,-4013,1,2,Mon,0
id778014,2024-02-26,CheckingAccount,Allen Osborn and Flores,Fuel,4090,0,-4090,1,2,Mon,0
id927010,2024-02-27,CreditCard,Rodgers Ltd,Grocery,889,0,-889,1,2,Tue,0
id468100,2024-02-27,SavingsBank,Dividend,Dividend,0,9208,9208,1,2,Tue,0
id556709,2024-02-27,CreditCard,Allen Bonilla and Sandoval,School,5016,0,-5016,1,2,Tue,0
id801788,2024-02-27,CreditCard,Jones-Russell,Telephone,2418,0,-2418,1,2,Tue,0
id908162,2024-02-28,SavingsBank,Frank and Sons,Investment,1104,0,-1104,1,2,Wed,1
id840716,2024-02-28,Cash,Reyes Ltd,Tax,6806,0,-6806,1,2,Wed,0
id940683,2024-02-28,SavingsBank,Johnson-Johnson,Insurance,9681,0,-9681,1,2,Wed,0
id862084,2024-02-28,CreditCard,Accountant,Hire,2431,0,-2431,1,2,Wed,0
id656709,2024-02-28,CheckingAccount,Weeks PLC,Books,8145,0,-8145,1,2,Wed,0
id431385,2024-02-28,Cash,Conrad-Marks,Books,9296,0,-9296,1,2,Wed,0
id643649,2024-02-28,CreditCard,Curtis Whitehead and Taylor,Fuel,7776,0,-7776,1,2,Wed,0
id462857,2024-02-29,SavingsBank,Ryan Thompson and Lewis,Telephone,8317,0,-8317,1,2,Thu,0
id335245,2024-02-29,CheckingAccount,Baker-Reilly,School,334,0,-334,1,2,Thu,0
id151224,2024-02-29,CheckingAccount,Russell-Mitchell,School,6122,0,-6122,1,2,Thu,0
id173519,2024-02-29,CreditCard,Cab,Hire,8371,0,-8371,1,2,Thu,0
id925163,2024-02-29,Cash,Anderson-Houston,Dinner,682,0,-682,1,2,Thu,0
id896007,2024-02-29,CheckingAccount,Jones-Fields,Internet,2646,0,-2646,1,2,Thu,0
id334332,2024-02-29,CheckingAccount,Crane Ltd,Internet,1244,0,-1244,1,2,Thu,0
id238076,2024-03-01,Cash,Cleaning,Hire,3537,0,-3537,1,3,Fri,0
id932337,2024-03-01,CheckingAccount,Long-Vasquez,Grocery,9216,0,-9216,1,3,Fri,0
id220525,2024-03-01,Cash,Wheeler Inc,School,8080,0,-8080,1,3,Fri,0
id958439,2024-03-01,Cash,Garcia Martinez and Wade,Telephone,5571,0,-5571,1,3,Fri,0
id833895,2024-03-01,CreditCard,Wells-Thomas,Tax,8630,0,-8630,1,3,Fri,0
id619244,2024-03-01,SavingsBank,Salary,Salary,0,110445,110445,1,3,Fri,0
id900189,2024-03-02,CheckingAccount,Pearson and Sons,House,2291,0,-2291,1,3,Sat,0
id494104,2024-03-02,CreditCard,Ray Ltd,Insurance,6997,0,-6997,1,3,Sat,0
id166429,2024-03-02,Cash,Anderson Jones and Harris,Books,5763,0,-5763,1,3,Sat,0
id903521,2024-03-02,CheckingAccount,Whitaker Crawford and Vargas,Investment,2993,0,-2993,1,3,Sat,1
id749253,2024-03-02,CreditCard,Burns PLC,Investment,5161,0,-5161,1,3,Sat,1
id961249,2024-03-02,CreditCard,Day Hays and Griffith,Grocery,2431,0,-2431,1,3,Sat,0
id759181,2024-03-02,Cash,Galvan Inc,Grocery,6811,0,-6811,1,3,Sat,0
id792814,2024-03-03,CreditCard,Henry LLC,House,9381,0,-9381,1,3,Sun,0
id593636,2024-03-03,SavingsBank,Salary,Salary,0,126990,126990,1,3,Sun,0
id832961,2024-03-03,CreditCard,Jones Stephenson and Thompson,Telephone,9148,0,-9148,1,3,Sun,0
id668113,2024-03-03,CreditCard,Driver,Hire,3194,0,-3194,1,3,Sun,0
id849337,2024-03-03,CreditCard,Brooks Adams and Johnson,Internet,4335,0,-4335,1,3,Sun,0
id448817,2024-03-03,Cash,Ortiz Inc,Telephone,3481,0,-3481,1,3,Sun,0
id990259,2024-03-03,CheckingAccount,Watkins LLC,Tax,357,0,-357,1,3,Sun,0
id324376,2024-03-03,Cash,Brooks Group,Books,8215,0,-8215,1,3,Sun,0
id668447,2024-03-03,Cash,Hebert Group,Fuel,8826,0,-8826,1,3,Sun,0
id662254,2024-03-03,SavingsBank,Coleman Ltd,Dinner,6928,0,-6928,1,3,Sun,0
id291675,2024-03-04,CheckingAccount,Smith LLC,Telephone,9807,0,-9807,1,3,Mon,0
id191958,2024-03-04,CreditCard,Hansen Harris and Thomas,Fuel,8076,0,-8076,1,3,Mon,0
id802848,2024-03-04,CreditCard,Jones and Sons,House,5440,0,-5440,1,3,Mon,0
id390890,2024-03-04,CheckingAccount,Johnston Inc,Insurance,2310,0,-2310,1,3,Mon,0
id472256,2024-03-04,Cash,Accountant,Hire,1256,0,-1256,1,3,Mon,0
id225766,2024-03-04,Cash,Luna Lynch and Case,Telephone,7355,0,-7355,1,3,Mon,0
id513048,2024-03-04,Cash,Johnson-Lawrence,Books,4686,0,-4686,1,3,Mon,0
id785657,2024-03-04,SavingsBank,Sparks LLC,Books,6405,0,-6405,1,3,Mon,0
id782492,2024-03-04,CreditCard,Driver,Hire,6207,0,-6207,1,3,Mon,0
id238591,2024-03-04,CreditCard,Flynn-Martin,Tax,9060,0,-9060,1,3,Mon,0
id290014,2024-03-04,Cash,Lopez and Sons,Telephone,6582,0,-6582,1,3,Mon,0
id425543,2024-03-04,SavingsBank,Morales-Moore,Insurance,3305,0,-3305,1,3,Mon,0
id886914,2024-03-04,CreditCard,Walker Group,School,2804,0,-2804,1,3,Mon,0
id193024,2024-03-04,Cash,Warren Brooks and Thomas,Dinner,238,0,-238,1,3,Mon,0
id699559,2024-03-04,Cash,Brown Group,Grocery,8247,0,-8247,1,3,Mon,0
id619476,2024-03-05,CheckingAccount,Barker and Sons,Investment,6355,0,-6355,1,3,Tue,1
id126835,2024-03-05,CheckingAccount,Webb and Sons,House,2793,0,-2793,1,3,Tue,0
id217092,2024-03-05,CheckingAccount,Campbell Taylor and Thomas,Telephone,215,0,-215,1,3,Tue,0
id300213,2024-03-05,Cash,Taylor LLC,School,8649,0,-8649,1,3,Tue,0
id695718,2024-03-05,CreditCard,Johnson Group,Investment,2234,0,-2234,1,3,Tue,1
id287190,2024-03-05,Cash,Chandler-Cuevas,Books,5305,0,-5305,1,3,Tue,0
id656717,2024-03-05,CheckingAccount,Hernandez-Ramsey,Books,3649,0,-3649,1,3,Tue,0
id660781,2024-03-05,CheckingAccount,Hill Ltd,Insurance,4653,0,-4653,1,3,Tue,0
id450219,2024-03-05,CreditCard,Davis and Sons,Dinner,1997,0,-1997,1,3,Tue,0
id923260,2024-03-05,CheckingAccount,Franklin Inc,Tax,3883,0,-3883,1,3,Tue,0
id538244,2024-03-06,CreditCard,George PLC,Insurance,5231,0,-5231,1,3,Wed,0
id706429,2024-03-06,SavingsBank,Accountant,Hire,3337,0,-3337,1,3,Wed,0
id175871,2024-03-06,SavingsBank,Interest,Interest,0,2519,2519,1,3,Wed,0
id514448,2024-03-06,CreditCard,Bishop-Willis,House,1187,0,-1187,1,3,Wed,0
id645953,2024-03-06,SavingsBank,Dividend,Dividend,0,2365,2365,1,3,Wed,0
id232220,2024-03-06,Cash,Bishop PLC,Books,4756,0,-4756,1,3,Wed,0
id256838,2024-03-06,CheckingAccount,Barker Bailey and Miller,Books,7672,0,-7672,1,3,Wed,0
id586905,2024-03-07,CreditCard,Mcconnell Braun and Newman,Investment,4963,0,-4963,1,3,Thu,1
id829899,2024-03-07,CreditCard,Johnson and Sons,Tax,9494,0,-9494,1,3,Thu,0
id573392,2024-03-07,CheckingAccount,Barton Reed and Coleman,House,2084,0,-2084,1,3,Thu,0
id874612,2024-03-07,CheckingAccount,Williams Smith and Wilson,Tax,5796,0,-5796,1,3,Thu,0
id657961,2024-03-07,Cash,Robinson Bright and Jackson,Investment,8290,0,-8290,1,3,Thu,1
id742786,2024-03-07,SavingsBank,Conner PLC,School,8705,0,-8705,1,3,Thu,0
id278412,2024-03-07,CreditCard,Curtis Ltd,Tax,8594,0,-8594,1,3,Thu,0
id460497,2024-03-08,CreditCard,Wilkins PLC,House,3454,0,-3454,1,3,Fri,0
id338754,2024-03-08,SavingsBank,Interest,Interest,0,9651,9651,1,3,Fri,0
id653722,2024-03-08,CheckingAccount,Sharp Wilson and Daniels,School,5028,0,-5028,1,3,Fri,0
id164312,2024-03-08,SavingsBank,Arnold-Sellers,Grocery,7732,0,-7732,1,3,Fri,0
id522920,2024-03-09,Cash,Accountant,Hire,9482,0,-9482,1,3,Sat,0
id322541,2024-03-09,SavingsBank,Garcia Hernandez and Gonzalez,Internet,2400,0,-2400,1,3,Sat,0
id570266,2024-03-09,SavingsBank,Cleaning,Hire,7139,0,-7139,1,3,Sat,0
id157920,2024-03-09,CreditCard,Clarke-Jones,Internet,8416,0,-8416,1,3,Sat,0
id951511,2024-03-09,CreditCard,Ryan-Miranda,House,7332,0,-7332,1,3,Sat,0
id895519,2024-03-09,Cash,Gomez and Sons,Grocery,6795,0,-6795,1,3,Sat,0
id159199,2024-03-09,CreditCard,Williams PLC,Tax,1708,0,-1708,1,3,Sat,0
id939315,2024-03-09,Cash,Mora LLC,Grocery,6560,0,-6560,1,3,Sat,0
id751755,2024-03-10,Cash,Chan Mcdowell and Hill,House,6913,0,-6913,1,3,Sun,0
id412848,2024-03-10,Cash,Love-Watts,Telephone,3415,0,-3415,1,3,Sun,0
id182147,2024-03-10,SavingsBank,Lane Hughes and Lane,School,171,0,-171,1,3,Sun,0
id306986,2024-03-10,Cash,Frank LLC,Books,7899,0,-7899,1,3,Sun,0
id908760,2024-03-10,CheckingAccount,Smith Mcdonald and Wiggins,Investment,346,0,-346,1,3,Sun,1
id218648,2024-03-10,CreditCard,Wallace-Barnes,Insurance,7258,0,-7258,1,3,Sun,0
id317666,2024-03-10,CreditCard,Smith Snyder and Bailey,Investment,3820,0,-3820,1,3,Sun,1
id673994,2024-03-10,CreditCard,Thomas-Anderson,Grocery,1095,0,-1095,1,3,Sun,0
id282590,2024-03-10,CheckingAccount,Driver,Hire,2336,0,-2336,1,3,Sun,0
id952236,2024-03-11,SavingsBank,Ellison-Kelley,Books,5899,0,-5899,1,3,Mon,0
id987785,2024-03-11,CheckingAccount,Cox Reed and Daniels,House,2897,0,-2897,1,3,Mon,0
id891150,2024-03-11,SavingsBank,Blair Barrett and Gutierrez,Insurance,7287,0,-7287,1,3,Mon,0
id156894,2024-03-11,Cash,Cleaning,Hire,9857,0,-9857,1,3,Mon,0
id762429,2024-03-11,CheckingAccount,Evans-Richards,Internet,6884,0,-6884,1,3,Mon,0
id494755,2024-03-11,CreditCard,Lee Ltd,Internet,402,0,-402,1,3,Mon,0
id970647,2024-03-12,Cash,Mueller and Sons,Books,7113,0,-7113,1,3,Tue,0
id851773,2024-03-12,CheckingAccount,Mckay Green and Anderson,Grocery,989,0,-989,1,3,Tue,0
id636590,2024-03-12,CheckingAccount,Hubbard-Keller,Internet,9683,0,-9683,1,3,Tue,0
id662179,2024-03-12,CreditCard,Miller Ltd,Telephone,6865,0,-6865,1,3,Tue,0
id492801,2024-03-12,CheckingAccount,Brooks Inc,House,5416,0,-5416,1,3,Tue,0
id349584,2024-03-12,CreditCard,Smith Rivera and Edwards,Dinner,3551,0,-3551,1,3,Tue,0
id999001,2024-03-12,SavingsBank,Ellis Fritz and Matthews,House,2722,0,-2722,1,3,Tue,0
id530975,2024-03-12,SavingsBank,Salary,Salary,0,63930,63930,1,3,Tue,0
id557148,2024-03-13,Cash,Fowler Brown and Powers,Tax,2200,0,-2200,1,3,Wed,0
id261768,2024-03-13,CheckingAccount,Arias and Sons,House,6059,0,-6059,1,3,Wed,0
id494890,2024-03-13,CheckingAccount,Moreno-Edwards,Books,2663,0,-2663,1,3,Wed,0
id797140,2024-03-13,CreditCard,Barker PLC,Books,5189,0,-5189,1,3,Wed,0
id921084,2024-03-13,SavingsBank,Tucker LLC,Books,3474,0,-3474,1,3,Wed,0
id548303,2024-03-13,CreditCard,Santos-Sanders,Telephone,7778,0,-7778,1,3,Wed,0
id539648,2024-03-13,CreditCard,Cleaning,Hire,6495,0,-6495,1,3,Wed,0
id254548,2024-03-13,CreditCard,Gutierrez Ltd,Investment,4443,0,-4443,1,3,Wed,1
id603514,2024-03-13,SavingsBank,Scott-Harris,Grocery,9359,0,-9359,1,3,Wed,0
id736965,2024-03-14,CreditCard,Aguirre Ltd,Insurance,6589,0,-6589,1,3,Thu,0
id760910,2024-03-14,CreditCard,James Group,Grocery,2154,0,-2154,1,3,Thu,0
id384761,2024-03-14,CreditCard,Johnson-Kim,Telephone,6546,0,-6546,1,3,Thu,0
id513684,2024-03-14,CreditCard,Washington-Shaw,Tax,6696,0,-6696,1,3,Thu,0
id903511,2024-03-14,CreditCard,Cross-Price,Telephone,7115,0,-7115,1,3,Thu,0
id958024,2024-03-14,CreditCard,Brown Reynolds and Garner,Tax,9439,0,-9439,1,3,Thu,0
id841032,2024-03-14,CheckingAccount,Cab,Hire,2745,0,-2745,1,3,Thu,0
id757793,2024-03-14,SavingsBank,Driver,Hire,9105,0,-9105,1,3,Thu,0
id389644,2024-03-14,SavingsBank,Dividend,Dividend,0,7429,7429,1,3,Thu,0
id466534,2024-03-14,Cash,Knight-Thomas,Internet,8074,0,-8074,1,3,Thu,0
id318550,2024-03-15,SavingsBank,Jackson-Lee,Insurance,6269,0,-6269,1,3,Fri,0
id617211,2024-03-15,SavingsBank,Garcia LLC,Tax,1693,0,-1693,1,3,Fri,0
id130454,2024-03-15,CheckingAccount,Campbell Thompson and Brown,Grocery,3020,0,-3020,1,3,Fri,0
id134190,2024-03-15,Cash,Carpenter Parker and Leon,School,2406,0,-2406,1,3,Fri,0
id413593,2024-03-15,CheckingAccount,Cleaning,Hire,2741,0,-2741,1,3,Fri,0
id558666,2024-03-15,SavingsBank,Luna and Sons,Internet,1368,0,-1368,1,3,Fri,0
id996151,2024-03-15,CreditCard,Sawyer and Sons,House,6509,0,-6509,1,3,Fri,0
id112833,2024-03-16,Cash,Whitaker Morgan and Juarez,Grocery,6948,0,-6948,1,3,Sat,0
id241444,2024-03-16,CreditCard,Freeman-Rios,Books,7211,0,-7211,1,3,Sat,0
id759854,2024-03-16,SavingsBank,Cleaning,Hire,1596,0,-1596,1,3,Sat,0
id584459,2024-03-16,CheckingAccount,Reed Ltd,Books,9893,0,-9893,1,3,Sat,0
id805049,2024-03-16,CheckingAccount,Scott and Sons,School,996,0,-996,1,3,Sat,0
id598229,2024-03-16,Cash,Marquez Mathis and Olson,Internet,6388,0,-6388,1,3,Sat,0
id782325,2024-03-17,CreditCard,Thomas Thompson and Mccall,Telephone,2486,0,-2486,1,3,Sun,0
id225046,2024-03-17,CheckingAccount,May-Carroll,Internet,2465,0,-2465,1,3,Sun,0
id154618,2024-03-17,SavingsBank,Interest,Interest,0,5295,5295,1,3,Sun,0
id219921,2024-03-17,CheckingAccount,Fernandez PLC,Internet,2660,0,-2660,1,3,Sun,0
id870607,2024-03-18,CreditCard,Hall-Davis,Dinner,1336,0,-1336,1,3,Mon,0
id590393,2024-03-18,Cash,Palmer-Perez,School,1707,0,-1707,1,3,Mon,0
id157441,2024-03-18,SavingsBank,Cleaning,Hire,802,0,-802,1,3,Mon,0
id378849,2024-03-18,CreditCard,Lowe LLC,Tax,4216,0,-4216,1,3,Mon,0
id874637,2024-03-19,CheckingAccount,Williams Jacobs and Hooper,Grocery,2656,0,-2656,1,3,Tue,0
id697236,2024-03-19,CheckingAccount,Rodriguez-Mccarthy,Grocery,5315,0,-5315,1,3,Tue,0
id636716,2024-03-19,CheckingAccount,Davis Oliver and Brown,Telephone,1445,0,-1445,1,3,Tue,0
id756093,2024-03-20,CreditCard,Alvarado Taylor and Thomas,Insurance,4503,0,-4503,1,3,Wed,0
id258599,2024-03-20,Cash,Washington-Taylor,School,541,0,-541,1,3,Wed,0
id742990,2024-03-20,SavingsBank,Morse Logan and Martin,Fuel,4449,0,-4449,1,3,Wed,0
id560298,2024-03-20,CreditCard,Campbell Inc,House,4246,0,-4246,1,3,Wed,0
id920806,2024-03-20,CheckingAccount,Savage-Bradley,Dinner,2165,0,-2165,1,3,Wed,0
id745808,2024-03-20,Cash,Schmidt Stone and Brown,School,7698,0,-7698,1,3,Wed,0
id231350,2024-03-20,CheckingAccount,Williams Fletcher and Barnes,Dinner,3450,0,-3450,1,3,Wed,0
id161863,2024-03-21,SavingsBank,Valdez and Sons,Tax,434,0,-434,1,3,Thu,0
id835772,2024-03-21,CreditCard,Morris LLC,Books,806,0,-806,1,3,Thu,0
id394572,2024-03-21,CreditCard,Williamson LLC,Insurance,1819,0,-1819,1,3,Thu,0
id121311,2024-03-21,CreditCard,Briggs Delgado and Garcia,Books,2798,0,-2798,1,3,Thu,0
id596634,2024-03-21,SavingsBank,Bowen-Johnson,Insurance,7962,0,-7962,1,3,Thu,0
id874344,2024-03-22,Cash,Reynolds Fleming and Adams,Tax,3051,0,-3051,1,3,Fri,0
id916265,2024-03-22,CreditCard,Murillo Moody and Rhodes,Fuel,4380,0,-4380,1,3,Fri,0
id146569,2024-03-22,Cash,Grant-Johnson,Tax,8596,0,-8596,1,3,Fri,0
id422088,2024-03-22,SavingsBank,Thompson-Hess,Internet,6419,0,-6419,1,3,Fri,0
id192264,2024-03-22,Cash,Silva-Brown,Internet,7867,0,-7867,1,3,Fri,0
id783185,2024-03-22,CheckingAccount,Johnson Ltd,Books,3988,0,-3988,1,3,Fri,0
id658088,2024-03-23,CreditCard,Valdez Inc,Dinner,7769,0,-7769,1,3,Sat,0
id728258,2024-03-23,SavingsBank,Cook Austin and Holt,Grocery,8699,0,-8699,1,3,Sat,0
id195756,2024-03-24,Cash,Pearson Group,House,1156,0,-1156,1,3,Sun,0
id957091,2024-03-24,CheckingAccount,Miller-Adams,Grocery,8426,0,-8426,1,3,Sun,0
id476315,2024-03-24,Cash,Potter Beck and Compton,Grocery,1938,0,-1938,1,3,Sun,0
id511788,2024-03-24,Cash,Davis Perez and Hart,School,5742,0,-5742,1,3,Sun,0
id217808,2024-03-24,Cash,Taylor LLC,Dinner,9216,0,-9216,1,3,Sun,0
id421325,2024-03-24,CheckingAccount,Gray Davis and Castillo,Dinner,4775,0,-4775,1,3,Sun,0
id931202,2024-03-24,SavingsBank,Foster Garrison and Johnson,Dinner,4173,0,-4173,1,3,Sun,0
id562661,2024-03-24,Cash,Berger-Lynch,Books,1605,0,-1605,1,3,Sun,0
id284001,2024-03-24,SavingsBank,Smith Gonzalez and Barber,Investment,4314,0,-4314,1,3,Sun,1
id297242,2024-03-25,CreditCard,Anderson-Phillips,Tax,9214,0,-9214,1,3,Mon,0
id407030,2024-03-25,CreditCard,Cleaning,Hire,4280,0,-4280,1,3,Mon,0
id928288,2024-03-25,CheckingAccount,Driver,Hire,6719,0,-6719,1,3,Mon,0
id696711,2024-03-25,CheckingAccount,Rivera-Harrison,Grocery,4613,0,-4613,1,3,Mon,0
id826496,2024-03-25,CheckingAccount,Montes Pearson and Guzman,Telephone,2764,0,-2764,1,3,Mon,0
id783271,2024-03-25,CheckingAccount,Cole-Gordon,Telephone,2407,0,-2407,1,3,Mon,0
id875896,2024-03-25,CreditCard,Butler-Brown,Investment,7206,0,-7206,1,3,Mon,1
id583465,2024-03-25,CreditCard,Mason-Henderson,Dinner,750,0,-750,1,3,Mon,0
id132844,2024-03-25,SavingsBank,Terry-Roberts,Grocery,3617,0,-3617,1,3,Mon,0
id800840,2024-03-25,Cash,Ruiz Carpenter and Galloway,Books,6450,0,-6450,1,3,Mon,0
id718788,2024-03-26,Cash,Brooks Friedman and Rodriguez,Fuel,4470,0,-4470,1,3,Tue,0
id120458,2024-03-26,Cash,Cannon Walker and Smith,Investment,5239,0,-5239,1,3,Tue,1
id335445,2024-03-26,CheckingAccount,Manning LLC,Dinner,3959,0,-3959,1,3,Tue,0
id313923,2024-03-26,SavingsBank,Brady-Hale,Grocery,8190,0,-8190,1,3,Tue,0
id447560,2024-03-26,CheckingAccount,Pennington-Sanchez,Telephone,6733,0,-6733,1,3,Tue,0
id539236,2024-03-26,SavingsBank,Cab,Hire,781,0,-781,1,3,Tue,0
id426840,2024-03-27,Cash,Miller-Miller,Tax,4973,0,-4973,1,3,Wed,0
id639895,2024-03-27,SavingsBank,Ware-Williams,Insurance,1882,0,-1882,1,3,Wed,0
id161055,2024-03-27,CheckingAccount,Adams Thomas and Ferguson,Insurance,7031,0,-7031,1,3,Wed,0
id973967,2024-03-27,SavingsBank,Arellano Cole and Thomas,Fuel,5261,0,-5261,1,3,Wed,0
id496976,2024-03-27,SavingsBank,Smith Andrews and Alvarez,Books,8927,0,-8927,1,3,Wed,0
id659254,2024-03-27,CreditCard,Chapman-Fisher,Tax,4367,0,-4367,1,3,Wed,0
id356130,2024-03-27,SavingsBank,Cab,Hire,1018,0,-1018,1,3,Wed,0
id728431,2024-03-27,CheckingAccount,Powell King and Harding,House,3404,0,-3404,1,3,Wed,0
id846400,2024-03-27,Cash,Jones Dickerson and Townsend,Internet,3803,0,-3803,1,3,Wed,0
id409316,2024-03-28,Cash,Knight Inc,Insurance,4166,0,-4166,1,3,Thu,0
id116597,2024-03-28,SavingsBank,Dominguez Perez and Johnson,Internet,3289,0,-3289,1,3,Thu,0
id218777,2024-03-28,SavingsBank,Simpson Dixon and Mason,House,2360,0,-2360,1,3,Thu,0
id854370,2024-03-28,SavingsBank,Prince Graham and West,School,9694,0,-9694,1,3,Thu,0
id238731,2024-03-28,CreditCard,Garcia-Morris,Internet,8075,0,-8075,1,3,Thu,0
id409326,2024-03-28,CheckingAccount,Hunter Group,School,9127,0,-9127,1,3,Thu,0
id282314,2024-03-28,Cash,Snyder-Miller,Books,5521,0,-5521,1,3,Thu,0
id170762,2024-03-28,CheckingAccount,Mitchell Scott and Ramirez,Tax,266,0,-266,1,3,Thu,0
id908276,2024-03-28,CheckingAccount,Gaines Fields and Lindsey,Dinner,884,0,-884,1,3,Thu,0
id405553,2024-03-28,SavingsBank,Interest,Interest,0,5846,5846,1,3,Thu,0
id975966,2024-03-29,SavingsBank,Davis Ltd,Dinner,9332,0,-9332,1,3,Fri,0
id569098,2024-03-29,CheckingAccount,Gonzales Thomas and Green,Books,2802,0,-2802,1,3,Fri,0
id440423,2024-03-29,Cash,Hansen-Jones,Books,6649,0,-6649,1,3,Fri,0
id404066,2024-03-29,CheckingAccount,Turner Ltd,Internet,550,0,-550,1,3,Fri,0
id689743,2024-03-29,CheckingAccount,Finley Group,Tax,2575,0,-2575,1,3,Fri,0
id334487,2024-03-29,SavingsBank,Driver,Hire,8849,0,-8849,1,3,Fri,0
id407580,2024-03-29,CreditCard,Ayers LLC,Fuel,3486,0,-3486,1,3,Fri,0
id693515,2024-03-29,CheckingAccount,Klein Gray and Jones,School,6252,0,-6252,1,3,Fri,0
id148788,2024-03-29,Cash,Hubbard Group,Insurance,5897,0,-5897,1,3,Fri,0
id294770,2024-03-29,SavingsBank,Dividend,Dividend,0,1855,1855,1,3,Fri,0
id669219,2024-03-29,SavingsBank,Clark Thompson and Garner,House,9148,0,-9148,1,3,Fri,0
id682298,2024-03-30,Cash,Montes-Lynch,Insurance,4504,0,-4504,1,3,Sat,0
id667468,2024-03-30,CheckingAccount,Berger-Guerrero,Investment,7986,0,-7986,1,3,Sat,1
id736599,2024-03-30,CheckingAccount,King Mullins and Brown,Telephone,817,0,-817,1,3,Sat,0
id515932,2024-03-30,CreditCard,Robertson Ltd,Telephone,3924,0,-3924,1,3,Sat,0
id801941,2024-03-30,SavingsBank,Barnes Gray and Forbes,Telephone,9034,0,-9034,1,3,Sat,0
id571284,2024-03-30,Cash,Accountant,Hire,5605,0,-5605,1,3,Sat,0
id435163,2024-03-30,Cash,Williams Ltd,Insurance,8305,0,-8305,1,3,Sat,0
id956240,2024-03-30,CheckingAccount,Smith-Mcneil,School,8799,0,-8799,1,3,Sat,0
id736473,2024-03-31,CheckingAccount,Driver,Hire,3428,0,-3428,1,3,Sun,0
id994743,2024-03-31,SavingsBank,Jennings and Sons,Internet,2380,0,-2380,1,3,Sun,0
id872030,2024-03-31,CreditCard,Rivera Ho and Rogers,House,1423,0,-1423,1,3,Sun,0
id171182,2024-03-31,CheckingAccount,Walsh-Davis,Fuel,6466,0,-6466,1,3,Sun,0
id821328,2024-03-31,SavingsBank,Gill Ltd,Tax,6413,0,-6413,1,3,Sun,0
id205578,2024-03-31,SavingsBank,Gardner Moore and Brennan,Telephone,2883,0,-2883,1,3,Sun,0
id718418,2024-03-31,CheckingAccount,Bryan-Rios,Investment,5503,0,-5503,1,3,Sun,1
id977373,2024-04-01,CreditCard,King Hinton and Luna,Tax,7069,0,-7069,2,4,Mon,0
id849477,2024-04-01,CheckingAccount,Moreno-Lopez,Dinner,3146,0,-3146,2,4,Mon,0
id908097,2024-04-01,SavingsBank,Owens Ware and Davidson,Tax,3716,0,-3716,2,4,Mon,0
id169417,2024-04-01,CreditCard,Driver,Hire,1938,0,-1938,2,4,Mon,0
id681334,2024-04-01,CreditCard,Gibson-Ashley,Books,4240,0,-4240,2,4,Mon,0
id932733,2024-04-01,SavingsBank,Mccann-Johnson,Grocery,2735,0,-2735,2,4,Mon,0
id790103,2024-04-01,CheckingAccount,Wiggins-Carr,Telephone,2115,0,-2115,2,4,Mon,0
id389595,2024-04-01,CreditCard,Hess Miller and Thompson,Books,419,0,-419,2,4,Mon,0
id695905,2024-04-01,CheckingAccount,Cleaning,Hire,6410,0,-6410,2,4,Mon,0
id341038,2024-04-02,SavingsBank,Interest,Interest,0,6318,6318,2,4,Tue,0
id992540,2024-04-02,SavingsBank,Interest,Interest,0,9634,9634,2,4,Tue,0
id747179,2024-04-02,CheckingAccount,Dixon-Turner,Dinner,9867,0,-9867,2,4,Tue,0
id560869,2024-04-02,SavingsBank,Moore-Phelps,Dinner,1052,0,-1052,2,4,Tue,0
id786519,2024-04-02,Cash,Mercer-Joseph,Books,6677,0,-6677,2,4,Tue,0
id732999,2024-04-03,SavingsBank,Dividend,Dividend,0,9261,9261,2,4,Wed,0
id343323,2024-04-03,CreditCard,Hayes-Wagner,Insurance,9378,0,-9378,2,4,Wed,0
id749500,2024-04-03,CreditCard,Johnson Group,Telephone,7086,0,-7086,2,4,Wed,0
id635213,2024-04-03,CheckingAccount,Prince Peterson and Flores,Books,117,0,-117,2,4,Wed,0
id259515,2024-04-03,CheckingAccount,Bradford and Sons,Fuel,702,0,-702,2,4,Wed,0
id337272,2024-04-03,Cash,Ferguson Davis and Beasley,School,7009,0,-7009,2,4,Wed,0
id517610,2024-04-03,CheckingAccount,Cab,Hire,5044,0,-5044,2,4,Wed,0
id440801,2024-04-03,Cash,Mendez-Cabrera,House,8955,0,-8955,2,4,Wed,0
id261955,2024-04-03,CreditCard,Ayers-Joseph,Grocery,6310,0,-6310,2,4,Wed,0
id211745,2024-04-03,Cash,Valdez Group,Grocery,7207,0,-7207,2,4,Wed,0
id389060,2024-04-03,CheckingAccount,Evans Group,Fuel,1979,0,-1979,2,4,Wed,0
id769393,2024-04-04,CheckingAccount,Martin Group,Dinner,5642,0,-5642,2,4,Thu,0
id238304,2024-04-04,SavingsBank,Carlson Wilcox and Murphy,Books,799,0,-799,2,4,Thu,0
id499015,2024-04-04,SavingsBank,Kaufman PLC,Grocery,6849,0,-6849,2,4,Thu,0
id275520,2024-04-04,CreditCard,Herrera Ortiz and Thompson,Fuel,3725,0,-3725,2,4,Thu,0
id404939,2024-04-04,CheckingAccount,Sutton and Sons,Tax,6788,0,-6788,2,4,Thu,0
id403178,2024-04-04,SavingsBank,Campbell Inc,House,351,0,-351,2,4,Thu,0
id734317,2024-04-05,Cash,Hunter Inc,Tax,7554,0,-7554,2,4,Fri,0
id645976,2024-04-05,CreditCard,Johnson LLC,Insurance,7432,0,-7432,2,4,Fri,0
id885039,2024-04-05,CheckingAccount,Barton-Marshall,Insurance,4753,0,-4753,2,4,Fri,0
id938368,2024-04-05,CreditCard,Thompson-Montgomery,Dinner,4076,0,-4076,2,4,Fri,0
id360647,2024-04-05,SavingsBank,Vega Kelly and Lopez,Tax,7337,0,-7337,2,4,Fri,0
id387064,2024-04-05,CreditCard,Steele-Butler,Tax,7308,0,-7308,2,4,Fri,0
id151071,2024-04-05,CheckingAccount,Lopez Brennan and Bright,Books,2297,0,-2297,2,4,Fri,0
id510648,2024-04-05,CreditCard,Atkins-Porter,Dinner,3653,0,-3653,2,4,Fri,0
id319917,2024-04-05,SavingsBank,Interest,Interest,0,8697,8697,2,4,Fri,0
id573168,2024-04-05,SavingsBank,Hunt Rodriguez and Osborne,House,4163,0,-4163,2,4,Fri,0
id791003,2024-04-05,Cash,Landry-Foster,Dinner,7458,0,-7458,2,4,Fri,0
id682959,2024-04-06,SavingsBank,Cervantes-Mccall,Internet,7492,0,-7492,2,4,Sat,0
id899148,2024-04-06,CheckingAccount,George-Nguyen,Internet,8335,0,-8335,2,4,Sat,0
id208608,2024-04-06,CreditCard,Lee-Martin,House,682,0,-682,2,4,Sat,0
id751437,2024-04-06,CheckingAccount,Harris-Smith,Books,6834,0,-6834,2,4,Sat,0
id287749,2024-04-07,SavingsBank,Chavez Garcia and Fuentes,School,7254,0,-7254,2,4,Sun,0
id351463,2024-04-07,Cash,Trujillo PLC,House,8999,0,-8999,2,4,Sun,0
id147667,2024-04-07,CheckingAccount,Berry-Sloan,Telephone,7674,0,-7674,2,4,Sun,0
id961217,2024-04-08,CreditCard,Aguilar-Lee,Dinner,3181,0,-3181,2,4,Mon,0
id248295,2024-04-08,Cash,Weber Ltd,Fuel,2178,0,-2178,2,4,Mon,0
id295673,2024-04-08,Cash,Rice Group,House,1573,0,-1573,2,4,Mon,0
id132369,2024-04-08,Cash,Smith PLC,School,5815,0,-5815,2,4,Mon,0
id534210,2024-04-08,CheckingAccount,Moody-Schmidt,Telephone,4546,0,-4546,2,4,Mon,0
id160570,2024-04-08,CreditCard,Gutierrez Inc,Dinner,2993,0,-2993,2,4,Mon,0
id760653,2024-04-08,CheckingAccount,Accountant,Hire,8679,0,-8679,2,4,Mon,0
id132955,2024-04-08,CheckingAccount,Simmons Inc,Telephone,9862,0,-9862,2,4,Mon,0
id122406,2024-04-08,Cash,Walker Smith and Griffin,House,9988,0,-9988,2,4,Mon,0
id737694,2024-04-08,SavingsBank,Barber-Barnes,Internet,8937,0,-8937,2,4,Mon,0
id969589,2024-04-08,CheckingAccount,Beck-Sullivan,Books,1990,0,-1990,2,4,Mon,0
id911371,2024-04-08,CreditCard,Gibson-Love,Telephone,305,0,-305,2,4,Mon,0
id765070,2024-04-09,CheckingAccount,Cleaning,Hire,2521,0,-2521,2,4,Tue,0
id398265,2024-04-09,Cash,Summers Miller and Oliver,School,6477,0,-6477,2,4,Tue,0
id607478,2024-04-10,CheckingAccount,Hunter-Ellis,Telephone,6789,0,-6789,2,4,Wed,0
id507712,2024-04-10,CreditCard,Mcpherson-Banks,Internet,9750,0,-9750,2,4,Wed,0
id591962,2024-04-10,SavingsBank,Santiago-Garcia,Books,6506,0,-6506,2,4,Wed,0
id998187,2024-04-10,CreditCard,Driver,Hire,6249,0,-6249,2,4,Wed,0
id540417,2024-04-10,CheckingAccount,Silva PLC,Books,7473,0,-7473,2,4,Wed,0
id293776,2024-04-10,CreditCard,Brown-Taylor,School,9452,0,-9452,2,4,Wed,0
id740479,2024-04-10,CreditCard,Douglas Hernandez and Lopez,School,5908,0,-5908,2,4,Wed,0
id769501,2024-04-10,CheckingAccount,Brown-Jones,Books,2896,0,-2896,2,4,Wed,0
id763103,2024-04-10,Cash,Hill-Scott,Books,6681,0,-6681,2,4,Wed,0
id557347,2024-04-10,Cash,Buchanan Group,House,9904,0,-9904,2,4,Wed,0
id178062,2024-04-11,Cash,Gordon and Sons,Tax,1354,0,-1354,2,4,Thu,0
id278546,2024-04-11,Cash,Beasley Smith and Burnett,Fuel,8006,0,-8006,2,4,Thu,0
id428256,2024-04-11,SavingsBank,Weaver and Sons,Insurance,9360,0,-9360,2,4,Thu,0
id269911,2024-04-11,Cash,Watts Ltd,Grocery,8816,0,-8816,2,4,Thu,0
id414476,2024-04-12,CreditCard,Hanson-Harris,Investment,2010,0,-2010,2,4,Fri,1
id428193,2024-04-12,CreditCard,Ware and Sons,Grocery,6405,0,-6405,2,4,Fri,0
id990040,2024-04-12,CreditCard,Johnson-Brandt,Insurance,5322,0,-5322,2,4,Fri,0
id513261,2024-04-12,CreditCard,Little Newton and Todd,Fuel,3975,0,-3975,2,4,Fri,0
id475801,2024-04-12,CheckingAccount,Sanchez Inc,House,1348,0,-1348,2,4,Fri,0
id193368,2024-04-12,CreditCard,Bender-Peck,House,7308,0,-7308,2,4,Fri,0
id343688,2024-04-13,CreditCard,Jones PLC,Books,405,0,-405,2,4,Sat,0
id449869,2024-04-13,CheckingAccount,Johnson Freeman and Bell,Investment,988,0,-988,2,4,Sat,1
id499483,2024-04-13,CreditCard,Chaney Chandler and Diaz,House,9364,0,-9364,2,4,Sat,0
id289804,2024-04-13,CheckingAccount,Flores PLC,Books,4597,0,-4597,2,4,Sat,0
id456601,2024-04-13,Cash,Accountant,Hire,2235,0,-2235,2,4,Sat,0
id337367,2024-04-13,CheckingAccount,Parker Bryant and Clark,Fuel,5467,0,-5467,2,4,Sat,0
id132178,2024-04-13,CheckingAccount,Smith Berry and Brown,Tax,8987,0,-8987,2,4,Sat,0
id459198,2024-04-13,SavingsBank,Fisher Group,Fuel,6452,0,-6452,2,4,Sat,0
id750953,2024-04-13,Cash,Cleaning,Hire,5182,0,-5182,2,4,Sat,0
id649419,2024-04-13,CheckingAccount,Mcclure-Mccullough,Tax,8443,0,-8443,2,4,Sat,0
id887013,2024-04-13,Cash,Crawford-Smith,School,2137,0,-2137,2,4,Sat,0
id916672,2024-04-14,SavingsBank,Odonnell-Johnson,Telephone,6980,0,-6980,2,4,Sun,0
id138273,2024-04-14,CreditCard,Lopez Stewart and Parks,House,6763,0,-6763,2,4,Sun,0
id278596,2024-04-14,Cash,Chapman PLC,Books,440,0,-440,2,4,Sun,0
id702553,2024-04-14,SavingsBank,Miller-Fisher,Fuel,1859,0,-1859,2,4,Sun,0
id357778,2024-04-14,CheckingAccount,Evans Briggs and Cunningham,Investment,1708,0,-1708,2,4,Sun,1
id755667,2024-04-14,SavingsBank,Salary,Salary,0,103200,103200,2,4,Sun,0
id199180,2024-04-14,CreditCard,Tate Inc,House,2693,0,-2693,2,4,Sun,0
id498367,2024-04-14,Cash,Smith-Baker,Tax,9560,0,-9560,2,4,Sun,0
id252395,2024-04-15,CheckingAccount,Johnson Ltd,House,8280,0,-8280,2,4,Mon,0
id388326,2024-04-15,CreditCard,Baker-Newton,Grocery,1184,0,-1184,2,4,Mon,0
id587114,2024-04-15,CreditCard,Driver,Hire,6781,0,-6781,2,4,Mon,0
id457477,2024-04-16,CheckingAccount,Smith Ward and Stone,Grocery,2525,0,-2525,2,4,Tue,0
id820385,2024-04-16,Cash,Phillips-Carter,Fuel,2647,0,-2647,2,4,Tue,0
id380747,2024-04-16,SavingsBank,Garcia Park and Schwartz,House,3138,0,-3138,2,4,Tue,0
id540768,2024-04-16,Cash,Hall Mason and Miller,Investment,3589,0,-3589,2,4,Tue,1
id361583,2024-04-16,CreditCard,Oliver Ltd,Telephone,373,0,-373,2,4,Tue,0
id372915,2024-04-17,SavingsBank,Cleaning,Hire,9013,0,-9013,2,4,Wed,0
id512758,2024-04-17,CreditCard,Young Landry and Galvan,Dinner,6365,0,-6365,2,4,Wed,0
id328425,2024-04-17,SavingsBank,Dividend,Dividend,0,1859,1859,2,4,Wed,0
id502243,2024-04-17,SavingsBank,Rich Inc,Insurance,6419,0,-6419,2,4,Wed,0
id947280,2024-04-17,CreditCard,Cab,Hire,4460,0,-4460,2,4,Wed,0
id646053,2024-04-17,CreditCard,Charles Group,Fuel,887,0,-887,2,4,Wed,0
id269100,2024-04-17,CheckingAccount,Cab,Hire,5617,0,-5617,2,4,Wed,0
id842072,2024-04-17,CheckingAccount,Driver,Hire,3727,0,-3727,2,4,Wed,0
id769048,2024-04-18,CheckingAccount,Cab,Hire,376,0,-376,2,4,Thu,0
id626755,2024-04-18,SavingsBank,Reynolds-Vasquez,Telephone,3282,0,-3282,2,4,Thu,0
id612250,2024-04-18,SavingsBank,Interest,Interest,0,6928,6928,2,4,Thu,0
id908536,2024-04-19,CheckingAccount,Jackson Group,Books,8544,0,-8544,2,4,Fri,0
id188495,2024-04-19,CheckingAccount,Perez Hooper and Flynn,Insurance,1040,0,-1040,2,4,Fri,0
id403593,2024-04-19,SavingsBank,Dividend,Dividend,0,3425,3425,2,4,Fri,0
id380899,2024-04-19,SavingsBank,Cook-Sanders,Internet,3904,0,-3904,2,4,Fri,0
id853506,2024-04-19,SavingsBank,Keith-Johnson,Telephone,6207,0,-6207,2,4,Fri,0
id849860,2024-04-19,CreditCard,Davis Ltd,Dinner,6116,0,-6116,2,4,Fri,0
id786575,2024-04-19,CreditCard,Mcclure and Sons,School,4265,0,-4265,2,4,Fri,0
id866530,2024-04-19,Cash,Farley Group,Books,9526,0,-9526,2,4,Fri,0
id242448,2024-04-19,CreditCard,Ayala Inc,School,1892,0,-1892,2,4,Fri,0
id503898,2024-04-20,SavingsBank,Interest,Interest,0,2171,2171,2,4,Sat,0
id424581,2024-04-20,CheckingAccount,Cab,Hire,7860,0,-7860,2,4,Sat,0
id873610,2024-04-20,Cash,Erickson Hebert and Harvey,Fuel,8475,0,-8475,2,4,Sat,0
id524058,2024-04-20,Cash,Freeman Jones and Perez,Telephone,5035,0,-5035,2,4,Sat,0
id408801,2024-04-20,Cash,Baker LLC,House,4174,0,-4174,2,4,Sat,0
id766289,2024-04-20,CheckingAccount,Coleman PLC,Internet,3774,0,-3774,2,4,Sat,0
id859654,2024-04-21,Cash,Nguyen Simpson and Acosta,Investment,9446,0,-9446,2,4,Sun,1
id262088,2024-04-22,CreditCard,Dunn Ltd,Investment,2401,0,-2401,2,4,Mon,1
id625236,2024-04-22,Cash,Henry-Farmer,Internet,7072,0,-7072,2,4,Mon,0
id447817,2024-04-22,CheckingAccount,Rogers Griffin and Brewer,Books,3038,0,-3038,2,4,Mon,0
id303348,2024-04-22,CreditCard,Adams and Sons,Internet,808,0,-808,2,4,Mon,0
id401998,2024-04-22,CheckingAccount,Fletcher Chen and Howard,Fuel,7774,0,-7774,2,4,Mon,0
id155505,2024-04-22,SavingsBank,Barker Inc,Investment,3570,0,-3570,2,4,Mon,1
id317194,2024-04-22,CreditCard,Simpson-Hays,Grocery,6938,0,-6938,2,4,Mon,0
id879645,2024-04-22,SavingsBank,Williams-Vazquez,Grocery,3493,0,-3493,2,4,Mon,0
id428345,2024-04-23,CheckingAccount,Levy Gilmore and Jordan,Telephone,9790,0,-9790,2,4,Tue,0
id210449,2024-04-23,CreditCard,Yoder and Sons,Grocery,5370,0,-5370,2,4,Tue,0
id675830,2024-04-23,SavingsBank,Wright Woods and Wang,School,809,0,-809,2,4,Tue,0
id922368,2024-04-23,CreditCard,Myers Ltd,Fuel,8641,0,-8641,2,4,Tue,0
id496922,2024-04-23,CheckingAccount,Wilson-Sellers,Telephone,3504,0,-3504,2,4,Tue,0
id729956,2024-04-23,CheckingAccount,Juarez-Black,Dinner,257,0,-257,2,4,Tue,0
id521250,2024-04-23,Cash,Hunt-Delgado,Insurance,4073,0,-4073,2,4,Tue,0
id487086,2024-04-23,CheckingAccount,Green Garrett and Byrd,Books,6437,0,-6437,2,4,Tue,0
id218984,2024-04-23,Cash,Clayton LLC,Tax,2647,0,-2647,2,4,Tue,0
id241363,2024-04-23,SavingsBank,Johnson Francis and Williams,Books,1841,0,-1841,2,4,Tue,0
id663457,2024-04-23,CheckingAccount,Graham Chavez and Peck,Fuel,3231,0,-3231,2,4,Tue,0
id624356,2024-04-23,Cash,Smith White and Sanders,Internet,7202,0,-7202,2,4,Tue,0
id805775,2024-04-23,Cash,Knight Frost and Baker,Internet,4939,0,-4939,2,4,Tue,0
id131204,2024-04-23,SavingsBank,Salary,Salary,0,149535,149535,2,4,Tue,0
id856662,2024-04-24,Cash,Cleaning,Hire,1945,0,-1945,2,4,Wed,0
id196960,2024-04-24,CheckingAccount,Coleman Williams and Newman,Books,7427,0,-7427,2,4,Wed,0
id754514,2024-04-24,CreditCard,Santana Goodwin and Brooks,Investment,9299,0,-9299,2,4,Wed,1
id761274,2024-04-24,SavingsBank,Williams LLC,School,3314,0,-3314,2,4,Wed,0
id483999,2024-04-24,CreditCard,Martin Taylor and Jones,Investment,269,0,-269,2,4,Wed,1
id645215,2024-04-25,SavingsBank,Dividend,Dividend,0,9304,9304,2,4,Thu,0
id813902,2024-04-25,Cash,Sanchez-Schneider,Investment,2870,0,-2870,2,4,Thu,1
id466461,2024-04-26,CheckingAccount,Benson and Sons,Tax,8758,0,-8758,2,4,Fri,0
id751524,2024-04-26,CreditCard,Fox Group,Insurance,7207,0,-7207,2,4,Fri,0
id481896,2024-04-26,CreditCard,Mcdonald-Oliver,Telephone,9902,0,-9902,2,4,Fri,0
id948098,2024-04-26,CheckingAccount,Richmond-Cook,Internet,1572,0,-1572,2,4,Fri,0
id763080,2024-04-26,Cash,Powers-Freeman,Fuel,5632,0,-5632,2,4,Fri,0
id291652,2024-04-26,CheckingAccount,Chandler Group,Fuel,9856,0,-9856,2,4,Fri,0
id969990,2024-04-26,SavingsBank,Pacheco and Sons,School,5110,0,-5110,2,4,Fri,0
id577293,2024-04-26,Cash,Christian Woods and Fletcher,Tax,7653,0,-7653,2,4,Fri,0
id472795,2024-04-26,Cash,Lucero-Thomas,Investment,1065,0,-1065,2,4,Fri,1
id134119,2024-04-26,CreditCard,Mcintosh Guzman and Howard,Internet,4716,0,-4716,2,4,Fri,0
id144736,2024-04-27,SavingsBank,Sosa Powers and Stout,Grocery,2827,0,-2827,2,4,Sat,0
id469830,2024-04-27,CheckingAccount,Brown Inc,House,9418,0,-9418,2,4,Sat,0
id541325,2024-04-27,Cash,Martinez Beltran and Pitts,Fuel,5470,0,-5470,2,4,Sat,0
id654839,2024-04-27,SavingsBank,Chavez Taylor and Harris,Telephone,371,0,-371,2,4,Sat,0
id826103,2024-04-27,CheckingAccount,Accountant,Hire,636,0,-636,2,4,Sat,0
id287883,2024-04-27,SavingsBank,Salary,Salary,0,113715,113715,2,4,Sat,0
id320668,2024-04-27,SavingsBank,Guerrero-Martin,Fuel,1414,0,-1414,2,4,Sat,0
id759358,2024-04-27,Cash,Wong-Hart,House,8155,0,-8155,2,4,Sat,0
id166633,2024-04-27,SavingsBank,Morales-Mcdonald,Investment,9458,0,-9458,2,4,Sat,1
id626716,2024-04-27,Cash,Lopez Lopez and Jones,Investment,2811,0,-2811,2,4,Sat,1
id142007,2024-04-27,CreditCard,Thompson Ltd,House,9031,0,-9031,2,4,Sat,0
id591827,2024-04-28,Cash,Nunez-Edwards,Investment,9828,0,-9828,2,4,Sun,1
id627436,2024-04-28,SavingsBank,Rojas Wiggins and Frank,Internet,7167,0,-7167,2,4,Sun,0
id775126,2024-04-28,CreditCard,Romero LLC,Insurance,4656,0,-4656,2,4,Sun,0
id278455,2024-04-28,CreditCard,Yang Ltd,Grocery,782,0,-782,2,4,Sun,0
id753779,2024-04-28,Cash,Herrera and Sons,Books,1452,0,-1452,2,4,Sun,0
id301557,2024-04-28,SavingsBank,Salary,Salary,0,102915,102915,2,4,Sun,0
id358016,2024-04-28,SavingsBank,Rodriguez Green and Lopez,Dinner,6148,0,-6148,2,4,Sun,0
id627461,2024-04-28,Cash,Warren and Sons,Investment,1904,0,-1904,2,4,Sun,1
id802614,2024-04-28,CheckingAccount,Gill-Davis,Telephone,8225,0,-8225,2,4,Sun,0
id742978,2024-04-29,CreditCard,Clark-Miller,Dinner,873,0,-873,2,4,Mon,0
id520867,2024-04-29,SavingsBank,Hunt Coleman and Brennan,School,4232,0,-4232,2,4,Mon,0
id835427,2024-04-29,CheckingAccount,Martinez Ltd,Investment,5449,0,-5449,2,4,Mon,1
id193184,2024-04-29,SavingsBank,Caldwell Sanders and Harris,Fuel,9819,0,-9819,2,4,Mon,0
id440882,2024-04-29,CreditCard,Taylor Payne and Davis,Investment,6245,0,-6245,2,4,Mon,1
id933636,2024-04-29,SavingsBank,Cannon PLC,Investment,1723,0,-1723,2,4,Mon,1
id285309,2024-04-29,CreditCard,Bautista-Thompson,Fuel,2761,0,-2761,2,4,Mon,0
id931080,2024-04-29,Cash,Curtis-Johnson,Dinner,6128,0,-6128,2,4,Mon,0
id281132,2024-04-29,CheckingAccount,Navarro Sexton and Walker,Tax,7039,0,-7039,2,4,Mon,0
id481101,2024-04-29,SavingsBank,Smith PLC,Tax,2639,0,-2639,2,4,Mon,0
id209231,2024-04-29,Cash,Accountant,Hire,3725,0,-3725,2,4,Mon,0
id938475,2024-04-29,CheckingAccount,Morales-Andrade,House,2277,0,-2277,2,4,Mon,0
id807154,2024-04-29,CheckingAccount,Vega Inc,Insurance,9824,0,-9824,2,4,Mon,0
id238629,2024-04-30,SavingsBank,Gonzales Inc,School,9005,0,-9005,2,4,Tue,0
id382745,2024-04-30,CheckingAccount,Myers Wolfe and King,Insurance,3737,0,-3737,2,4,Tue,0
id114469,2024-04-30,SavingsBank,Dividend,Dividend,0,9580,9580,2,4,Tue,0
id297738,2024-04-30,Cash,Brown-Smith,Dinner,5957,0,-5957,2,4,Tue,0
id726370,2024-04-30,CreditCard,White Mcdaniel and Hickman,Internet,8499,0,-8499,2,4,Tue,0
id273290,2024-05-01,Cash,Moran Roy and Bell,Grocery,6102,0,-6102,2,5,Wed,0
id451919,2024-05-01,Cash,Tate-Delgado,Tax,3579,0,-3579,2,5,Wed,0
id950496,2024-05-01,SavingsBank,Lewis-Reynolds,House,9790,0,-9790,2,5,Wed,0
id369243,2024-05-01,CreditCard,Hayes Mclaughlin and Martinez,Fuel,8314,0,-8314,2,5,Wed,0
id296177,2024-05-01,Cash,Day Newman and Lewis,Dinner,104,0,-104,2,5,Wed,0
id240176,2024-05-01,SavingsBank,Oliver Group,Tax,8878,0,-8878,2,5,Wed,0
id837051,2024-05-01,SavingsBank,Salary,Salary,0,125130,125130,2,5,Wed,0
id943737,2024-05-01,CreditCard,Crawford Robinson and Mathis,Insurance,3025,0,-3025,2,5,Wed,0
id410613,2024-05-02,CheckingAccount,Walters-Roberts,Insurance,9804,0,-9804,2,5,Thu,0
id669893,2024-05-02,Cash,Jenkins-Duncan,Tax,2972,0,-2972,2,5,Thu,0
id257819,2024-05-02,CheckingAccount,Wheeler Thomas and Hunter,Dinner,2398,0,-2398,2,5,Thu,0
id848158,2024-05-02,CheckingAccount,Welch-Taylor,Dinner,1947,0,-1947,2,5,Thu,0
id424856,2024-05-02,SavingsBank,Dividend,Dividend,0,5075,5075,2,5,Thu,0
id878377,2024-05-02,SavingsBank,Rodriguez and Sons,Books,8066,0,-8066,2,5,Thu,0
id348101,2024-05-03,Cash,Holland Stevens and Fernandez,School,7512,0,-7512,2,5,Fri,0
id707543,2024-05-03,Cash,Lowe-Perez,Investment,4937,0,-4937,2,5,Fri,1
id552922,2024-05-03,CreditCard,Vega Diaz and Shannon,Tax,4038,0,-4038,2,5,Fri,0
id361988,2024-05-03,CheckingAccount,Cab,Hire,3676,0,-3676,2,5,Fri,0
id538575,2024-05-03,CheckingAccount,Forbes PLC,Books,8020,0,-8020,2,5,Fri,0
id955065,2024-05-03,CreditCard,Mcgee and Sons,House,4178,0,-4178,2,5,Fri,0
id539465,2024-05-03,Cash,Cortez-Brock,Tax,1613,0,-1613,2,5,Fri,0
id749247,2024-05-04,SavingsBank,Jones Lee and Compton,Internet,5910,0,-5910,2,5,Sat,0
id184832,2024-05-04,CheckingAccount,White Herrera and Kelly,Grocery,9828,0,-9828,2,5,Sat,0
id408308,2024-05-04,CreditCard,Stafford Diaz and Howard,House,6035,0,-6035,2,5,Sat,0
id641044,2024-05-04,Cash,Baxter-Riley,House,9267,0,-9267,2,5,Sat,0
id995494,2024-05-04,Cash,Cruz-Thompson,Fuel,3657,0,-3657,2,5,Sat,0
id388500,2024-05-04,CheckingAccount,Dillon Inc,Books,9732,0,-9732,2,5,Sat,0
id375683,2024-05-04,SavingsBank,Dividend,Dividend,0,7793,7793,2,5,Sat,0
id948276,2024-05-04,CheckingAccount,Daniel Bruce and Green,Telephone,1851,0,-1851,2,5,Sat,0
id668210,2024-05-04,CheckingAccount,Rocha Armstrong and Smith,House,9957,0,-9957,2,5,Sat,0
id855030,2024-05-05,CheckingAccount,Barnes LLC,Insurance,9430,0,-9430,2,5,Sun,0
id590153,2024-05-05,CreditCard,Ballard-Flynn,Internet,9643,0,-9643,2,5,Sun,0
id766936,2024-05-05,Cash,Foster Group,Dinner,8610,0,-8610,2,5,Sun,0
id246062,2024-05-05,CreditCard,Norris Moore and Marks,Investment,9314,0,-9314,2,5,Sun,1
id330504,2024-05-05,Cash,Brown-Chapman,Insurance,6741,0,-6741,2,5,Sun,0
id480590,2024-05-06,CreditCard,Sutton LLC,House,2278,0,-2278,2,5,Mon,0
id194412,2024-05-06,CheckingAccount,Daniels-Curry,Telephone,8506,0,-8506,2,5,Mon,0
id269831,2024-05-06,CheckingAccount,Williams-Ruiz,School,8507,0,-8507,2,5,Mon,0
id770467,2024-05-06,CheckingAccount,Carter-Watson,Investment,179,0,-179,2,5,Mon,1
id290774,2024-05-06,SavingsBank,Smith-Johnson,Investment,1048,0,-1048,2,5,Mon,1
id230744,2024-05-06,CreditCard,Brown-Larson,Telephone,6089,0,-6089,2,5,Mon,0
id596064,2024-05-06,CreditCard,Alvarez Group,Investment,2389,0,-2389,2,5,Mon,1
id414200,2024-05-06,Cash,Schroeder-Jennings,Books,2764,0,-2764,2,5,Mon,0
id208021,2024-05-06,Cash,Reed Calhoun and Rodriguez,Tax,2338,0,-2338,2,5,Mon,0
id672825,2024-05-07,Cash,Cleaning,Hire,7328,0,-7328,2,5,Tue,0
id236693,2024-05-07,CheckingAccount,Myers Hanna and Guerrero,Telephone,226,0,-226,2,5,Tue,0
id350854,2024-05-07,Cash,Wolf-Perkins,Dinner,1203,0,-1203,2,5,Tue,0
id642590,2024-05-07,CreditCard,Walters Inc,Grocery,887,0,-887,2,5,Tue,0
id417972,2024-05-07,SavingsBank,Wright-Jackson,Internet,607,0,-607,2,5,Tue,0
id818129,2024-05-07,CreditCard,Ballard PLC,Fuel,9711,0,-9711,2,5,Tue,0
id432031,2024-05-07,Cash,Miller-Dominguez,Telephone,6869,0,-6869,2,5,Tue,0
id119622,2024-05-07,SavingsBank,Salary,Salary,0,55020,55020,2,5,Tue,0
id546684,2024-05-08,CheckingAccount,Morris Group,Investment,4298,0,-4298,2,5,Wed,1
id214637,2024-05-08,CheckingAccount,Wilson-Miller,Internet,7006,0,-7006,2,5,Wed,0
id860262,2024-05-08,CreditCard,Moore Everett and Morris,Internet,2436,0,-2436,2,5,Wed,0
id183306,2024-05-08,CreditCard,Harper and Sons,Dinner,6296,0,-6296,2,5,Wed,0
id767527,2024-05-08,CheckingAccount,Garcia Santana and Adams,Fuel,1909,0,-1909,2,5,Wed,0
id891144,2024-05-08,CheckingAccount,Thomas-Brown,Tax,5435,0,-5435,2,5,Wed,0
id970681,2024-05-08,SavingsBank,Salary,Salary,0,55245,55245,2,5,Wed,0
id653284,2024-05-08,CreditCard,Accountant,Hire,2167,0,-2167,2,5,Wed,0
id935173,2024-05-08,Cash,Bowen-Mcdonald,Tax,7006,0,-7006,2,5,Wed,0
id386876,2024-05-09,CreditCard,Morales Burton and Mendoza,Grocery,4528,0,-4528,2,5,Thu,0
id553411,2024-05-09,CreditCard,Hill Stewart and Johnson,Insurance,4296,0,-4296,2,5,Thu,0
id545325,2024-05-09,SavingsBank,Osborne Group,Dinner,8214,0,-8214,2,5,Thu,0
id318526,2024-05-09,CheckingAccount,Cleaning,Hire,850,0,-850,2,5,Thu,0
id211507,2024-05-09,SavingsBank,Waller PLC,Insurance,2144,0,-2144,2,5,Thu,0
id838206,2024-05-09,Cash,Rodriguez Ltd,House,8622,0,-8622,2,5,Thu,0
id306087,2024-05-09,Cash,Pollard-Mejia,Fuel,6898,0,-6898,2,5,Thu,0
id843814,2024-05-10,CreditCard,Bradford Le and Anthony,School,8234,0,-8234,2,5,Fri,0
id445963,2024-05-10,Cash,Black Guzman and Roth,Books,8812,0,-8812,2,5,Fri,0
id692766,2024-05-10,SavingsBank,Hoffman Garrett and Jefferson,Investment,3249,0,-3249,2,5,Fri,1
id842371,2024-05-10,CreditCard,Adams-Reynolds,Internet,5246,0,-5246,2,5,Fri,0
id740727,2024-05-10,Cash,Robles-Buck,Investment,2276,0,-2276,2,5,Fri,1
id187935,2024-05-10,Cash,Accountant,Hire,6514,0,-6514,2,5,Fri,0
id878003,2024-05-11,CreditCard,Lawson Group,Tax,5602,0,-5602,2,5,Sat,0
id913013,2024-05-11,CheckingAccount,Anderson Fisher and Harding,Insurance,1752,0,-1752,2,5,Sat,0
id764873,2024-05-11,SavingsBank,Salary,Salary,0,125100,125100,2,5,Sat,0
id674740,2024-05-11,CheckingAccount,Smith and Sons,Fuel,269,0,-269,2,5,Sat,0
id984688,2024-05-11,CheckingAccount,Cab,Hire,5679,0,-5679,2,5,Sat,0
id297627,2024-05-11,CheckingAccount,Garcia LLC,Grocery,1576,0,-1576,2,5,Sat,0
id835102,2024-05-11,Cash,Haas-White,House,1627,0,-1627,2,5,Sat,0
id221532,2024-05-12,SavingsBank,Taylor Mills and Clark,Tax,4376,0,-4376,2,5,Sun,0
id904640,2024-05-12,CheckingAccount,Trujillo Cruz and Ibarra,School,4185,0,-4185,2,5,Sun,0
id169160,2024-05-12,SavingsBank,Dividend,Dividend,0,8508,8508,2,5,Sun,0
id216229,2024-05-12,SavingsBank,Salary,Salary,0,144765,144765,2,5,Sun,0
id442889,2024-05-12,CreditCard,Fields Velazquez and Snow,Grocery,4768,0,-4768,2,5,Sun,0
id243979,2024-05-12,SavingsBank,Interest,Interest,0,4323,4323,2,5,Sun,0
id470146,2024-05-12,CheckingAccount,Haney-Mckinney,Fuel,365,0,-365,2,5,Sun,0
id301469,2024-05-12,SavingsBank,Alvarez Hammond and Williams,School,9340,0,-9340,2,5,Sun,0
id943946,2024-05-13,CheckingAccount,Garza-Ramirez,Dinner,9137,0,-9137,2,5,Mon,0
id550146,2024-05-13,Cash,Johnson Ford and Kelly,Internet,5097,0,-5097,2,5,Mon,0
id740596,2024-05-13,SavingsBank,Sullivan Ramos and Kane,Telephone,3654,0,-3654,2,5,Mon,0
id660062,2024-05-13,CreditCard,Ford Diaz and Brown,House,423,0,-423,2,5,Mon,0
id740928,2024-05-13,CheckingAccount,Mccormick Inc,Dinner,4827,0,-4827,2,5,Mon,0
id282633,2024-05-14,SavingsBank,Dividend,Dividend,0,2436,2436,2,5,Tue,0
id594481,2024-05-14,CreditCard,Cleaning,Hire,4210,0,-4210,2,5,Tue,0
id398629,2024-05-14,CreditCard,Fox-Richmond,Tax,5932,0,-5932,2,5,Tue,0
id205669,2024-05-14,CheckingAccount,Cline and Sons,Telephone,1624,0,-1624,2,5,Tue,0
id894987,2024-05-14,Cash,Hunter and Sons,House,8001,0,-8001,2,5,Tue,0
id823659,2024-05-14,Cash,Huang Mitchell and Logan,Fuel,5297,0,-5297,2,5,Tue,0
id986260,2024-05-14,SavingsBank,Salary,Salary,0,71895,71895,2,5,Tue,0
id195035,2024-05-15,CheckingAccount,Driver,Hire,9534,0,-9534,2,5,Wed,0
id481683,2024-05-15,Cash,Salinas Richardson and Rasmussen,Books,8046,0,-8046,2,5,Wed,0
id841773,2024-05-15,Cash,West PLC,Investment,2092,0,-2092,2,5,Wed,1
id606997,2024-05-15,SavingsBank,Cab,Hire,2102,0,-2102,2,5,Wed,0
id215355,2024-05-15,Cash,Le-Shields,Tax,6786,0,-6786,2,5,Wed,0
id901837,2024-05-15,SavingsBank,Vargas-Patterson,Dinner,5469,0,-5469,2,5,Wed,0
id346581,2024-05-15,CreditCard,Richards-Mason,School,5519,0,-5519,2,5,Wed,0
id895915,2024-05-15,CreditCard,Driver,Hire,7289,0,-7289,2,5,Wed,0
id260037,2024-05-16,SavingsBank,Stevens Group,Internet,8376,0,-8376,2,5,Thu,0
id515093,2024-05-16,SavingsBank,Cole Group,House,7856,0,-7856,2,5,Thu,0
id624816,2024-05-16,SavingsBank,Salary,Salary,0,79590,79590,2,5,Thu,0
id420059,2024-05-16,SavingsBank,Interest,Interest,0,5222,5222,2,5,Thu,0
id961571,2024-05-17,SavingsBank,Rodriguez-Baker,Fuel,183,0,-183,2,5,Fri,0
id531425,2024-05-17,SavingsBank,Thompson LLC,Grocery,8984,0,-8984,2,5,Fri,0
id786756,2024-05-17,CheckingAccount,Snyder PLC,House,2056,0,-2056,2,5,Fri,0
id180550,2024-05-17,CheckingAccount,Mccoy Group,Books,2250,0,-2250,2,5,Fri,0
id916583,2024-05-17,SavingsBank,Salary,Salary,0,53805,53805,2,5,Fri,0
id633796,2024-05-17,SavingsBank,Interest,Interest,0,5712,5712,2,5,Fri,0
id830287,2024-05-17,Cash,Henry-Bowen,House,6982,0,-6982,2,5,Fri,0
id362254,2024-05-17,Cash,Lindsey Schwartz and Vasquez,Fuel,3298,0,-3298,2,5,Fri,0
id158349,2024-05-18,CreditCard,Alexander-Sullivan,Books,263,0,-263,2,5,Sat,0
id934711,2024-05-18,CreditCard,Lee Group,Grocery,812,0,-812,2,5,Sat,0
id125036,2024-05-18,SavingsBank,Wall Inc,Investment,4201,0,-4201,2,5,Sat,1
id323901,2024-05-18,CheckingAccount,Green Group,House,9872,0,-9872,2,5,Sat,0
id679093,2024-05-18,CheckingAccount,Walters and Sons,Insurance,2940,0,-2940,2,5,Sat,0
id546970,2024-05-18,Cash,Peterson PLC,Internet,1611,0,-1611,2,5,Sat,0
id208910,2024-05-18,SavingsBank,Wilkinson-Parker,Grocery,6831,0,-6831,2,5,Sat,0
id661437,2024-05-18,CheckingAccount,Pruitt Inc,Telephone,1573,0,-1573,2,5,Sat,0
id367728,2024-05-19,Cash,Brown-Davis,School,9705,0,-9705,2,5,Sun,0
id912029,2024-05-19,Cash,Preston Nguyen and Wright,House,5621,0,-5621,2,5,Sun,0
id354453,2024-05-19,CreditCard,Perry Chapman and Gonzalez,Grocery,7451,0,-7451,2,5,Sun,0
id546478,2024-05-19,CreditCard,Carlson-Byrd,Telephone,9500,0,-9500,2,5,Sun,0
id260287,2024-05-19,SavingsBank,Alexander PLC,House,9337,0,-9337,2,5,Sun,0
id289022,2024-05-19,CheckingAccount,Le-Bradley,Internet,8365,0,-8365,2,5,Sun,0
id807486,2024-05-19,SavingsBank,Mclaughlin and Sons,Internet,2789,0,-2789,2,5,Sun,0
id453263,2024-05-19,SavingsBank,Salary,Salary,0,99270,99270,2,5,Sun,0
id675959,2024-05-20,CreditCard,Rodriguez-Larsen,Telephone,9608,0,-9608,2,5,Mon,0
id134671,2024-05-20,SavingsBank,Fisher Stone and Adams,Investment,7585,0,-7585,2,5,Mon,1
id949562,2024-05-20,Cash,Knox and Sons,Fuel,5011,0,-5011,2,5,Mon,0
id318786,2024-05-20,SavingsBank,Interest,Interest,0,4473,4473,2,5,Mon,0
id355555,2024-05-20,Cash,Sullivan Mcmahon and Castro,Insurance,840,0,-840,2,5,Mon,0
id367654,2024-05-21,Cash,Harmon LLC,Tax,9134,0,-9134,2,5,Tue,0
id380234,2024-05-21,Cash,Howard-Miller,School,3552,0,-3552,2,5,Tue,0
id798365,2024-05-21,CheckingAccount,Henderson Jensen and Davies,School,2214,0,-2214,2,5,Tue,0
id953121,2024-05-21,SavingsBank,Mcguire Yang and Vaughn,Telephone,7860,0,-7860,2,5,Tue,0
id882125,2024-05-21,Cash,Hamilton-Liu,Fuel,5007,0,-5007,2,5,Tue,0
id138412,2024-05-21,Cash,Daniels-Yates,School,4200,0,-4200,2,5,Tue,0
id684197,2024-05-21,CreditCard,Young Ltd,Insurance,4879,0,-4879,2,5,Tue,0
id760009,2024-05-21,Cash,Taylor Page and Valenzuela,Investment,7481,0,-7481,2,5,Tue,1
id727788,2024-05-22,CheckingAccount,Wade Martinez and Patterson,Internet,5084,0,-5084,2,5,Wed,0
id688978,2024-05-22,CreditCard,Nelson Jones and Washington,Dinner,7643,0,-7643,2,5,Wed,0
id172847,2024-05-22,SavingsBank,Chen-Perkins,Insurance,2752,0,-2752,2,5,Wed,0
id638375,2024-05-22,SavingsBank,Garza-Chambers,House,3034,0,-3034,2,5,Wed,0
id274853,2024-05-22,Cash,Brown-Perry,Grocery,647,0,-647,2,5,Wed,0
id189779,2024-05-22,CreditCard,Andrade Inc,Internet,1128,0,-1128,2,5,Wed,0
id791716,2024-05-23,CreditCard,Thomas-Collins,Internet,8282,0,-8282,2,5,Thu,0
id170592,2024-05-23,CreditCard,Williamson Atkinson and Miller,Grocery,2361,0,-2361,2,5,Thu,0
id470528,2024-05-23,CheckingAccount,Davila LLC,Grocery,3712,0,-3712,2,5,Thu,0
id592194,2024-05-23,SavingsBank,Jordan-Wright,Books,8119,0,-8119,2,5,Thu,0
id668572,2024-05-23,Cash,Jones-Rivera,Insurance,376,0,-376,2,5,Thu,0
id252666,2024-05-24,SavingsBank,Burke Blair and Harmon,Tax,4275,0,-4275,2,5,Fri,0
id896335,2024-05-24,CreditCard,Kramer-Curtis,Internet,4857,0,-4857,2,5,Fri,0
id985134,2024-05-24,CheckingAccount,Accountant,Hire,1276,0,-1276,2,5,Fri,0
id836032,2024-05-24,SavingsBank,Salary,Salary,0,145500,145500,2,5,Fri,0
id801287,2024-05-24,Cash,Wade Smith and Smith,Telephone,2482,0,-2482,2,5,Fri,0
id163471,2024-05-24,CheckingAccount,Cab,Hire,8152,0,-8152,2,5,Fri,0
id866235,2024-05-24,SavingsBank,Santana-Grant,Books,3070,0,-3070,2,5,Fri,0
id191393,2024-05-24,SavingsBank,Garcia Glover and Deleon,Insurance,374,0,-374,2,5,Fri,0
id878999,2024-05-24,CheckingAccount,Gilmore and Sons,Insurance,554,0,-554,2,5,Fri,0
id825570,2024-05-25,CheckingAccount,Smith Group,Books,6830,0,-6830,2,5,Sat,0
id154877,2024-05-25,CreditCard,Macias-Figueroa,Insurance,1057,0,-1057,2,5,Sat,0
id321583,2024-05-25,CheckingAccount,Perez-Wagner,Insurance,6781,0,-6781,2,5,Sat,0
id293211,2024-05-25,Cash,Brown Miller and Brooks,Investment,8012,0,-8012,2,5,Sat,1
id315318,2024-05-25,SavingsBank,Henderson and Sons,Investment,3823,0,-3823,2,5,Sat,1
id339191,2024-05-25,CreditCard,James Miller and Mcdonald,Fuel,9353,0,-9353,2,5,Sat,0
id645265,2024-05-26,CheckingAccount,Accountant,Hire,8611,0,-8611,2,5,Sun,0
id697416,2024-05-26,CheckingAccount,Barnett Group,Books,9670,0,-9670,2,5,Sun,0
id937694,2024-05-26,CreditCard,Booth Patterson and Green,Tax,3104,0,-3104,2,5,Sun,0
id623580,2024-05-26,SavingsBank,Salary,Salary,0,92745,92745,2,5,Sun,0
id145065,2024-05-26,CheckingAccount,Johnson Inc,House,4107,0,-4107,2,5,Sun,0
id637581,2024-05-26,CreditCard,Moss-Klein,Tax,1037,0,-1037,2,5,Sun,0
id426796,2024-05-27,Cash,Walker Ltd,Tax,1174,0,-1174,2,5,Mon,0
id815228,2024-05-27,CreditCard,Richardson Hood and Haas,Tax,8862,0,-8862,2,5,Mon,0
id778146,2024-05-27,CreditCard,Morgan Wilson and Lewis,Books,5840,0,-5840,2,5,Mon,0
id722794,2024-05-27,CreditCard,Rivera Inc,Investment,5549,0,-5549,2,5,Mon,1
id830094,2024-05-27,CheckingAccount,Williams-Johnson,School,2658,0,-2658,2,5,Mon,0
id733962,2024-05-28,CheckingAccount,Ortega Norris and May,Insurance,4069,0,-4069,2,5,Tue,0
id656090,2024-05-28,Cash,Price Group,Investment,9278,0,-9278,2,5,Tue,1
id743460,2024-05-28,Cash,Russell-Sexton,Books,1813,0,-1813,2,5,Tue,0
id264151,2024-05-28,CheckingAccount,Reeves Powell and Lutz,Fuel,752,0,-752,2,5,Tue,0
id402590,2024-05-28,CheckingAccount,Cab,Hire,8247,0,-8247,2,5,Tue,0
id198874,2024-05-28,SavingsBank,Salary,Salary,0,101400,101400,2,5,Tue,0
id115450,2024-05-28,CheckingAccount,Driver,Hire,1992,0,-1992,2,5,Tue,0
id648304,2024-05-28,Cash,Rodriguez Keith and Richardson,Telephone,3984,0,-3984,2,5,Tue,0
id397542,2024-05-28,SavingsBank,Brown-Kaiser,Books,8034,0,-8034,2,5,Tue,0
id287837,2024-05-28,Cash,Ponce Reed and Jackson,School,6243,0,-6243,2,5,Tue,0
id291324,2024-05-29,SavingsBank,Conner-Cherry,Insurance,1395,0,-1395,2,5,Wed,0
id795117,2024-05-29,CreditCard,Barnett Landry and Davis,Grocery,8783,0,-8783,2,5,Wed,0
id905780,2024-05-29,CreditCard,Cummings LLC,School,2838,0,-2838,2,5,Wed,0
id322021,2024-05-29,Cash,Brown Huang and Atkinson,Insurance,1780,0,-1780,2,5,Wed,0
id245418,2024-05-29,CheckingAccount,Wright and Sons,Dinner,4658,0,-4658,2,5,Wed,0
id577766,2024-05-29,CreditCard,Ho PLC,Investment,1086,0,-1086,2,5,Wed,1
id732957,2024-05-29,CreditCard,Blake Ltd,Fuel,5137,0,-5137,2,5,Wed,0
id306239,2024-05-29,Cash,Rios Group,House,1470,0,-1470,2,5,Wed,0
id413562,2024-05-29,Cash,Dunn Group,Grocery,1182,0,-1182,2,5,Wed,0
id464591,2024-05-29,Cash,Johnston Evans and Jones,Books,3399,0,-3399,2,5,Wed,0
id572161,2024-05-29,CheckingAccount,Cleaning,Hire,5879,0,-5879,2,5,Wed,0
id181246,2024-05-29,Cash,Burnett Watts and Ortiz,Grocery,6201,0,-6201,2,5,Wed,0
id716933,2024-05-30,SavingsBank,Salary,Salary,0,112320,112320,2,5,Thu,0
id424358,2024-05-30,CreditCard,Hartman Lucas and Obrien,School,2939,0,-2939,2,5,Thu,0
id695835,2024-05-30,CheckingAccount,Silva-Downs,School,8089,0,-8089,2,5,Thu,0
id690445,2024-05-30,CheckingAccount,Hernandez Miller and Barajas,Investment,8842,0,-8842,2,5,Thu,1
id315387,2024-05-30,CreditCard,Cleaning,Hire,9648,0,-9648,2,5,Thu,0
id989271,2024-05-30,CheckingAccount,Jimenez-Munoz,Books,6991,0,-6991,2,5,Thu,0
id813945,2024-05-30,SavingsBank,Romero-White,Telephone,1606,0,-1606,2,5,Thu,0
id375848,2024-05-30,Cash,Ellis Hernandez and Guzman,House,124,0,-124,2,5,Thu,0
id342290,2024-05-31,CheckingAccount,Price Rivera and Miller,Tax,1643,0,-1643,2,5,Fri,0
id988543,2024-05-31,Cash,Hoover Mooney and Richards,School,8833,0,-8833,2,5,Fri,0
id941733,2024-05-31,CheckingAccount,Flores Ltd,School,4421,0,-4421,2,5,Fri,0
id172416,2024-05-31,CheckingAccount,Holmes LLC,Tax,2697,0,-2697,2,5,Fri,0
id747888,2024-05-31,Cash,Kelly-Stein,Insurance,808,0,-808,2,5,Fri,0
id836630,2024-05-31,Cash,Khan PLC,Books,318,0,-318,2,5,Fri,0
id855596,2024-05-31,CheckingAccount,Torres Kim and Mills,School,9145,0,-9145,2,5,Fri,0
id493819,2024-06-01,SavingsBank,Tran Sellers and Barnett,Internet,5525,0,-5525,2,6,Sat,0
id437860,2024-06-01,SavingsBank,Henderson-Cain,Tax,613,0,-613,2,6,Sat,0
id308011,2024-06-01,CreditCard,Williams Suarez and Harrison,Fuel,8933,0,-8933,2,6,Sat,0
id370251,2024-06-01,Cash,Dunn-Wagner,Investment,9900,0,-9900,2,6,Sat,1
id330641,2024-06-01,SavingsBank,Cummings-Cox,Internet,7170,0,-7170,2,6,Sat,0
id935030,2024-06-02,CreditCard,Allen Clay and Lyons,School,6564,0,-6564,2,6,Sun,0
id488574,2024-06-02,SavingsBank,Thomas-Alexander,Internet,8860,0,-8860,2,6,Sun,0
id763944,2024-06-02,CheckingAccount,Thomas Turner and Hardy,Investment,7283,0,-7283,2,6,Sun,1
id578062,2024-06-02,CreditCard,Sanders and Sons,Internet,4513,0,-4513,2,6,Sun,0
id144353,2024-06-02,CreditCard,Williams-Sanchez,Books,2976,0,-2976,2,6,Sun,0
id900515,2024-06-02,CreditCard,Arnold Ltd,Insurance,1977,0,-1977,2,6,Sun,0
id331339,2024-06-02,CheckingAccount,Peterson Williams and Roberts,Grocery,5746,0,-5746,2,6,Sun,0
id465986,2024-06-02,CheckingAccount,Lopez and Sons,Internet,4899,0,-4899,2,6,Sun,0
id155829,2024-06-03,CheckingAccount,Castillo and Sons,Fuel,2851,0,-2851,2,6,Mon,0
id587308,2024-06-03,CheckingAccount,Murray-Miller,Books,8858,0,-8858,2,6,Mon,0
id694742,2024-06-03,Cash,Rhodes Marsh and Johnson,Grocery,7287,0,-7287,2,6,Mon,0
id191311,2024-06-03,Cash,Joyce Henry and Hill,Books,1452,0,-1452,2,6,Mon,0
id722724,2024-06-03,CreditCard,Pham Moore and Armstrong,School,2416,0,-2416,2,6,Mon,0
id677694,2024-06-03,CreditCard,Accountant,Hire,4382,0,-4382,2,6,Mon,0
id825006,2024-06-04,CheckingAccount,May Ltd,Internet,383,0,-383,2,6,Tue,0
id645906,2024-06-04,SavingsBank,Interest,Interest,0,4654,4654,2,6,Tue,0
id613362,2024-06-05,CreditCard,Mayer Ltd,Internet,4893,0,-4893,2,6,Wed,0
id308841,2024-06-05,CreditCard,Accountant,Hire,5414,0,-5414,2,6,Wed,0
id460745,2024-06-05,Cash,Harris-Ayala,Investment,9438,0,-9438,2,6,Wed,1
id505357,2024-06-05,CheckingAccount,Brown Ltd,School,9002,0,-9002,2,6,Wed,0
id834859,2024-06-05,SavingsBank,Salary,Salary,0,75660,75660,2,6,Wed,0
id530032,2024-06-05,CheckingAccount,Cox Webb and Chan,Insurance,2546,0,-2546,2,6,Wed,0
id278248,2024-06-05,SavingsBank,Collins-Schmidt,School,4971,0,-4971,2,6,Wed,0
id821796,2024-06-05,CreditCard,Smith Madden and Gillespie,Tax,3239,0,-3239,2,6,Wed,0
id625067,2024-06-05,CreditCard,Fowler Inc,House,289,0,-289,2,6,Wed,0
id768729,2024-06-05,SavingsBank,Jenkins-Clark,Insurance,6894,0,-6894,2,6,Wed,0
id143684,2024-06-05,CheckingAccount,Harris Ltd,Internet,8278,0,-8278,2,6,Wed,0
id596009,2024-06-05,CreditCard,Giles-Thomas,Internet,7859,0,-7859,2,6,Wed,0
id215119,2024-06-05,Cash,Hendricks Avila and Watkins,Internet,3428,0,-3428,2,6,Wed,0
id733363,2024-06-05,Cash,Marshall-Davis,Investment,8847,0,-8847,2,6,Wed,1
id163911,2024-06-06,Cash,Grant Group,Investment,8975,0,-8975,2,6,Thu,1
id834620,2024-06-06,CheckingAccount,Carter-Smith,House,8802,0,-8802,2,6,Thu,0
id699098,2024-06-06,CheckingAccount,Bartlett-Adams,Insurance,5802,0,-5802,2,6,Thu,0
id980972,2024-06-06,CheckingAccount,Good-Brown,Fuel,3830,0,-3830,2,6,Thu,0
id801397,2024-06-06,CreditCard,Beard Bonilla and White,House,2257,0,-2257,2,6,Thu,0
id900313,2024-06-06,CreditCard,Duarte Group,Books,9618,0,-9618,2,6,Thu,0
id974250,2024-06-06,SavingsBank,Salary,Salary,0,19965,19965,2,6,Thu,0
id529260,2024-06-06,CreditCard,Rice Group,School,6395,0,-6395,2,6,Thu,0
id468704,2024-06-07,Cash,Harrison Garcia and Taylor,House,2524,0,-2524,2,6,Fri,0
id911543,2024-06-07,CreditCard,Mendoza Gilbert and Taylor,Tax,9193,0,-9193,2,6,Fri,0
id468146,2024-06-07,Cash,Munoz-Martin,Investment,164,0,-164,2,6,Fri,1
id685448,2024-06-07,SavingsBank,Terry Brooks and Taylor,Internet,6781,0,-6781,2,6,Fri,0
id650610,2024-06-07,CheckingAccount,Moore-Bowen,Telephone,8014,0,-8014,2,6,Fri,0
id379257,2024-06-07,Cash,Gomez PLC,Investment,7453,0,-7453,2,6,Fri,1
id480938,2024-06-08,SavingsBank,Interest,Interest,0,6964,6964,2,6,Sat,0
id474727,2024-06-08,Cash,Duke-Savage,School,6280,0,-6280,2,6,Sat,0
id610000,2024-06-08,CreditCard,Driver,Hire,7473,0,-7473,2,6,Sat,0
id420987,2024-06-08,CheckingAccount,Johnson Ltd,Tax,7199,0,-7199,2,6,Sat,0
id636729,2024-06-08,Cash,Booker-Richards,Investment,6221,0,-6221,2,6,Sat,1
id560007,2024-06-08,Cash,Spencer-Knox,Internet,8686,0,-8686,2,6,Sat,0
id149839,2024-06-09,CheckingAccount,Franklin-Lee,School,9747,0,-9747,2,6,Sun,0
id220398,2024-06-09,Cash,Yates-Dixon,Books,3609,0,-3609,2,6,Sun,0
id425767,2024-06-09,SavingsBank,Roberts Garrison and Lynch,Internet,9399,0,-9399,2,6,Sun,0
id776866,2024-06-09,SavingsBank,Phillips Powell and Griffin,Tax,3044,0,-3044,2,6,Sun,0
id371032,2024-06-09,CreditCard,Wilson Group,Insurance,6363,0,-6363,2,6,Sun,0
id335362,2024-06-09,CheckingAccount,Diaz Garcia and Hart,Telephone,4411,0,-4411,2,6,Sun,0
id245029,2024-06-09,CheckingAccount,Walters Reed and Jones,Dinner,5760,0,-5760,2,6,Sun,0
id244078,2024-06-09,CheckingAccount,Mason-Murray,Fuel,5700,0,-5700,2,6,Sun,0
id941003,2024-06-09,SavingsBank,Interest,Interest,0,8437,8437,2,6,Sun,0
id358863,2024-06-09,Cash,Marshall Turner and Zhang,Investment,6578,0,-6578,2,6,Sun,1
id134317,2024-06-09,Cash,Castro Ltd,Fuel,3384,0,-3384,2,6,Sun,0
id784809,2024-06-09,Cash,Serrano-Mccall,Dinner,484,0,-484,2,6,Sun,0
id649806,2024-06-09,CheckingAccount,Johnson Mercer and Mayer,Telephone,1945,0,-1945,2,6,Sun,0
id541722,2024-06-09,CreditCard,Williams PLC,House,842,0,-842,2,6,Sun,0
id862743,2024-06-09,CreditCard,Calderon Ltd,Telephone,6699,0,-6699,2,6,Sun,0
id637083,2024-06-10,Cash,Diaz-Rodriguez,Tax,1421,0,-1421,2,6,Mon,0
id858740,2024-06-10,CreditCard,Rose Christian and Jordan,Dinner,8508,0,-8508,2,6,Mon,0
id340076,2024-06-10,SavingsBank,Salary,Salary,0,103230,103230,2,6,Mon,0
id253845,2024-06-10,Cash,Porter Group,Dinner,2213,0,-2213,2,6,Mon,0
id832951,2024-06-10,CreditCard,Mclean Johnson and Martinez,Internet,1534,0,-1534,2,6,Mon,0
id153325,2024-06-10,CreditCard,Stone Inc,Telephone,780,0,-780,2,6,Mon,0
id492338,2024-06-10,CreditCard,Richardson PLC,House,1415,0,-1415,2,6,Mon,0
id409072,2024-06-10,CheckingAccount,Jimenez PLC,House,2581,0,-2581,2,6,Mon,0
id990815,2024-06-10,Cash,White Mullins and Maddox,House,7878,0,-7878,2,6,Mon,0
id593499,2024-06-10,Cash,Garrett Brooks and Wright,Grocery,8185,0,-8185,2,6,Mon,0
id377812,2024-06-10,SavingsBank,Mitchell PLC,Books,1435,0,-1435,2,6,Mon,0
id201653,2024-06-10,Cash,Rich Group,Tax,4148,0,-4148,2,6,Mon,0
id880140,2024-06-11,SavingsBank,Arnold-Moreno,Fuel,7557,0,-7557,2,6,Tue,0
id336009,2024-06-11,Cash,Medina-Wagner,Grocery,3990,0,-3990,2,6,Tue,0
id519360,2024-06-11,Cash,Reynolds-Torres,Investment,8903,0,-8903,2,6,Tue,1
id266025,2024-06-11,CheckingAccount,Payne Inc,Internet,1586,0,-1586,2,6,Tue,0
id500428,2024-06-11,CreditCard,Chapman Nguyen and Carter,Tax,6455,0,-6455,2,6,Tue,0
id614669,2024-06-11,CheckingAccount,Kennedy Williams and Robertson,Books,1772,0,-1772,2,6,Tue,0
id749839,2024-06-12,Cash,Avery Johnson and Bailey,Telephone,3067,0,-3067,2,6,Wed,0
id637982,2024-06-12,Cash,Cleaning,Hire,1682,0,-1682,2,6,Wed,0
id227012,2024-06-12,Cash,Ford Group,Grocery,649,0,-649,2,6,Wed,0
id940326,2024-06-12,CreditCard,Woodard Ball and Warner,Tax,1247,0,-1247,2,6,Wed,0
id411940,2024-06-12,Cash,Driver,Hire,3638,0,-3638,2,6,Wed,0
id348232,2024-06-12,SavingsBank,Driver,Hire,2197,0,-2197,2,6,Wed,0
id633397,2024-06-12,SavingsBank,Vega-Aguilar,Fuel,2437,0,-2437,2,6,Wed,0
id256368,2024-06-12,CheckingAccount,Ramirez PLC,House,3196,0,-3196,2,6,Wed,0
id224280,2024-06-12,CreditCard,Johnson-Mays,Internet,7410,0,-7410,2,6,Wed,0
id228032,2024-06-12,SavingsBank,Driver,Hire,9613,0,-9613,2,6,Wed,0
id937881,2024-06-12,Cash,Lowery-Larson,House,3033,0,-3033,2,6,Wed,0
id464707,2024-06-12,SavingsBank,Smith-Mejia,Insurance,7574,0,-7574,2,6,Wed,0
id125066,2024-06-12,SavingsBank,Welch Massey and Newton,Insurance,8015,0,-8015,2,6,Wed,0
id981510,2024-06-13,SavingsBank,Johnston Watts and Trevino,Telephone,8136,0,-8136,2,6,Thu,0
id158589,2024-06-13,SavingsBank,Interest,Interest,0,9500,9500,2,6,Thu,0
id764395,2024-06-13,CreditCard,Sanford-Calhoun,Tax,7702,0,-7702,2,6,Thu,0
id458117,2024-06-13,Cash,Accountant,Hire,2597,0,-2597,2,6,Thu,0
id532397,2024-06-14,Cash,Young-Gates,House,2837,0,-2837,2,6,Fri,0
id161203,2024-06-14,CreditCard,Lewis-Garrison,House,1929,0,-1929,2,6,Fri,0
id560898,2024-06-14,CheckingAccount,Williams Howard and Thompson,House,7957,0,-7957,2,6,Fri,0
id933287,2024-06-14,CreditCard,Terrell Jones and Bautista,Investment,6432,0,-6432,2,6,Fri,1
id528369,2024-06-14,CreditCard,Reynolds-Keller,House,5911,0,-5911,2,6,Fri,0
id797074,2024-06-14,CheckingAccount,Williams-Navarro,Internet,9690,0,-9690,2,6,Fri,0
id179151,2024-06-14,CheckingAccount,Cline-Gray,House,4768,0,-4768,2,6,Fri,0
id914212,2024-06-14,CreditCard,Walker Herman and Stewart,Insurance,2033,0,-2033,2,6,Fri,0
id875974,2024-06-14,CreditCard,Rice-Smith,Tax,8340,0,-8340,2,6,Fri,0
id392619,2024-06-14,SavingsBank,Schmidt Group,Internet,5687,0,-5687,2,6,Fri,0
id708296,2024-06-14,Cash,Goodman Davis and Thomas,Internet,8249,0,-8249,2,6,Fri,0
id972592,2024-06-14,SavingsBank,Scott Harvey and Hardy,Internet,6623,0,-6623,2,6,Fri,0
id752373,2024-06-15,CheckingAccount,Lawson Baird and Hanson,Investment,2925,0,-2925,2,6,Sat,1
id896655,2024-06-15,CreditCard,Hurst-Cook,House,7176,0,-7176,2,6,Sat,0
id884169,2024-06-15,Cash,Spencer Miller and Dennis,Telephone,6651,0,-6651,2,6,Sat,0
id168518,2024-06-15,Cash,Aguirre Diaz and Hancock,Dinner,2065,0,-2065,2,6,Sat,0
id998202,2024-06-15,CheckingAccount,Accountant,Hire,9364,0,-9364,2,6,Sat,0
id341089,2024-06-16,CheckingAccount,Arnold-Stone,Telephone,5990,0,-5990,2,6,Sun,0
id199880,2024-06-16,CreditCard,Williams Price and Young,House,5196,0,-5196,2,6,Sun,0
id711146,2024-06-16,CreditCard,Dalton Inc,Internet,4519,0,-4519,2,6,Sun,0
id469670,2024-06-16,CheckingAccount,Orr LLC,Books,8660,0,-8660,2,6,Sun,0
id450277,2024-06-16,CheckingAccount,Petty PLC,Grocery,7596,0,-7596,2,6,Sun,0
id496587,2024-06-16,Cash,Gross-Hull,Telephone,7132,0,-7132,2,6,Sun,0
id960048,2024-06-16,SavingsBank,Dividend,Dividend,0,9772,9772,2,6,Sun,0
id756738,2024-06-16,CheckingAccount,Hernandez PLC,Grocery,6123,0,-6123,2,6,Sun,0
id549388,2024-06-16,Cash,Martin Stanley and Soto,House,4442,0,-4442,2,6,Sun,0
id927694,2024-06-17,CheckingAccount,Pierce LLC,Telephone,877,0,-877,2,6,Mon,0
id636925,2024-06-17,Cash,Vega Hughes and Bryant,Internet,7833,0,-7833,2,6,Mon,0
id182270,2024-06-17,CheckingAccount,Ross-Gallagher,Insurance,3536,0,-3536,2,6,Mon,0
id435964,2024-06-17,Cash,Smith-Martinez,Telephone,3980,0,-3980,2,6,Mon,0
id568065,2024-06-18,CreditCard,Ball Ltd,Internet,2444,0,-2444,2,6,Tue,0
id860766,2024-06-18,CreditCard,Wells LLC,House,8509,0,-8509,2,6,Tue,0
id342920,2024-06-18,SavingsBank,Tyler LLC,Books,9734,0,-9734,2,6,Tue,0
id546787,2024-06-18,Cash,Johnson Foley and Johnson,Grocery,8319,0,-8319,2,6,Tue,0
id687967,2024-06-18,SavingsBank,Gray-Stein,School,366,0,-366,2,6,Tue,0
id498573,2024-06-18,SavingsBank,Sosa Hunt and Jones,Telephone,3348,0,-3348,2,6,Tue,0
id368614,2024-06-18,CreditCard,Stewart-Watson,Tax,2402,0,-2402,2,6,Tue,0
id640147,2024-06-18,CheckingAccount,Armstrong Hunter and Robinson,Investment,8778,0,-8778,2,6,Tue,1
id798222,2024-06-19,Cash,Ortega-Dean,Grocery,733,0,-733,2,6,Wed,0
id225002,2024-06-19,SavingsBank,Davis-Lopez,Tax,8318,0,-8318,2,6,Wed,0
id712430,2024-06-19,Cash,Downs-Butler,Insurance,3704,0,-3704,2,6,Wed,0
id641623,2024-06-19,CheckingAccount,Conner Ross and Smith,Telephone,751,0,-751,2,6,Wed,0
id203854,2024-06-19,SavingsBank,Patrick PLC,Insurance,7042,0,-7042,2,6,Wed,0
id405193,2024-06-20,CreditCard,Chen-Bender,Books,5350,0,-5350,2,6,Thu,0
id956753,2024-06-21,CreditCard,Rowe Ltd,Insurance,5223,0,-5223,2,6,Fri,0
id721119,2024-06-21,CreditCard,Williams Cruz and Gonzalez,Insurance,4408,0,-4408,2,6,Fri,0
id445284,2024-06-21,Cash,Driver,Hire,3599,0,-3599,2,6,Fri,0
id860804,2024-06-21,Cash,James Randall and Steele,Internet,9373,0,-9373,2,6,Fri,0
id132283,2024-06-21,CheckingAccount,Barajas-Potts,Grocery,2000,0,-2000,2,6,Fri,0
id900900,2024-06-21,CheckingAccount,Watson Ltd,Fuel,1999,0,-1999,2,6,Fri,0
id964488,2024-06-22,CheckingAccount,Cleaning,Hire,2560,0,-2560,2,6,Sat,0
id450600,2024-06-22,CreditCard,Cooper Johnson and Valentine,Tax,6114,0,-6114,2,6,Sat,0
id148099,2024-06-22,Cash,Haynes Davidson and Saunders,School,5060,0,-5060,2,6,Sat,0
id219152,2024-06-22,SavingsBank,Interest,Interest,0,7003,7003,2,6,Sat,0
id620331,2024-06-22,Cash,Smith Bradley and Moran,Telephone,6114,0,-6114,2,6,Sat,0
id339111,2024-06-22,SavingsBank,Salary,Salary,0,52200,52200,2,6,Sat,0
id548972,2024-06-22,SavingsBank,Carter Cunningham and Fernandez,Telephone,9501,0,-9501,2,6,Sat,0
id963248,2024-06-22,CheckingAccount,Nichols-Mclaughlin,Books,8786,0,-8786,2,6,Sat,0
id904838,2024-06-22,Cash,Hamilton-Singleton,Tax,1493,0,-1493,2,6,Sat,0
id660598,2024-06-23,CreditCard,Carter Gibbs and Carter,Tax,5181,0,-5181,2,6,Sun,0
id115199,2024-06-23,CreditCard,West and Sons,Fuel,4532,0,-4532,2,6,Sun,0
id809898,2024-06-23,Cash,Gonzales and Sons,Investment,8147,0,-8147,2,6,Sun,1
id625354,2024-06-23,CheckingAccount,Barnes-Zhang,Fuel,7452,0,-7452,2,6,Sun,0
id692420,2024-06-23,CreditCard,Johnson Suarez and Ward,Telephone,2773,0,-2773,2,6,Sun,0
id888204,2024-06-23,CheckingAccount,Richards-Marsh,Internet,6810,0,-6810,2,6,Sun,0
id631646,2024-06-23,CheckingAccount,Hartman PLC,Insurance,5639,0,-5639,2,6,Sun,0
id798433,2024-06-23,CreditCard,Cannon and Sons,Dinner,5387,0,-5387,2,6,Sun,0
id213420,2024-06-23,CheckingAccount,Harris-Fritz,Fuel,3847,0,-3847,2,6,Sun,0
id950854,2024-06-24,CreditCard,Dillon LLC,Telephone,6054,0,-6054,2,6,Mon,0
id396649,2024-06-24,SavingsBank,Guerrero and Sons,Insurance,4224,0,-4224,2,6,Mon,0
id801685,2024-06-24,CreditCard,Barron Heath and Rodriguez,Investment,7432,0,-7432,2,6,Mon,1
id375075,2024-06-24,Cash,Cab,Hire,2707,0,-2707,2,6,Mon,0
id813562,2024-06-25,SavingsBank,Interest,Interest,0,1231,1231,2,6,Tue,0
id208740,2024-06-25,Cash,Lee-Jones,Insurance,2144,0,-2144,2,6,Tue,0
id893797,2024-06-25,Cash,Murray Rodriguez and Bird,School,9913,0,-9913,2,6,Tue,0
id519139,2024-06-25,CheckingAccount,Taylor Myers and Jordan,School,5333,0,-5333,2,6,Tue,0
id608378,2024-06-25,CheckingAccount,Thomas Moreno and Hughes,Books,9266,0,-9266,2,6,Tue,0
id356481,2024-06-26,CreditCard,Powell Inc,Investment,507,0,-507,2,6,Wed,1
id243228,2024-06-27,SavingsBank,Jackson Group,Telephone,7482,0,-7482,2,6,Thu,0
id387590,2024-06-27,Cash,Mayo-Black,School,3523,0,-3523,2,6,Thu,0
id884108,2024-06-27,CreditCard,Frederick-Robinson,Insurance,5702,0,-5702,2,6,Thu,0
id465804,2024-06-27,CreditCard,Odonnell and Sons,Dinner,1779,0,-1779,2,6,Thu,0
id940583,2024-06-27,CheckingAccount,Davis-Hernandez,School,6547,0,-6547,2,6,Thu,0
id935640,2024-06-27,CreditCard,Taylor Group,Books,324,0,-324,2,6,Thu,0
id736676,2024-06-28,CheckingAccount,Driver,Hire,5147,0,-5147,2,6,Fri,0
id308685,2024-06-28,CheckingAccount,Larson Ltd,House,3455,0,-3455,2,6,Fri,0
id216317,2024-06-28,Cash,Hodge-Cook,Investment,9219,0,-9219,2,6,Fri,1
id779472,2024-06-28,CheckingAccount,Diaz-Thomas,Books,9647,0,-9647,2,6,Fri,0
id714489,2024-06-28,SavingsBank,Cleaning,Hire,2700,0,-2700,2,6,Fri,0
id526832,2024-06-28,CheckingAccount,Kelley Hughes and Carroll,Books,4305,0,-4305,2,6,Fri,0
id345974,2024-06-28,Cash,Benjamin-Rowe,Telephone,8105,0,-8105,2,6,Fri,0
id581081,2024-06-28,CheckingAccount,Watts White and Taylor,Books,2962,0,-2962,2,6,Fri,0
id501164,2024-06-28,SavingsBank,Taylor-Mitchell,Internet,8468,0,-8468,2,6,Fri,0
id881707,2024-06-28,SavingsBank,Dividend,Dividend,0,5547,5547,2,6,Fri,0
id702193,2024-06-28,CreditCard,Evans Randolph and Wagner,Insurance,7862,0,-7862,2,6,Fri,0
id613344,2024-06-28,SavingsBank,Dividend,Dividend,0,7972,7972,2,6,Fri,0
id794825,2024-06-29,CreditCard,Driver,Hire,7447,0,-7447,2,6,Sat,0
id350299,2024-06-29,CreditCard,George Group,Grocery,3049,0,-3049,2,6,Sat,0
id743847,2024-06-29,CheckingAccount,Fleming-Flores,Insurance,8390,0,-8390,2,6,Sat,0
id543170,2024-06-29,CreditCard,Robles-Lopez,Telephone,7419,0,-7419,2,6,Sat,0
id230086,2024-06-30,CreditCard,Smith Group,School,2223,0,-2223,2,6,Sun,0
id499207,2024-06-30,SavingsBank,Berry Ltd,Tax,7514,0,-7514,2,6,Sun,0
id353636,2024-06-30,Cash,Franklin Alexander and Miller,Fuel,6211,0,-6211,2,6,Sun,0
id213851,2024-06-30,SavingsBank,Fry Martinez and Foley,Books,3680,0,-3680,2,6,Sun,0
id758904,2024-06-30,Cash,Weber Group,Internet,9774,0,-9774,2,6,Sun,0
id770979,2024-06-30,CreditCard,Noble Garcia and Weaver,Telephone,9811,0,-9811,2,6,Sun,0
id718555,2024-06-30,CreditCard,Taylor Lee and Sanders,Dinner,5487,0,-5487,2,6,Sun,0
id734931,2024-06-30,Cash,Robinson Morse and Case,Dinner,4526,0,-4526,2,6,Sun,0
id124946,2024-06-30,CreditCard,Cab,Hire,2799,0,-2799,2,6,Sun,0
id360294,2024-06-30,SavingsBank,Brown Inc,Investment,629,0,-629,2,6,Sun,1
id254072,2024-06-30,SavingsBank,Cruz Inc,Investment,4338,0,-4338,2,6,Sun,1
id610667,2024-06-30,Cash,Jones Group,Dinner,2661,0,-2661,2,6,Sun,0
id907194,2024-06-30,CreditCard,Huang Carlson and Patterson,Books,5937,0,-5937,2,6,Sun,0
id521101,2024-07-01,CheckingAccount,Walker Ltd,Dinner,858,0,-858,3,7,Mon,0
id496859,2024-07-01,Cash,Cab,Hire,6279,0,-6279,3,7,Mon,0
id212918,2024-07-01,CheckingAccount,Ruiz Group,Grocery,7513,0,-7513,3,7,Mon,0
id824429,2024-07-01,CreditCard,Jackson Hughes and Wilkins,House,6278,0,-6278,3,7,Mon,0
id112251,2024-07-01,CreditCard,Farrell PLC,Fuel,5966,0,-5966,3,7,Mon,0
id840942,2024-07-01,Cash,Potter LLC,Investment,1055,0,-1055,3,7,Mon,1
id425033,2024-07-01,CreditCard,Decker-Nolan,Tax,4347,0,-4347,3,7,Mon,0
id835695,2024-07-01,Cash,Young Mcbride and Patterson,Internet,797,0,-797,3,7,Mon,0
id206401,2024-07-01,CreditCard,Thompson Foster and Jordan,Investment,6192,0,-6192,3,7,Mon,1
id819162,2024-07-01,CreditCard,Lee-Edwards,Investment,1558,0,-1558,3,7,Mon,1
id130888,2024-07-02,CheckingAccount,Harrison-Graham,Books,5633,0,-5633,3,7,Tue,0
id328199,2024-07-02,CheckingAccount,Driver,Hire,8964,0,-8964,3,7,Tue,0
id190777,2024-07-02,CheckingAccount,Accountant,Hire,8772,0,-8772,3,7,Tue,0
id487529,2024-07-02,SavingsBank,Dividend,Dividend,0,7728,7728,3,7,Tue,0
id683406,2024-07-02,Cash,Wright Pratt and Holland,Internet,6711,0,-6711,3,7,Tue,0
id130819,2024-07-02,SavingsBank,Moore-Hernandez,House,5280,0,-5280,3,7,Tue,0
id831495,2024-07-02,Cash,Campbell-Mckenzie,Fuel,4544,0,-4544,3,7,Tue,0
id861061,2024-07-03,SavingsBank,Dividend,Dividend,0,5648,5648,3,7,Wed,0
id291196,2024-07-03,Cash,Dunlap Group,Fuel,3813,0,-3813,3,7,Wed,0
id168126,2024-07-03,CreditCard,Singleton Gardner and Powell,Internet,1062,0,-1062,3,7,Wed,0
id113005,2024-07-03,CheckingAccount,Adams-Reid,Telephone,2352,0,-2352,3,7,Wed,0
id889161,2024-07-03,SavingsBank,Anderson-Robinson,Internet,605,0,-605,3,7,Wed,0
id632827,2024-07-03,Cash,Smith Shaw and Steele,Insurance,5843,0,-5843,3,7,Wed,0
id350088,2024-07-04,Cash,Shepard and Sons,Tax,2502,0,-2502,3,7,Thu,0
id535028,2024-07-04,CreditCard,Simpson Thomas and Fernandez,Books,7652,0,-7652,3,7,Thu,0
id369350,2024-07-04,SavingsBank,Rodriguez Inc,Grocery,7759,0,-7759,3,7,Thu,0
id264846,2024-07-04,CreditCard,Trevino-Wright,Telephone,706,0,-706,3,7,Thu,0
id333219,2024-07-04,CheckingAccount,Wise Avila and Howell,Dinner,8508,0,-8508,3,7,Thu,0
id771868,2024-07-04,Cash,Foster Group,Grocery,3687,0,-3687,3,7,Thu,0
id504788,2024-07-04,CreditCard,Rodgers Braun and Zimmerman,Books,6193,0,-6193,3,7,Thu,0
id853178,2024-07-04,CreditCard,Cab,Hire,6823,0,-6823,3,7,Thu,0
id184856,2024-07-04,CreditCard,Cruz PLC,Internet,9722,0,-9722,3,7,Thu,0
id262996,2024-07-04,Cash,Hawkins-Wolf,Dinner,2038,0,-2038,3,7,Thu,0
id271851,2024-07-05,CreditCard,Cab,Hire,8691,0,-8691,3,7,Fri,0
id872446,2024-07-05,CreditCard,Reese-Chavez,Internet,3481,0,-3481,3,7,Fri,0
id567997,2024-07-05,Cash,Morris-Jones,House,6687,0,-6687,3,7,Fri,0
id786294,2024-07-05,CreditCard,Martinez Diaz and Cox,Books,4516,0,-4516,3,7,Fri,0
id467631,2024-07-05,SavingsBank,Thomas Inc,House,7781,0,-7781,3,7,Fri,0
id703233,2024-07-05,SavingsBank,Doyle-Nichols,Investment,1047,0,-1047,3,7,Fri,1
id305063,2024-07-05,CheckingAccount,Browning Inc,Dinner,3857,0,-3857,3,7,Fri,0
id778914,2024-07-06,SavingsBank,Davis-Williams,House,9768,0,-9768,3,7,Sat,0
id210448,2024-07-06,Cash,Matthews LLC,Grocery,2792,0,-2792,3,7,Sat,0
id454330,2024-07-06,SavingsBank,Salary,Salary,0,114315,114315,3,7,Sat,0
id651104,2024-07-06,CheckingAccount,Arnold Anderson and Butler,Grocery,925,0,-925,3,7,Sat,0
id728187,2024-07-07,CheckingAccount,Edwards-Gamble,Fuel,8748,0,-8748,3,7,Sun,0
id579945,2024-07-07,SavingsBank,Salary,Salary,0,61905,61905,3,7,Sun,0
id886309,2024-07-07,CheckingAccount,Rogers-Dean,School,2449,0,-2449,3,7,Sun,0
id879508,2024-07-07,CreditCard,Hernandez Dunlap and Davis,Insurance,6505,0,-6505,3,7,Sun,0
id276030,2024-07-07,Cash,Goodman-Ramirez,Internet,3726,0,-3726,3,7,Sun,0
id660635,2024-07-07,CheckingAccount,Fitzgerald Ltd,School,9899,0,-9899,3,7,Sun,0
id836428,2024-07-07,CreditCard,Cleaning,Hire,7137,0,-7137,3,7,Sun,0
id303541,2024-07-08,CheckingAccount,Miller Contreras and Mason,Dinner,9877,0,-9877,3,7,Mon,0
id906338,2024-07-08,Cash,Key Clark and Brady,Tax,7940,0,-7940,3,7,Mon,0
id252068,2024-07-08,CreditCard,Ali-Williams,Insurance,8338,0,-8338,3,7,Mon,0
id490947,2024-07-08,CheckingAccount,Haley Anderson and Levy,Books,9905,0,-9905,3,7,Mon,0
id708488,2024-07-08,Cash,Butler-Hamilton,Internet,398,0,-398,3,7,Mon,0
id635662,2024-07-08,CreditCard,Patel Ltd,Dinner,441,0,-441,3,7,Mon,0
id958256,2024-07-08,CreditCard,Hudson Group,Tax,3884,0,-3884,3,7,Mon,0
id348974,2024-07-08,CreditCard,Mccormick-Thomas,Books,4977,0,-4977,3,7,Mon,0
id389457,2024-07-08,SavingsBank,Interest,Interest,0,2944,2944,3,7,Mon,0
id216525,2024-07-09,CheckingAccount,Williams-Miller,Telephone,7616,0,-7616,3,7,Tue,0
id204566,2024-07-09,SavingsBank,Driver,Hire,732,0,-732,3,7,Tue,0
id944809,2024-07-09,Cash,Harris Ltd,Fuel,6899,0,-6899,3,7,Tue,0
id580757,2024-07-09,CreditCard,Reyes-Mclaughlin,Books,1159,0,-1159,3,7,Tue,0
id237731,2024-07-09,Cash,Cross Group,Dinner,1481,0,-1481,3,7,Tue,0
id406222,2024-07-09,CreditCard,White King and Harrington,Grocery,4226,0,-4226,3,7,Tue,0
id811337,2024-07-10,SavingsBank,Cleaning,Hire,545,0,-545,3,7,Wed,0
id944511,2024-07-10,Cash,Williams-Wilson,Telephone,9239,0,-9239,3,7,Wed,0
id472039,2024-07-10,CreditCard,Lopez Parrish and Rubio,School,343,0,-343,3,7,Wed,0
id497725,2024-07-10,SavingsBank,Boyd and Sons,Tax,472,0,-472,3,7,Wed,0
id374971,2024-07-10,CreditCard,Gutierrez White and Murillo,Fuel,3432,0,-3432,3,7,Wed,0
id578909,2024-07-10,CreditCard,Cleaning,Hire,7499,0,-7499,3,7,Wed,0
id635902,2024-07-10,CreditCard,Johnson-Taylor,Internet,5140,0,-5140,3,7,Wed,0
id684940,2024-07-10,Cash,Aguilar Benson and Holland,Investment,3826,0,-3826,3,7,Wed,1
id276404,2024-07-10,CreditCard,Byrd-Barnes,Investment,3592,0,-3592,3,7,Wed,1
id432999,2024-07-11,CreditCard,Summers Rodriguez and Clark,Investment,1738,0,-1738,3,7,Thu,1
id528050,2024-07-11,SavingsBank,Interest,Interest,0,7443,7443,3,7,Thu,0
id429735,2024-07-11,SavingsBank,Cleaning,Hire,9447,0,-9447,3,7,Thu,0
id348111,2024-07-11,CheckingAccount,Duran Inc,School,4596,0,-4596,3,7,Thu,0
id235352,2024-07-11,SavingsBank,Fritz Taylor and Mitchell,Tax,1995,0,-1995,3,7,Thu,0
id342130,2024-07-11,SavingsBank,Sanders-Thomas,House,2203,0,-2203,3,7,Thu,0
id829451,2024-07-11,Cash,Mejia LLC,Fuel,9162,0,-9162,3,7,Thu,0
id153510,2024-07-11,CheckingAccount,Cleaning,Hire,5643,0,-5643,3,7,Thu,0
id403846,2024-07-11,SavingsBank,Interest,Interest,0,195,195,3,7,Thu,0
id343838,2024-07-11,Cash,Zamora Stout and Washington,House,4096,0,-4096,3,7,Thu,0
id917957,2024-07-11,Cash,Shaw-Lee,School,1755,0,-1755,3,7,Thu,0
id478557,2024-07-11,Cash,Davis Sellers and Phillips,Tax,5981,0,-5981,3,7,Thu,0
id795103,2024-07-11,CreditCard,Barnett Leblanc and Carson,Dinner,5001,0,-5001,3,7,Thu,0
id677418,2024-07-12,Cash,Hernandez-Bryant,Internet,8369,0,-8369,3,7,Fri,0
id872641,2024-07-12,CreditCard,Frey Inc,Books,4806,0,-4806,3,7,Fri,0
id385393,2024-07-12,CreditCard,Douglas Ltd,Tax,6806,0,-6806,3,7,Fri,0
id293397,2024-07-12,CreditCard,Torres Wallace and Jones,Internet,2453,0,-2453,3,7,Fri,0
id797611,2024-07-13,SavingsBank,Interest,Interest,0,9919,9919,3,7,Sat,0
id216025,2024-07-13,SavingsBank,Interest,Interest,0,1441,1441,3,7,Sat,0
id724190,2024-07-13,SavingsBank,Johnson Smith and Orr,School,7677,0,-7677,3,7,Sat,0
id864790,2024-07-13,CreditCard,Christian Ltd,Books,8414,0,-8414,3,7,Sat,0
id464321,2024-07-13,CheckingAccount,Gay Ltd,Internet,6125,0,-6125,3,7,Sat,0
id403353,2024-07-13,SavingsBank,Interest,Interest,0,368,368,3,7,Sat,0
id464888,2024-07-14,SavingsBank,Stewart Kelly and Hudson,Internet,7685,0,-7685,3,7,Sun,0
id336994,2024-07-14,CheckingAccount,Henry-Padilla,House,2280,0,-2280,3,7,Sun,0
id974126,2024-07-14,CheckingAccount,Carter Mills and Santos,Telephone,4291,0,-4291,3,7,Sun,0
id528819,2024-07-15,Cash,Munoz Jimenez and Jones,Fuel,6419,0,-6419,3,7,Mon,0
id533804,2024-07-15,SavingsBank,Salary,Salary,0,80355,80355,3,7,Mon,0
id631192,2024-07-15,Cash,Ingram Inc,Telephone,7006,0,-7006,3,7,Mon,0
id304329,2024-07-15,CreditCard,Schultz-Richards,Dinner,6848,0,-6848,3,7,Mon,0
id321667,2024-07-15,SavingsBank,Interest,Interest,0,816,816,3,7,Mon,0
id656657,2024-07-15,CreditCard,Clark and Sons,Books,614,0,-614,3,7,Mon,0
id670591,2024-07-16,CheckingAccount,Cleaning,Hire,6940,0,-6940,3,7,Tue,0
id540635,2024-07-16,CheckingAccount,White-Ware,House,3339,0,-3339,3,7,Tue,0
id263987,2024-07-16,Cash,Martinez Savage and Walter,Grocery,4474,0,-4474,3,7,Tue,0
id640802,2024-07-16,CreditCard,Camacho Page and Fuentes,Grocery,2790,0,-2790,3,7,Tue,0
id343935,2024-07-16,CreditCard,Graves Ltd,Tax,9040,0,-9040,3,7,Tue,0
id837228,2024-07-16,Cash,Roberts Adams and Mccoy,Tax,4654,0,-4654,3,7,Tue,0
id164144,2024-07-16,CreditCard,Robertson Lopez and Brown,School,9395,0,-9395,3,7,Tue,0
id148875,2024-07-16,Cash,Terry-Davis,Fuel,1295,0,-1295,3,7,Tue,0
id917524,2024-07-17,CreditCard,Gardner Matthews and Stafford,Investment,9780,0,-9780,3,7,Wed,1
id844807,2024-07-17,CreditCard,Silva Martin and Cook,Books,377,0,-377,3,7,Wed,0
id320343,2024-07-17,CheckingAccount,Cleaning,Hire,9994,0,-9994,3,7,Wed,0
id180803,2024-07-17,Cash,Ramos LLC,Investment,5300,0,-5300,3,7,Wed,1
id727989,2024-07-17,CheckingAccount,Coleman and Sons,Fuel,5772,0,-5772,3,7,Wed,0
id926904,2024-07-17,CheckingAccount,Camacho-Robinson,Investment,6551,0,-6551,3,7,Wed,1
id619916,2024-07-17,CheckingAccount,Smith LLC,Dinner,8812,0,-8812,3,7,Wed,0
id346701,2024-07-18,CheckingAccount,Meyer-Edwards,House,3579,0,-3579,3,7,Thu,0
id492968,2024-07-18,CheckingAccount,Knight-Cummings,House,3000,0,-3000,3,7,Thu,0
id412879,2024-07-18,Cash,Patterson-Haney,Insurance,2987,0,-2987,3,7,Thu,0
id601291,2024-07-18,CreditCard,Morris-Collins,Insurance,608,0,-608,3,7,Thu,0
id891866,2024-07-19,CheckingAccount,Padilla White and Chen,Tax,2820,0,-2820,3,7,Fri,0
id596016,2024-07-19,CreditCard,Morris-Smith,Insurance,7389,0,-7389,3,7,Fri,0
id869119,2024-07-19,SavingsBank,Harrison Spence and Garcia,Telephone,9969,0,-9969,3,7,Fri,0
id539419,2024-07-20,SavingsBank,Wright Inc,Dinner,8662,0,-8662,3,7,Sat,0
id886437,2024-07-20,SavingsBank,Russell LLC,Telephone,3847,0,-3847,3,7,Sat,0
id612562,2024-07-21,CheckingAccount,Diaz-Reilly,Dinner,2903,0,-2903,3,7,Sun,0
id439453,2024-07-21,SavingsBank,Flores Inc,Tax,2807,0,-2807,3,7,Sun,0
id805195,2024-07-21,CreditCard,Johnson-Miller,Investment,6613,0,-6613,3,7,Sun,1
id519853,2024-07-21,CreditCard,Page-Wilson,Insurance,9182,0,-9182,3,7,Sun,0
id536373,2024-07-21,CheckingAccount,James Ruiz and Garza,Books,7266,0,-7266,3,7,Sun,0
id454733,2024-07-21,Cash,Gonzalez Thompson and Barrera,Fuel,3272,0,-3272,3,7,Sun,0
id786115,2024-07-21,CreditCard,Warren Inc,Books,1403,0,-1403,3,7,Sun,0
id639684,2024-07-21,CreditCard,Brooks Taylor and Torres,Internet,4710,0,-4710,3,7,Sun,0
id786054,2024-07-21,CheckingAccount,Nelson Miller and Cannon,House,7636,0,-7636,3,7,Sun,0
id916669,2024-07-22,Cash,Hickman Thompson and Hayes,School,412,0,-412,3,7,Mon,0
id683269,2024-07-22,CheckingAccount,Garza-Ayala,School,8372,0,-8372,3,7,Mon,0
id618244,2024-07-22,CreditCard,Williams-Roberson,Telephone,1286,0,-1286,3,7,Mon,0
id659751,2024-07-22,CreditCard,Waters Ltd,Books,4279,0,-4279,3,7,Mon,0
id899596,2024-07-22,SavingsBank,Interest,Interest,0,9938,9938,3,7,Mon,0
id422590,2024-07-22,CreditCard,Graves LLC,Telephone,6720,0,-6720,3,7,Mon,0
id848900,2024-07-22,CheckingAccount,Gomez Martinez and Galvan,Telephone,2368,0,-2368,3,7,Mon,0
id122152,2024-07-22,Cash,Lara Thomas and Davis,Internet,7090,0,-7090,3,7,Mon,0
id831813,2024-07-22,CreditCard,Taylor-Green,Grocery,7076,0,-7076,3,7,Mon,0
id593014,2024-07-23,CheckingAccount,Morgan PLC,Grocery,9340,0,-9340,3,7,Tue,0
id301908,2024-07-23,SavingsBank,Short Group,School,6878,0,-6878,3,7,Tue,0
id157348,2024-07-23,CheckingAccount,Carter Nelson and Walker,Dinner,786,0,-786,3,7,Tue,0
id713801,2024-07-23,Cash,Evans-Jacobs,Tax,4482,0,-4482,3,7,Tue,0
id579176,2024-07-24,CheckingAccount,Anderson-Rollins,Fuel,3656,0,-3656,3,7,Wed,0
id573194,2024-07-24,SavingsBank,Salary,Salary,0,120420,120420,3,7,Wed,0
id697684,2024-07-24,CheckingAccount,Odonnell Carroll and Hernandez,Grocery,3545,0,-3545,3,7,Wed,0
id767447,2024-07-24,CheckingAccount,Payne Inc,Tax,6440,0,-6440,3,7,Wed,0
id935421,2024-07-24,CheckingAccount,Watkins PLC,Dinner,4017,0,-4017,3,7,Wed,0
id206321,2024-07-24,CheckingAccount,Stephenson and Sons,Internet,4040,0,-4040,3,7,Wed,0
id771021,2024-07-25,CreditCard,Malone Faulkner and Carter,Books,7495,0,-7495,3,7,Thu,0
id496030,2024-07-25,CheckingAccount,Cleaning,Hire,3566,0,-3566,3,7,Thu,0
id208489,2024-07-25,SavingsBank,Interest,Interest,0,2775,2775,3,7,Thu,0
id485922,2024-07-26,SavingsBank,Rivera Morales and Williams,Grocery,2918,0,-2918,3,7,Fri,0
id636484,2024-07-26,Cash,Long Group,Fuel,727,0,-727,3,7,Fri,0
id803069,2024-07-26,Cash,Johnson PLC,Investment,1764,0,-1764,3,7,Fri,1
id287610,2024-07-26,Cash,Rose-Clark,Investment,1431,0,-1431,3,7,Fri,1
id951970,2024-07-26,CheckingAccount,Carroll Jones and Barton,Books,8821,0,-8821,3,7,Fri,0
id753485,2024-07-26,Cash,Lewis White and Shannon,Dinner,5946,0,-5946,3,7,Fri,0
id939115,2024-07-27,Cash,Brown LLC,Insurance,5144,0,-5144,3,7,Sat,0
id160999,2024-07-27,CreditCard,Patterson Group,Dinner,4143,0,-4143,3,7,Sat,0
id197848,2024-07-27,SavingsBank,Dividend,Dividend,0,9025,9025,3,7,Sat,0
id613497,2024-07-27,SavingsBank,Hall-Bradley,Insurance,2253,0,-2253,3,7,Sat,0
id270342,2024-07-27,SavingsBank,Dividend,Dividend,0,469,469,3,7,Sat,0
id247581,2024-07-27,Cash,Navarro PLC,School,1173,0,-1173,3,7,Sat,0
id294126,2024-07-27,Cash,Hansen Ltd,Telephone,2284,0,-2284,3,7,Sat,0
id259336,2024-07-28,SavingsBank,Braun-Erickson,House,3929,0,-3929,3,7,Sun,0
id281240,2024-07-28,Cash,Brown-Robinson,School,4363,0,-4363,3,7,Sun,0
id485077,2024-07-28,SavingsBank,Interest,Interest,0,6773,6773,3,7,Sun,0
id769175,2024-07-28,CreditCard,Sullivan Gibson and Frazier,Insurance,7489,0,-7489,3,7,Sun,0
id244428,2024-07-28,Cash,Harris Powell and Bennett,Internet,6334,0,-6334,3,7,Sun,0
id790809,2024-07-28,CreditCard,Mcmillan-Glass,Internet,6422,0,-6422,3,7,Sun,0
id202787,2024-07-28,SavingsBank,Dividend,Dividend,0,2092,2092,3,7,Sun,0
id608604,2024-07-28,CreditCard,Durham PLC,Telephone,9888,0,-9888,3,7,Sun,0
id317871,2024-07-28,SavingsBank,Dividend,Dividend,0,3065,3065,3,7,Sun,0
id450266,2024-07-29,CheckingAccount,Hampton Inc,Dinner,3440,0,-3440,3,7,Mon,0
id213826,2024-07-29,SavingsBank,Wilkinson Smith and Roberts,Books,9655,0,-9655,3,7,Mon,0
id470057,2024-07-29,CreditCard,Ramos LLC,Investment,9280,0,-9280,3,7,Mon,1
id595242,2024-07-30,CreditCard,Cole LLC,House,5963,0,-5963,3,7,Tue,0
id255682,2024-07-31,CreditCard,Driver,Hire,4011,0,-4011,3,7,Wed,0
id951470,2024-07-31,Cash,Mullen Ltd,House,2634,0,-2634,3,7,Wed,0
id617593,2024-07-31,SavingsBank,Hughes Bryan and Freeman,Internet,6174,0,-6174,3,7,Wed,0
id140749,2024-07-31,Cash,Cab,Hire,7874,0,-7874,3,7,Wed,0
id484955,2024-07-31,CreditCard,Davidson Salazar and Davis,Books,7609,0,-7609,3,7,Wed,0
id886179,2024-07-31,Cash,Harris-Ramsey,Internet,8572,0,-8572,3,7,Wed,0
id961574,2024-07-31,SavingsBank,Hernandez Booth and Peck,Insurance,2020,0,-2020,3,7,Wed,0
id928078,2024-08-01,CreditCard,Atkins Martin and Vargas,Dinner,6420,0,-6420,3,8,Thu,0
id556728,2024-08-01,CreditCard,Stone Castillo and Erickson,Investment,6266,0,-6266,3,8,Thu,1
id199319,2024-08-01,SavingsBank,Carpenter-Reeves,Tax,7077,0,-7077,3,8,Thu,0
id817616,2024-08-01,CheckingAccount,Ellis and Sons,Telephone,6621,0,-6621,3,8,Thu,0
id468396,2024-08-01,SavingsBank,Roberts Berry and Foster,Dinner,3002,0,-3002,3,8,Thu,0
id823187,2024-08-01,Cash,Roberts-Brown,House,7209,0,-7209,3,8,Thu,0
id909899,2024-08-01,CheckingAccount,Sanders and Sons,Internet,8970,0,-8970,3,8,Thu,0
id351837,2024-08-01,CheckingAccount,Ellis PLC,Internet,9735,0,-9735,3,8,Thu,0
id779056,2024-08-01,CreditCard,Johnson Anderson and Holmes,Books,3697,0,-3697,3,8,Thu,0
id921754,2024-08-02,Cash,Kennedy Group,Grocery,9528,0,-9528,3,8,Fri,0
id165254,2024-08-02,Cash,Blackwell Group,Tax,3666,0,-3666,3,8,Fri,0
id755341,2024-08-02,SavingsBank,Hardin PLC,School,1296,0,-1296,3,8,Fri,0
id751449,2024-08-02,SavingsBank,Lopez Inc,Fuel,6130,0,-6130,3,8,Fri,0
id370034,2024-08-02,Cash,Smith and Sons,Telephone,3528,0,-3528,3,8,Fri,0
id425875,2024-08-02,SavingsBank,Newton Group,Dinner,3469,0,-3469,3,8,Fri,0
id395517,2024-08-03,Cash,Perez-Joyce,Insurance,7059,0,-7059,3,8,Sat,0
id411710,2024-08-03,CreditCard,Cab,Hire,8396,0,-8396,3,8,Sat,0
id149020,2024-08-03,Cash,Driver,Hire,3714,0,-3714,3,8,Sat,0
id343915,2024-08-03,CreditCard,Robinson and Sons,School,4476,0,-4476,3,8,Sat,0
id325521,2024-08-03,Cash,Stewart-Bowman,Books,5474,0,-5474,3,8,Sat,0
id149832,2024-08-03,Cash,Bryant-Moreno,Grocery,4221,0,-4221,3,8,Sat,0
id412972,2024-08-03,CreditCard,Wright Group,House,4274,0,-4274,3,8,Sat,0
id800671,2024-08-03,CheckingAccount,Lowery Banks and Price,House,7480,0,-7480,3,8,Sat,0
id978595,2024-08-04,Cash,York Inc,Investment,1733,0,-1733,3,8,Sun,1
id627765,2024-08-04,CheckingAccount,Burns-Mason,Fuel,7803,0,-7803,3,8,Sun,0
id985174,2024-08-04,CheckingAccount,Sanchez-Anderson,Tax,3579,0,-3579,3,8,Sun,0
id744613,2024-08-04,CreditCard,Cole Ltd,Telephone,7732,0,-7732,3,8,Sun,0
id403552,2024-08-04,CheckingAccount,Martinez Clayton and Cox,Telephone,3700,0,-3700,3,8,Sun,0
id755883,2024-08-04,SavingsBank,Dividend,Dividend,0,5971,5971,3,8,Sun,0
id270493,2024-08-04,SavingsBank,Mcclain Inc,Grocery,8647,0,-8647,3,8,Sun,0
id601530,2024-08-04,Cash,Irwin PLC,Investment,4484,0,-4484,3,8,Sun,1
id759830,2024-08-05,Cash,Knight Group,Fuel,302,0,-302,3,8,Mon,0
id146551,2024-08-05,CheckingAccount,Martinez Dickson and Pearson,Telephone,3609,0,-3609,3,8,Mon,0
id788734,2024-08-05,CreditCard,Miller Bryant and Clark,Internet,4221,0,-4221,3,8,Mon,0
id421856,2024-08-05,CreditCard,Andrews Ltd,Telephone,5467,0,-5467,3,8,Mon,0
id768728,2024-08-05,SavingsBank,Salary,Salary,0,25410,25410,3,8,Mon,0
id347238,2024-08-05,CreditCard,Thompson West and Williams,Investment,8259,0,-8259,3,8,Mon,1
id826316,2024-08-05,SavingsBank,Holder Torres and Bond,School,6884,0,-6884,3,8,Mon,0
id963783,2024-08-05,Cash,Cab,Hire,6509,0,-6509,3,8,Mon,0
id570093,2024-08-06,Cash,King and Sons,Grocery,6103,0,-6103,3,8,Tue,0
id540903,2024-08-06,CreditCard,Phillips Group,Investment,8775,0,-8775,3,8,Tue,1
id796012,2024-08-06,Cash,Haynes-Cantu,Dinner,1148,0,-1148,3,8,Tue,0
id133146,2024-08-06,SavingsBank,Cleaning,Hire,8696,0,-8696,3,8,Tue,0
id190106,2024-08-06,CheckingAccount,Oconnor Simpson and Taylor,Books,4450,0,-4450,3,8,Tue,0
id830216,2024-08-06,CreditCard,Bennett Ltd,Insurance,1447,0,-1447,3,8,Tue,0
id881684,2024-08-06,SavingsBank,Thomas Ltd,Fuel,470,0,-470,3,8,Tue,0
id639783,2024-08-06,SavingsBank,Carson Ltd,Insurance,9569,0,-9569,3,8,Tue,0
id926410,2024-08-06,SavingsBank,Soto Oconnor and Frazier,Books,5924,0,-5924,3,8,Tue,0
id797172,2024-08-06,Cash,Le-Wilson,Insurance,942,0,-942,3,8,Tue,0
id769937,2024-08-07,CheckingAccount,Johnson LLC,Telephone,5046,0,-5046,3,8,Wed,0
id995715,2024-08-07,Cash,Driver,Hire,4842,0,-4842,3,8,Wed,0
id495677,2024-08-07,SavingsBank,Ray Perez and Ruiz,Fuel,322,0,-322,3,8,Wed,0
id497283,2024-08-07,CreditCard,Gill-Rodriguez,House,6294,0,-6294,3,8,Wed,0
id491232,2024-08-07,CheckingAccount,Richardson PLC,Fuel,6853,0,-6853,3,8,Wed,0
id879158,2024-08-07,Cash,Zuniga Inc,Dinner,9886,0,-9886,3,8,Wed,0
id323660,2024-08-07,CreditCard,Cardenas Ltd,Grocery,2542,0,-2542,3,8,Wed,0
id119139,2024-08-08,CheckingAccount,Smith Inc,School,7333,0,-7333,3,8,Thu,0
id469356,2024-08-08,CheckingAccount,Knox Ltd,House,6054,0,-6054,3,8,Thu,0
id931141,2024-08-08,Cash,Morris LLC,Investment,2286,0,-2286,3,8,Thu,1
id936092,2024-08-08,SavingsBank,Salary,Salary,0,75660,75660,3,8,Thu,0
id751944,2024-08-08,CheckingAccount,Cleaning,Hire,3105,0,-3105,3,8,Thu,0
id689371,2024-08-08,CheckingAccount,Price and Sons,Dinner,7141,0,-7141,3,8,Thu,0
id928994,2024-08-08,CheckingAccount,Clark Inc,School,202,0,-202,3,8,Thu,0
id387291,2024-08-08,CheckingAccount,Burke-Watkins,School,9244,0,-9244,3,8,Thu,0
id510310,2024-08-08,SavingsBank,Bailey-Little,Investment,5239,0,-5239,3,8,Thu,1
id264169,2024-08-08,Cash,Woodard-Perry,Dinner,7414,0,-7414,3,8,Thu,0
id233186,2024-08-09,Cash,Garcia Williams and Vega,Tax,5525,0,-5525,3,8,Fri,0
id741863,2024-08-09,CheckingAccount,Little Moore and Phelps,Insurance,3379,0,-3379,3,8,Fri,0
id737252,2024-08-09,CheckingAccount,Luna Inc,Insurance,4104,0,-4104,3,8,Fri,0
id506648,2024-08-09,Cash,Turner Nash and Gallegos,Tax,8748,0,-8748,3,8,Fri,0
id850194,2024-08-09,CheckingAccount,Cab,Hire,9090,0,-9090,3,8,Fri,0
id613274,2024-08-09,Cash,Kramer-Cruz,School,2382,0,-2382,3,8,Fri,0
id983867,2024-08-09,CheckingAccount,Caldwell-Morrison,Fuel,9440,0,-9440,3,8,Fri,0
id244162,2024-08-09,CheckingAccount,Pugh Johnson and Diaz,Insurance,8117,0,-8117,3,8,Fri,0
id484280,2024-08-10,Cash,Miller Ltd,Tax,5718,0,-5718,3,8,Sat,0
id862854,2024-08-10,CreditCard,Crawford LLC,Fuel,5434,0,-5434,3,8,Sat,0
id733175,2024-08-10,CheckingAccount,Brown LLC,Fuel,6759,0,-6759,3,8,Sat,0
id364587,2024-08-10,Cash,Ellis Group,Grocery,8437,0,-8437,3,8,Sat,0
id210760,2024-08-10,CreditCard,Duran-Nelson,Insurance,1584,0,-1584,3,8,Sat,0
id417115,2024-08-10,Cash,Murphy LLC,Dinner,8876,0,-8876,3,8,Sat,0
id834593,2024-08-10,CreditCard,Parks-Rivera,Books,4951,0,-4951,3,8,Sat,0
id660492,2024-08-10,CheckingAccount,Sanchez-Martinez,Telephone,4178,0,-4178,3,8,Sat,0
id458160,2024-08-10,SavingsBank,Holmes Group,School,5815,0,-5815,3,8,Sat,0
id113691,2024-08-10,Cash,Hoover LLC,Telephone,957,0,-957,3,8,Sat,0
id785022,2024-08-10,SavingsBank,Driver,Hire,1849,0,-1849,3,8,Sat,0
id493118,2024-08-10,SavingsBank,Wright Bishop and Coleman,Internet,7716,0,-7716,3,8,Sat,0
id428190,2024-08-10,Cash,Green Kennedy and Bradford,Internet,4363,0,-4363,3,8,Sat,0
id606956,2024-08-10,CheckingAccount,Franklin-Daugherty,House,473,0,-473,3,8,Sat,0
id776001,2024-08-11,SavingsBank,Guzman Russell and Marks,Dinner,2785,0,-2785,3,8,Sun,0
id840954,2024-08-11,Cash,Peck Ltd,Dinner,9836,0,-9836,3,8,Sun,0
id204594,2024-08-11,Cash,Cruz Group,Grocery,7414,0,-7414,3,8,Sun,0
id477513,2024-08-11,SavingsBank,Holland PLC,Grocery,4189,0,-4189,3,8,Sun,0
id442292,2024-08-11,SavingsBank,Davis-Walker,Investment,1542,0,-1542,3,8,Sun,1
id372337,2024-08-11,CheckingAccount,Driver,Hire,4144,0,-4144,3,8,Sun,0
id277366,2024-08-11,CheckingAccount,Smith and Sons,House,5724,0,-5724,3,8,Sun,0
id995178,2024-08-11,Cash,Cleaning,Hire,252,0,-252,3,8,Sun,0
id226390,2024-08-11,Cash,Kerr Ltd,Tax,1863,0,-1863,3,8,Sun,0
id813399,2024-08-11,Cash,Wallace-Williams,Dinner,4505,0,-4505,3,8,Sun,0
id124025,2024-08-11,Cash,Driver,Hire,8039,0,-8039,3,8,Sun,0
id628889,2024-08-11,Cash,Olson LLC,Investment,9997,0,-9997,3,8,Sun,1
id990511,2024-08-11,CheckingAccount,Gilbert-Cervantes,Tax,6968,0,-6968,3,8,Sun,0
id441193,2024-08-11,CheckingAccount,Martinez Ford and Carey,Telephone,7008,0,-7008,3,8,Sun,0
id983297,2024-08-11,SavingsBank,Gonzalez LLC,Investment,2909,0,-2909,3,8,Sun,1
id367831,2024-08-11,Cash,Myers-Guerra,School,5203,0,-5203,3,8,Sun,0
id971409,2024-08-12,Cash,Leach Inc,School,2503,0,-2503,3,8,Mon,0
id187237,2024-08-12,SavingsBank,Rodriguez Ltd,Internet,1764,0,-1764,3,8,Mon,0
id233037,2024-08-12,CheckingAccount,Schneider-Edwards,House,4854,0,-4854,3,8,Mon,0
id682399,2024-08-12,CreditCard,Howell Boyd and Snyder,Tax,2007,0,-2007,3,8,Mon,0
id383832,2024-08-12,CreditCard,Bryant and Sons,House,7825,0,-7825,3,8,Mon,0
id488425,2024-08-12,CreditCard,Accountant,Hire,9060,0,-9060,3,8,Mon,0
id651549,2024-08-12,CreditCard,Summers Larson and Peterson,Investment,7805,0,-7805,3,8,Mon,1
id786949,2024-08-12,CreditCard,King-Myers,Telephone,503,0,-503,3,8,Mon,0
id877403,2024-08-13,CreditCard,Smith PLC,Investment,9935,0,-9935,3,8,Tue,1
id841084,2024-08-13,CheckingAccount,Phillips-Wagner,Investment,3411,0,-3411,3,8,Tue,1
id875024,2024-08-13,CreditCard,Bryant Group,School,4727,0,-4727,3,8,Tue,0
id373618,2024-08-13,CheckingAccount,Page-Henry,Dinner,5158,0,-5158,3,8,Tue,0
id607716,2024-08-13,Cash,Cab,Hire,2894,0,-2894,3,8,Tue,0
id430810,2024-08-14,CheckingAccount,Walton Wells and Williams,Fuel,6440,0,-6440,3,8,Wed,0
id172403,2024-08-14,Cash,Singh-Petty,Dinner,1137,0,-1137,3,8,Wed,0
id988743,2024-08-14,SavingsBank,Dividend,Dividend,0,2105,2105,3,8,Wed,0
id934934,2024-08-14,CheckingAccount,Gonzalez-Padilla,Fuel,8426,0,-8426,3,8,Wed,0
id881484,2024-08-14,CreditCard,Blake-Henry,Fuel,5953,0,-5953,3,8,Wed,0
id432232,2024-08-14,CheckingAccount,Nguyen Martinez and Randall,Books,9110,0,-9110,3,8,Wed,0
id452229,2024-08-14,Cash,Maxwell-Wood,Grocery,442,0,-442,3,8,Wed,0
id616795,2024-08-15,Cash,Palmer Martinez and Flores,Fuel,3099,0,-3099,3,8,Thu,0
id396830,2024-08-15,SavingsBank,Interest,Interest,0,344,344,3,8,Thu,0
id394774,2024-08-15,CreditCard,Ayala LLC,Grocery,8150,0,-8150,3,8,Thu,0
id951602,2024-08-15,SavingsBank,Grant Schmidt and Roberts,Tax,2569,0,-2569,3,8,Thu,0
id860212,2024-08-15,SavingsBank,Young Inc,Fuel,6953,0,-6953,3,8,Thu,0
id741717,2024-08-15,SavingsBank,Dividend,Dividend,0,5785,5785,3,8,Thu,0
id128998,2024-08-16,SavingsBank,Driver,Hire,351,0,-351,3,8,Fri,0
id990127,2024-08-16,SavingsBank,Kim Rosales and Oliver,Fuel,8258,0,-8258,3,8,Fri,0
id179413,2024-08-16,SavingsBank,Interest,Interest,0,9595,9595,3,8,Fri,0
id613696,2024-08-16,SavingsBank,Dividend,Dividend,0,2688,2688,3,8,Fri,0
id757091,2024-08-16,SavingsBank,Dividend,Dividend,0,9399,9399,3,8,Fri,0
id189929,2024-08-16,CheckingAccount,Contreras Inc,Grocery,1595,0,-1595,3,8,Fri,0
id926056,2024-08-16,SavingsBank,Cleaning,Hire,6099,0,-6099,3,8,Fri,0
id857141,2024-08-16,CreditCard,Moore-Davis,Grocery,8805,0,-8805,3,8,Fri,0
id380707,2024-08-17,SavingsBank,Salary,Salary,0,70620,70620,3,8,Sat,0
id517471,2024-08-17,Cash,Brown Group,Dinner,7531,0,-7531,3,8,Sat,0
id227373,2024-08-17,SavingsBank,Salary,Salary,0,98175,98175,3,8,Sat,0
id334891,2024-08-17,CreditCard,Hopkins Lee and Taylor,Books,7015,0,-7015,3,8,Sat,0
id481019,2024-08-17,CreditCard,Love Nunez and Hernandez,Internet,9993,0,-9993,3,8,Sat,0
id791114,2024-08-17,Cash,Cab,Hire,2143,0,-2143,3,8,Sat,0
id644354,2024-08-17,Cash,Collins-Robinson,Telephone,8092,0,-8092,3,8,Sat,0
id554776,2024-08-17,SavingsBank,Driver,Hire,7085,0,-7085,3,8,Sat,0
id360756,2024-08-17,SavingsBank,Hall-Singh,Tax,4468,0,-4468,3,8,Sat,0
id276625,2024-08-17,Cash,Browning and Sons,Books,377,0,-377,3,8,Sat,0
id578014,2024-08-17,CheckingAccount,Greer-Torres,Internet,7724,0,-7724,3,8,Sat,0
id285951,2024-08-18,CheckingAccount,Accountant,Hire,1908,0,-1908,3,8,Sun,0
id852641,2024-08-18,CreditCard,Hudson Munoz and Ramos,School,1452,0,-1452,3,8,Sun,0
id451584,2024-08-18,CreditCard,Hall LLC,Insurance,9684,0,-9684,3,8,Sun,0
id588014,2024-08-18,SavingsBank,Noble-Haley,Dinner,2063,0,-2063,3,8,Sun,0
id676775,2024-08-18,CheckingAccount,Martin-Underwood,House,9076,0,-9076,3,8,Sun,0
id780538,2024-08-19,CheckingAccount,Martin-Huff,Tax,7387,0,-7387,3,8,Mon,0
id128620,2024-08-19,CheckingAccount,Cab,Hire,5798,0,-5798,3,8,Mon,0
id372351,2024-08-19,SavingsBank,Sanders-Cameron,Internet,3874,0,-3874,3,8,Mon,0
id154541,2024-08-20,CreditCard,Little Blackwell and Watkins,Insurance,906,0,-906,3,8,Tue,0
id281178,2024-08-20,CreditCard,Bowers Ltd,Tax,1727,0,-1727,3,8,Tue,0
id326198,2024-08-20,CreditCard,Phillips-Green,Insurance,3489,0,-3489,3,8,Tue,0
id683325,2024-08-20,CreditCard,Wilson Gray and Adams,Grocery,3752,0,-3752,3,8,Tue,0
id853851,2024-08-20,Cash,Rosales-Parker,Insurance,8868,0,-8868,3,8,Tue,0
id837636,2024-08-20,Cash,Sawyer and Sons,Internet,4455,0,-4455,3,8,Tue,0
id224154,2024-08-21,CheckingAccount,Ford Chan and Carpenter,House,6973,0,-6973,3,8,Wed,0
id172561,2024-08-21,CreditCard,Parker PLC,Grocery,1966,0,-1966,3,8,Wed,0
id267818,2024-08-21,Cash,Murphy Ltd,Insurance,1779,0,-1779,3,8,Wed,0
id447541,2024-08-21,Cash,Ruiz Ltd,Internet,2490,0,-2490,3,8,Wed,0
id849371,2024-08-21,CreditCard,Thompson Rodriguez and Mccoy,Fuel,8123,0,-8123,3,8,Wed,0
id157374,2024-08-21,CreditCard,Davis-Campbell,Investment,8024,0,-8024,3,8,Wed,1
id448194,2024-08-22,CreditCard,Wood Byrd and Wilson,Telephone,8602,0,-8602,3,8,Thu,0
id843871,2024-08-22,CheckingAccount,Davis LLC,House,2033,0,-2033,3,8,Thu,0
id926773,2024-08-22,SavingsBank,Camacho-Peters,Grocery,1448,0,-1448,3,8,Thu,0
id122248,2024-08-22,SavingsBank,Shelton LLC,Fuel,5159,0,-5159,3,8,Thu,0
id994529,2024-08-22,Cash,Boyd Lopez and Mccullough,Tax,8650,0,-8650,3,8,Thu,0
id746118,2024-08-22,CreditCard,Hoover PLC,Tax,2699,0,-2699,3,8,Thu,0
id951536,2024-08-22,CheckingAccount,Kelly Mclaughlin and Finley,Dinner,2561,0,-2561,3,8,Thu,0
id860162,2024-08-22,Cash,Cab,Hire,9152,0,-9152,3,8,Thu,0
id576831,2024-08-23,CreditCard,Jacobs Kim and Bryant,Tax,1973,0,-1973,3,8,Fri,0
id733848,2024-08-23,CreditCard,Ali LLC,Internet,4757,0,-4757,3,8,Fri,0
id925529,2024-08-23,CheckingAccount,Brown PLC,Tax,9632,0,-9632,3,8,Fri,0
id360501,2024-08-23,SavingsBank,Interest,Interest,0,6748,6748,3,8,Fri,0
id605004,2024-08-23,CheckingAccount,Accountant,Hire,6455,0,-6455,3,8,Fri,0
id174838,2024-08-23,CheckingAccount,Hubbard Cook and Lawson,Telephone,3542,0,-3542,3,8,Fri,0
id346432,2024-08-24,SavingsBank,Davis Diaz and Allen,School,1357,0,-1357,3,8,Sat,0
id122307,2024-08-24,CheckingAccount,Williams Palmer and Miller,School,173,0,-173,3,8,Sat,0
id417240,2024-08-24,SavingsBank,Cab,Hire,1995,0,-1995,3,8,Sat,0
id433173,2024-08-25,Cash,Evans Simmons and Russo,Grocery,3240,0,-3240,3,8,Sun,0
id773331,2024-08-25,CheckingAccount,Pineda Gonzalez and Hernandez,Tax,3142,0,-3142,3,8,Sun,0
id572004,2024-08-25,CreditCard,Horn Group,Tax,2195,0,-2195,3,8,Sun,0
id953466,2024-08-25,CreditCard,Cleaning,Hire,6533,0,-6533,3,8,Sun,0
id669274,2024-08-25,CheckingAccount,Wilson-Mccarthy,Insurance,9337,0,-9337,3,8,Sun,0
id992144,2024-08-25,CheckingAccount,Brooks Castro and Crane,Fuel,8459,0,-8459,3,8,Sun,0
id855477,2024-08-25,Cash,Lee-Fernandez,Books,9102,0,-9102,3,8,Sun,0
id207442,2024-08-25,SavingsBank,Salary,Salary,0,95970,95970,3,8,Sun,0
id836233,2024-08-26,CreditCard,Wilson Burns and Young,School,2817,0,-2817,3,8,Mon,0
id318715,2024-08-26,CreditCard,Bridges Robinson and West,Telephone,7590,0,-7590,3,8,Mon,0
id304678,2024-08-26,CreditCard,Thomas LLC,Insurance,7848,0,-7848,3,8,Mon,0
id895048,2024-08-26,CheckingAccount,Smith LLC,Investment,4058,0,-4058,3,8,Mon,1
id378501,2024-08-26,SavingsBank,Kim-Grant,Fuel,7518,0,-7518,3,8,Mon,0
id977995,2024-08-26,CreditCard,Campos and Sons,Dinner,2079,0,-2079,3,8,Mon,0
id427998,2024-08-26,CheckingAccount,Macdonald Graham and Garcia,Investment,2461,0,-2461,3,8,Mon,1
id205818,2024-08-26,SavingsBank,Butler-Hahn,Telephone,2221,0,-2221,3,8,Mon,0
id817158,2024-08-27,CreditCard,Powell Ltd,Investment,7849,0,-7849,3,8,Tue,1
id572162,2024-08-27,CheckingAccount,Howard-Davis,Tax,6259,0,-6259,3,8,Tue,0
id120869,2024-08-27,SavingsBank,Interest,Interest,0,4058,4058,3,8,Tue,0
id495172,2024-08-27,SavingsBank,Accountant,Hire,2897,0,-2897,3,8,Tue,0
id830086,2024-08-27,CreditCard,Mcmillan and Sons,House,868,0,-868,3,8,Tue,0
id136976,2024-08-27,CreditCard,Ware Watson and Morgan,Grocery,6387,0,-6387,3,8,Tue,0
id346069,2024-08-28,SavingsBank,Fletcher-Cummings,Internet,9242,0,-9242,3,8,Wed,0
id259768,2024-08-28,SavingsBank,Dividend,Dividend,0,4622,4622,3,8,Wed,0
id999224,2024-08-28,Cash,May-Rios,Dinner,2990,0,-2990,3,8,Wed,0
id529046,2024-08-28,SavingsBank,Interest,Interest,0,2521,2521,3,8,Wed,0
id275096,2024-08-28,CreditCard,Ramirez LLC,Dinner,1060,0,-1060,3,8,Wed,0
id502860,2024-08-28,SavingsBank,Cab,Hire,4297,0,-4297,3,8,Wed,0
id792441,2024-08-29,Cash,Williams Goodwin and Price,Investment,3329,0,-3329,3,8,Thu,1
id404378,2024-08-29,CheckingAccount,Porter Inc,House,3368,0,-3368,3,8,Thu,0
id184081,2024-08-29,SavingsBank,Cab,Hire,2439,0,-2439,3,8,Thu,0
id275549,2024-08-30,CreditCard,Rodriguez Group,School,7192,0,-7192,3,8,Fri,0
id590750,2024-08-30,SavingsBank,Bruce-Yoder,Grocery,6118,0,-6118,3,8,Fri,0
id540605,2024-08-30,Cash,Blevins-Ward,Dinner,4095,0,-4095,3,8,Fri,0
id972271,2024-08-30,SavingsBank,Snyder PLC,House,1250,0,-1250,3,8,Fri,0
id568485,2024-08-30,CreditCard,Hansen LLC,Fuel,3825,0,-3825,3,8,Fri,0
id941220,2024-08-31,SavingsBank,Joseph-Fry,Books,7605,0,-7605,3,8,Sat,0
id276536,2024-08-31,CheckingAccount,Carroll-Gomez,School,2008,0,-2008,3,8,Sat,0
id243286,2024-08-31,CheckingAccount,Gordon-Greer,Fuel,4765,0,-4765,3,8,Sat,0
id209277,2024-08-31,CheckingAccount,Bryan-Cochran,Grocery,1707,0,-1707,3,8,Sat,0
id383907,2024-08-31,SavingsBank,Cab,Hire,137,0,-137,3,8,Sat,0
id389288,2024-08-31,CreditCard,Carter-Carter,Grocery,3175,0,-3175,3,8,Sat,0
id712587,2024-09-01,CreditCard,Church-Francis,Insurance,5935,0,-5935,3,9,Sun,0
id535687,2024-09-01,CheckingAccount,Pruitt-Walker,Investment,9688,0,-9688,3,9,Sun,1
id442604,2024-09-01,SavingsBank,Dividend,Dividend,0,8932,8932,3,9,Sun,0
id984766,2024-09-01,CreditCard,Mccormick-Durham,Grocery,8970,0,-8970,3,9,Sun,0
id890647,2024-09-02,SavingsBank,Johnson Ltd,School,2666,0,-2666,3,9,Mon,0
id218851,2024-09-02,SavingsBank,Long-Owens,Dinner,479,0,-479,3,9,Mon,0
id317890,2024-09-02,Cash,Ellis-White,Fuel,4585,0,-4585,3,9,Mon,0
id323868,2024-09-02,CreditCard,Miller Ferguson and Rodriguez,Dinner,9287,0,-9287,3,9,Mon,0
id698674,2024-09-03,CreditCard,Brown Rivera and Spence,School,5068,0,-5068,3,9,Tue,0
id425559,2024-09-03,SavingsBank,French Baker and Torres,Dinner,5494,0,-5494,3,9,Tue,0
id391824,2024-09-03,CreditCard,Wood-Lopez,Grocery,1227,0,-1227,3,9,Tue,0
id332852,2024-09-03,CheckingAccount,Green Group,Grocery,2673,0,-2673,3,9,Tue,0
id354309,2024-09-03,CheckingAccount,Payne and Sons,Investment,5888,0,-5888,3,9,Tue,1
id898931,2024-09-03,CheckingAccount,Cervantes-Smith,Investment,3632,0,-3632,3,9,Tue,1
id556137,2024-09-03,SavingsBank,Jones Group,Telephone,7074,0,-7074,3,9,Tue,0
id656579,2024-09-04,Cash,Cab,Hire,5686,0,-5686,3,9,Wed,0
id166940,2024-09-04,CheckingAccount,Duncan LLC,Insurance,6739,0,-6739,3,9,Wed,0
id704171,2024-09-04,SavingsBank,Ruiz Lane and Walton,Investment,1149,0,-1149,3,9,Wed,1
id871489,2024-09-04,Cash,West Jensen and Moore,Books,8982,0,-8982,3,9,Wed,0
id817378,2024-09-05,Cash,Wright-Parker,Insurance,3366,0,-3366,3,9,Thu,0
id613374,2024-09-05,Cash,Evans-Perez,Insurance,4826,0,-4826,3,9,Thu,0
id795534,2024-09-05,Cash,Cleaning,Hire,1787,0,-1787,3,9,Thu,0
id383786,2024-09-05,Cash,Sutton Lawrence and Owens,Dinner,6738,0,-6738,3,9,Thu,0
id446063,2024-09-05,CreditCard,Kelley-Tran,House,3977,0,-3977,3,9,Thu,0
id902100,2024-09-05,SavingsBank,Dividend,Dividend,0,2489,2489,3,9,Thu,0
id986875,2024-09-06,SavingsBank,Pena-Woods,Grocery,6087,0,-6087,3,9,Fri,0
id911540,2024-09-06,CreditCard,Gaines-Little,Dinner,120,0,-120,3,9,Fri,0
id430094,2024-09-06,CheckingAccount,Ramirez Lawson and Jones,Fuel,5795,0,-5795,3,9,Fri,0
id374836,2024-09-06,Cash,Duffy-Rodriguez,Telephone,7140,0,-7140,3,9,Fri,0
id992061,2024-09-06,SavingsBank,Dividend,Dividend,0,4644,4644,3,9,Fri,0
id334275,2024-09-06,SavingsBank,Hartman Ltd,Internet,2538,0,-2538,3,9,Fri,0
id825004,2024-09-06,Cash,Martin and Sons,Insurance,5896,0,-5896,3,9,Fri,0
id120782,2024-09-06,Cash,Driver,Hire,5085,0,-5085,3,9,Fri,0
id967876,2024-09-07,SavingsBank,Dividend,Dividend,0,1820,1820,3,9,Sat,0
id750462,2024-09-07,CreditCard,Holland Ltd,Fuel,7766,0,-7766,3,9,Sat,0
id898667,2024-09-07,CreditCard,Klein and Sons,Telephone,1104,0,-1104,3,9,Sat,0
id119776,2024-09-07,Cash,Taylor-Miller,Books,8859,0,-8859,3,9,Sat,0
id386092,2024-09-07,Cash,Atkins Gibbs and Garrison,Dinner,110,0,-110,3,9,Sat,0
id222596,2024-09-07,Cash,Stephenson Butler and Tucker,House,5927,0,-5927,3,9,Sat,0
id411129,2024-09-08,CreditCard,Brewer Inc,Internet,2129,0,-2129,3,9,Sun,0
id483020,2024-09-08,CheckingAccount,Valencia Group,Grocery,5221,0,-5221,3,9,Sun,0
id414977,2024-09-08,CheckingAccount,Barnes-Gonzalez,Telephone,7547,0,-7547,3,9,Sun,0
id991098,2024-09-08,CreditCard,Anderson and Sons,School,8959,0,-8959,3,9,Sun,0
id644175,2024-09-08,CheckingAccount,Peters-Parrish,Dinner,4275,0,-4275,3,9,Sun,0
id940307,2024-09-08,SavingsBank,Dividend,Dividend,0,1094,1094,3,9,Sun,0
id920432,2024-09-09,SavingsBank,Cab,Hire,6970,0,-6970,3,9,Mon,0
id537178,2024-09-09,CheckingAccount,Tran-Oconnor,Fuel,7646,0,-7646,3,9,Mon,0
id512833,2024-09-09,CheckingAccount,Watson-Craig,School,8681,0,-8681,3,9,Mon,0
id562741,2024-09-10,SavingsBank,White Ltd,Internet,7243,0,-7243,3,9,Tue,0
id233117,2024-09-10,CheckingAccount,Garcia PLC,Tax,8866,0,-8866,3,9,Tue,0
id846504,2024-09-10,SavingsBank,Interest,Interest,0,6250,6250,3,9,Tue,0
id573385,2024-09-10,Cash,Driver,Hire,3469,0,-3469,3,9,Tue,0
id400910,2024-09-10,CheckingAccount,Hall Ltd,House,9116,0,-9116,3,9,Tue,0
id270614,2024-09-10,CreditCard,Long-Hunt,Tax,7579,0,-7579,3,9,Tue,0
id402190,2024-09-10,CheckingAccount,Harris Inc,Fuel,5545,0,-5545,3,9,Tue,0
id847323,2024-09-10,CheckingAccount,Donovan Thomas and Baker,Dinner,6563,0,-6563,3,9,Tue,0
id160141,2024-09-11,SavingsBank,Salary,Salary,0,100320,100320,3,9,Wed,0
id130117,2024-09-11,CheckingAccount,Peters-Moore,Investment,5168,0,-5168,3,9,Wed,1
id187410,2024-09-11,CreditCard,Crawford-Krueger,Fuel,5293,0,-5293,3,9,Wed,0
id393822,2024-09-11,CheckingAccount,Powell PLC,House,2917,0,-2917,3,9,Wed,0
id680287,2024-09-11,CheckingAccount,Cleaning,Hire,9702,0,-9702,3,9,Wed,0
id974502,2024-09-12,Cash,Stewart Duffy and Hanna,School,8990,0,-8990,3,9,Thu,0
id175084,2024-09-12,CreditCard,Henderson-Johnson,Telephone,373,0,-373,3,9,Thu,0
id175296,2024-09-12,Cash,Brown Bush and Shaw,School,2364,0,-2364,3,9,Thu,0
id148512,2024-09-12,CreditCard,Myers Ltd,Tax,9492,0,-9492,3,9,Thu,0
id620077,2024-09-12,CheckingAccount,Brown Owens and Carney,Tax,225,0,-225,3,9,Thu,0
id581210,2024-09-13,SavingsBank,Burke-Rodriguez,Grocery,8344,0,-8344,3,9,Fri,0
id316437,2024-09-13,Cash,Allen Arias and Willis,Tax,9883,0,-9883,3,9,Fri,0
id615891,2024-09-13,Cash,Thompson and Sons,House,998,0,-998,3,9,Fri,0
id537469,2024-09-13,CheckingAccount,Arellano-West,School,4657,0,-4657,3,9,Fri,0
id357348,2024-09-13,Cash,Haley-Chase,House,4870,0,-4870,3,9,Fri,0
id310081,2024-09-14,CreditCard,Webb-Davies,Dinner,5193,0,-5193,3,9,Sat,0
id231185,2024-09-14,SavingsBank,Marsh-Harris,School,9237,0,-9237,3,9,Sat,0
id295947,2024-09-14,CreditCard,Young-Clayton,Grocery,9841,0,-9841,3,9,Sat,0
id520592,2024-09-14,Cash,Wilson Walker and Williams,Investment,10000,0,-10000,3,9,Sat,1
id974672,2024-09-14,Cash,Andrade Bell and Hernandez,Fuel,2625,0,-2625,3,9,Sat,0
id287432,2024-09-15,Cash,Green Rodriguez and Johnson,House,8966,0,-8966,3,9,Sun,0
id429580,2024-09-15,SavingsBank,Dividend,Dividend,0,5095,5095,3,9,Sun,0
id720978,2024-09-15,Cash,Cordova Gonzalez and Malone,Internet,7616,0,-7616,3,9,Sun,0
id536333,2024-09-15,SavingsBank,Lawson Buchanan and Gilbert,Telephone,9684,0,-9684,3,9,Sun,0
id342861,2024-09-15,CreditCard,Vazquez PLC,Investment,3308,0,-3308,3,9,Sun,1
id827865,2024-09-15,SavingsBank,Walters Murphy and Ross,Tax,3521,0,-3521,3,9,Sun,0
id132599,2024-09-15,CheckingAccount,Fischer-Harris,Dinner,2759,0,-2759,3,9,Sun,0
id960350,2024-09-15,CreditCard,Baker and Sons,Grocery,3158,0,-3158,3,9,Sun,0
id749541,2024-09-15,SavingsBank,Dividend,Dividend,0,7001,7001,3,9,Sun,0
id307828,2024-09-15,CheckingAccount,Williams PLC,Dinner,4690,0,-4690,3,9,Sun,0
id520333,2024-09-15,SavingsBank,Salary,Salary,0,53160,53160,3,9,Sun,0
id210682,2024-09-15,CheckingAccount,Martin-Young,Fuel,4822,0,-4822,3,9,Sun,0
id256524,2024-09-16,CreditCard,Walker Barber and Harris,Investment,1378,0,-1378,3,9,Mon,1
id769613,2024-09-16,CheckingAccount,Brown-Harvey,Insurance,9302,0,-9302,3,9,Mon,0
id463183,2024-09-16,SavingsBank,Arnold Group,House,5363,0,-5363,3,9,Mon,0
id544862,2024-09-16,CreditCard,Peterson Webb and Jackson,Insurance,357,0,-357,3,9,Mon,0
id926862,2024-09-16,Cash,Montgomery-Walls,Tax,3349,0,-3349,3,9,Mon,0
id386922,2024-09-16,Cash,Accountant,Hire,9271,0,-9271,3,9,Mon,0
id680294,2024-09-16,Cash,Lara-Knight,School,291,0,-291,3,9,Mon,0
id508376,2024-09-16,Cash,Jones LLC,Fuel,2190,0,-2190,3,9,Mon,0
id704618,2024-09-17,CheckingAccount,Dougherty-Thomas,Telephone,826,0,-826,3,9,Tue,0
id428333,2024-09-17,SavingsBank,Finley Group,Insurance,8261,0,-8261,3,9,Tue,0
id652589,2024-09-17,CreditCard,Bell-Oconnor,Books,9458,0,-9458,3,9,Tue,0
id283501,2024-09-17,SavingsBank,Interest,Interest,0,6915,6915,3,9,Tue,0
id867021,2024-09-17,CheckingAccount,Jackson Hawkins and King,Insurance,3662,0,-3662,3,9,Tue,0
id413382,2024-09-17,Cash,Weaver-Bradford,Tax,8947,0,-8947,3,9,Tue,0
id214588,2024-09-17,Cash,Navarro Trujillo and Lopez,Tax,9020,0,-9020,3,9,Tue,0
id137508,2024-09-17,SavingsBank,Young-Ramirez,Tax,4881,0,-4881,3,9,Tue,0
id116975,2024-09-18,CreditCard,Smith Brown and Jones,House,8368,0,-8368,3,9,Wed,0
id725727,2024-09-18,CreditCard,Wilson LLC,Internet,3107,0,-3107,3,9,Wed,0
id577612,2024-09-18,SavingsBank,Santiago-Perez,Books,1072,0,-1072,3,9,Wed,0
id337879,2024-09-19,Cash,Driver,Hire,2780,0,-2780,3,9,Thu,0
id451699,2024-09-19,SavingsBank,Dividend,Dividend,0,9045,9045,3,9,Thu,0
id222263,2024-09-19,CheckingAccount,Jackson Smith and Mercer,Fuel,5460,0,-5460,3,9,Thu,0
id886403,2024-09-19,Cash,Cleaning,Hire,5608,0,-5608,3,9,Thu,0
id839220,2024-09-19,CheckingAccount,Nolan PLC,Insurance,7568,0,-7568,3,9,Thu,0
id921998,2024-09-19,Cash,Wang Inc,Tax,2637,0,-2637,3,9,Thu,0
id421891,2024-09-19,CreditCard,Mendez Collins and Vasquez,Dinner,9819,0,-9819,3,9,Thu,0
id664410,2024-09-20,CreditCard,Mendoza-Jones,Books,7251,0,-7251,3,9,Fri,0
id213494,2024-09-20,SavingsBank,Interest,Interest,0,1657,1657,3,9,Fri,0
id760326,2024-09-20,SavingsBank,Martin Ltd,Grocery,204,0,-204,3,9,Fri,0
id685862,2024-09-20,CreditCard,Hall-Thornton,School,1984,0,-1984,3,9,Fri,0
id477871,2024-09-20,CreditCard,Powell Ltd,Fuel,5523,0,-5523,3,9,Fri,0
id701685,2024-09-20,SavingsBank,Vaughan-Robinson,School,423,0,-423,3,9,Fri,0
id357321,2024-09-20,CreditCard,Davila Inc,Internet,4892,0,-4892,3,9,Fri,0
id998398,2024-09-21,Cash,Lopez-Lucas,Investment,3098,0,-3098,3,9,Sat,1
id796474,2024-09-21,Cash,Shaw-Jones,Books,4397,0,-4397,3,9,Sat,0
id198052,2024-09-21,Cash,Osborne LLC,Books,9289,0,-9289,3,9,Sat,0
id790485,2024-09-21,CheckingAccount,Hawkins Smith and Macias,Dinner,2262,0,-2262,3,9,Sat,0
id682947,2024-09-21,SavingsBank,Ford Group,Telephone,9192,0,-9192,3,9,Sat,0
id323607,2024-09-21,SavingsBank,Interest,Interest,0,5247,5247,3,9,Sat,0
id990344,2024-09-21,Cash,Gilmore-Price,Telephone,355,0,-355,3,9,Sat,0
id670914,2024-09-22,CreditCard,Bennett and Sons,Tax,9215,0,-9215,3,9,Sun,0
id784247,2024-09-22,CheckingAccount,Humphrey Simpson and Rangel,Dinner,9913,0,-9913,3,9,Sun,0
id111123,2024-09-22,Cash,Cab,Hire,4119,0,-4119,3,9,Sun,0
id214095,2024-09-22,Cash,Figueroa and Sons,Fuel,7827,0,-7827,3,9,Sun,0
id767336,2024-09-22,SavingsBank,Salary,Salary,0,66195,66195,3,9,Sun,0
id697706,2024-09-22,CreditCard,Owens Group,Books,1602,0,-1602,3,9,Sun,0
id879641,2024-09-22,Cash,Accountant,Hire,5130,0,-5130,3,9,Sun,0
id687128,2024-09-22,Cash,Miles-Mason,Internet,2230,0,-2230,3,9,Sun,0
id865016,2024-09-23,Cash,Summers PLC,Fuel,8609,0,-8609,3,9,Mon,0
id413861,2024-09-23,CreditCard,Romero Group,Fuel,6015,0,-6015,3,9,Mon,0
id349903,2024-09-23,Cash,Oconnor Ramirez and Mcguire,Insurance,1154,0,-1154,3,9,Mon,0
id881099,2024-09-23,CheckingAccount,Terry-Chavez,Grocery,3886,0,-3886,3,9,Mon,0
id350190,2024-09-23,Cash,Johnson Wolfe and Burke,Tax,4671,0,-4671,3,9,Mon,0
id870106,2024-09-24,Cash,Guerrero Porter and Lopez,House,7417,0,-7417,3,9,Tue,0
id305401,2024-09-24,CheckingAccount,Blair-Mason,Grocery,5597,0,-5597,3,9,Tue,0
id725090,2024-09-24,CheckingAccount,Osborn-Porter,Books,2404,0,-2404,3,9,Tue,0
id279163,2024-09-24,Cash,Nicholson Jackson and Bender,Insurance,1874,0,-1874,3,9,Tue,0
id509343,2024-09-24,CreditCard,Wolfe PLC,Books,8721,0,-8721,3,9,Tue,0
id340698,2024-09-24,CreditCard,Ward Baker and Mcmahon,Tax,2079,0,-2079,3,9,Tue,0
id639394,2024-09-24,CreditCard,Gonzalez-Curtis,Telephone,3022,0,-3022,3,9,Tue,0
id835536,2024-09-24,CheckingAccount,Ryan-Cooper,House,4009,0,-4009,3,9,Tue,0
id672674,2024-09-24,SavingsBank,Coleman Turner and Taylor,Internet,2727,0,-2727,3,9,Tue,0
id427474,2024-09-24,SavingsBank,Lee Group,Dinner,8964,0,-8964,3,9,Tue,0
id252809,2024-09-24,CheckingAccount,Accountant,Hire,4683,0,-4683,3,9,Tue,0
id872826,2024-09-25,CreditCard,Chase Hunt and Jones,Books,2737,0,-2737,3,9,Wed,0
id669364,2024-09-25,Cash,Parker Williams and Stephens,Grocery,3023,0,-3023,3,9,Wed,0
id992731,2024-09-25,Cash,Hall Ltd,Dinner,7419,0,-7419,3,9,Wed,0
id305888,2024-09-25,Cash,Clark and Sons,Grocery,9459,0,-9459,3,9,Wed,0
id550350,2024-09-26,CheckingAccount,Collins Caldwell and Mcclure,Tax,9250,0,-9250,3,9,Thu,0
id913490,2024-09-26,CheckingAccount,Watson Ltd,Insurance,832,0,-832,3,9,Thu,0
id697376,2024-09-26,CreditCard,Villanueva Woodard and Greene,Insurance,6845,0,-6845,3,9,Thu,0
id117494,2024-09-26,SavingsBank,Stafford-Anderson,House,4970,0,-4970,3,9,Thu,0
id562737,2024-09-26,SavingsBank,Salary,Salary,0,93285,93285,3,9,Thu,0
id794389,2024-09-26,CreditCard,Gross-Roberts,Insurance,6867,0,-6867,3,9,Thu,0
id623244,2024-09-26,SavingsBank,Reynolds Group,School,7232,0,-7232,3,9,Thu,0
id309219,2024-09-26,SavingsBank,Jensen Mitchell and Moore,Grocery,9343,0,-9343,3,9,Thu,0
id964686,2024-09-26,SavingsBank,Stephenson PLC,Insurance,4484,0,-4484,3,9,Thu,0
id511955,2024-09-26,Cash,Brown Warren and Lopez,Internet,7285,0,-7285,3,9,Thu,0
id525937,2024-09-27,Cash,Boyd Young and Jackson,Telephone,8012,0,-8012,3,9,Fri,0
id221108,2024-09-27,CreditCard,Ferrell Johnson and Owen,Grocery,4368,0,-4368,3,9,Fri,0
id739692,2024-09-27,CreditCard,Jones PLC,Internet,2615,0,-2615,3,9,Fri,0
id926304,2024-09-27,SavingsBank,Dividend,Dividend,0,5003,5003,3,9,Fri,0
id656048,2024-09-27,CreditCard,Stafford Scott and Hernandez,Internet,9321,0,-9321,3,9,Fri,0
id303070,2024-09-28,CheckingAccount,Gibson Inc,Fuel,1952,0,-1952,3,9,Sat,0
id219906,2024-09-28,CheckingAccount,Reeves Lane and Simon,Grocery,8612,0,-8612,3,9,Sat,0
id496393,2024-09-28,CreditCard,Hebert Ltd,House,5714,0,-5714,3,9,Sat,0
id443149,2024-09-28,Cash,Cox-Turner,Dinner,4806,0,-4806,3,9,Sat,0
id151386,2024-09-28,CreditCard,Lee Stevenson and Williams,Investment,6008,0,-6008,3,9,Sat,1
id255421,2024-09-29,CheckingAccount,Reyes Inc,Telephone,9821,0,-9821,3,9,Sun,0
id594293,2024-09-29,SavingsBank,Stone-Daniels,Investment,4484,0,-4484,3,9,Sun,1
id711061,2024-09-29,CreditCard,Mejia-Petersen,School,4962,0,-4962,3,9,Sun,0
id749649,2024-09-29,CreditCard,James and Sons,School,999,0,-999,3,9,Sun,0
id737165,2024-09-29,SavingsBank,Snyder-Gould,Grocery,8172,0,-8172,3,9,Sun,0
id719452,2024-09-29,Cash,Cantu Coleman and Hall,House,9726,0,-9726,3,9,Sun,0
id677204,2024-09-30,SavingsBank,Dividend,Dividend,0,8481,8481,3,9,Mon,0
id489747,2024-09-30,CheckingAccount,Newman-Hendrix,School,4279,0,-4279,3,9,Mon,0
id522047,2024-09-30,CreditCard,Rogers Reese and Watson,Books,7509,0,-7509,3,9,Mon,0
id491734,2024-09-30,Cash,Hodges Cobb and Wilcox,School,5965,0,-5965,3,9,Mon,0
id342244,2024-09-30,CreditCard,Branch Weber and Maddox,Telephone,3363,0,-3363,3,9,Mon,0
id818824,2024-09-30,CreditCard,Morales Cox and Long,Grocery,9879,0,-9879,3,9,Mon,0
id882448,2024-09-30,SavingsBank,Interest,Interest,0,5564,5564,3,9,Mon,0
id331451,2024-09-30,CreditCard,Vance-Walker,Dinner,8553,0,-8553,3,9,Mon,0
id487167,2024-09-30,SavingsBank,Ross-Butler,School,8230,0,-8230,3,9,Mon,0
id895491,2024-09-30,CheckingAccount,Mccoy-Owens,Books,6370,0,-6370,3,9,Mon,0
id441752,2024-09-30,SavingsBank,Interest,Interest,0,4525,4525,3,9,Mon,0
id685308,2024-10-01,SavingsBank,Dividend,Dividend,0,5689,5689,4,10,Tue,0
id469438,2024-10-01,CreditCard,Thompson-Alexander,Telephone,1605,0,-1605,4,10,Tue,0
id924431,2024-10-01,CheckingAccount,Gonzales Ltd,Dinner,4138,0,-4138,4,10,Tue,0
id727977,2024-10-01,SavingsBank,Salary,Salary,0,50295,50295,4,10,Tue,0
id988332,2024-10-01,SavingsBank,Johnson Lewis and Vargas,Internet,5018,0,-5018,4,10,Tue,0
id489168,2024-10-01,CheckingAccount,Wise-Rodriguez,Insurance,282,0,-282,4,10,Tue,0
id295151,2024-10-01,SavingsBank,Salary,Salary,0,111420,111420,4,10,Tue,0
id329582,2024-10-02,CheckingAccount,Caldwell-Jackson,Internet,627,0,-627,4,10,Wed,0
id185837,2024-10-02,CheckingAccount,Mathews-Mcgee,Grocery,2894,0,-2894,4,10,Wed,0
id966635,2024-10-02,Cash,Wallace and Sons,Investment,4184,0,-4184,4,10,Wed,1
id151695,2024-10-02,CheckingAccount,Jimenez Group,Investment,3304,0,-3304,4,10,Wed,1
id551603,2024-10-02,CheckingAccount,Cab,Hire,9122,0,-9122,4,10,Wed,0
id374010,2024-10-02,SavingsBank,Dividend,Dividend,0,1180,1180,4,10,Wed,0
id942557,2024-10-02,CreditCard,Combs PLC,Dinner,7554,0,-7554,4,10,Wed,0
id464767,2024-10-02,SavingsBank,Torres Hubbard and Newman,Dinner,1339,0,-1339,4,10,Wed,0
id617483,2024-10-02,CheckingAccount,Dickerson LLC,Investment,4564,0,-4564,4,10,Wed,1
id241259,2024-10-02,SavingsBank,Brown Group,Investment,8514,0,-8514,4,10,Wed,1
id671600,2024-10-02,Cash,Tran-Vasquez,School,2541,0,-2541,4,10,Wed,0
id672342,2024-10-02,CheckingAccount,Cunningham Brown and Whitaker,Books,3237,0,-3237,4,10,Wed,0
id709019,2024-10-03,CreditCard,Wilson Acosta and Drake,House,8926,0,-8926,4,10,Thu,0
id234313,2024-10-03,CreditCard,Perez Ho and Nguyen,Investment,1085,0,-1085,4,10,Thu,1
id950375,2024-10-03,Cash,Hernandez LLC,Investment,9754,0,-9754,4,10,Thu,1
id565881,2024-10-03,Cash,Tapia and Sons,House,5356,0,-5356,4,10,Thu,0
id731885,2024-10-03,CreditCard,Jackson-Ortiz,Internet,5765,0,-5765,4,10,Thu,0
id541948,2024-10-03,SavingsBank,Evans-Smith,Dinner,6631,0,-6631,4,10,Thu,0
id243081,2024-10-03,SavingsBank,Dividend,Dividend,0,6643,6643,4,10,Thu,0
id670677,2024-10-03,CreditCard,Lowe-Thomas,Investment,7091,0,-7091,4,10,Thu,1
id838456,2024-10-04,CreditCard,Robinson-Cain,Investment,6814,0,-6814,4,10,Fri,1
id606411,2024-10-04,Cash,Chambers LLC,House,176,0,-176,4,10,Fri,0
id305605,2024-10-04,CreditCard,Martin-Crawford,House,8323,0,-8323,4,10,Fri,0
id591083,2024-10-04,SavingsBank,Clark LLC,School,4394,0,-4394,4,10,Fri,0
id656554,2024-10-04,Cash,Glenn Crosby and Stone,Telephone,8728,0,-8728,4,10,Fri,0
id732256,2024-10-05,CreditCard,Steele Nicholson and Trevino,Tax,9145,0,-9145,4,10,Sat,0
id230597,2024-10-05,CheckingAccount,Davis Inc,Telephone,3805,0,-3805,4,10,Sat,0
id935915,2024-10-05,SavingsBank,Interest,Interest,0,5469,5469,4,10,Sat,0
id361554,2024-10-05,SavingsBank,Jones-Martin,House,7977,0,-7977,4,10,Sat,0
id278147,2024-10-05,Cash,Brown Group,Investment,8481,0,-8481,4,10,Sat,1
id956679,2024-10-05,CheckingAccount,Cleaning,Hire,7374,0,-7374,4,10,Sat,0
id694074,2024-10-05,Cash,Allen-Mason,House,4396,0,-4396,4,10,Sat,0
id371101,2024-10-05,SavingsBank,Dividend,Dividend,0,4069,4069,4,10,Sat,0
id909238,2024-10-06,Cash,Cab,Hire,9291,0,-9291,4,10,Sun,0
id689280,2024-10-06,Cash,Santiago Myers and Quinn,Grocery,3567,0,-3567,4,10,Sun,0
id448454,2024-10-06,CreditCard,Driver,Hire,2300,0,-2300,4,10,Sun,0
id680019,2024-10-06,SavingsBank,Driver,Hire,7944,0,-7944,4,10,Sun,0
id665613,2024-10-06,CheckingAccount,Smith Inc,House,2587,0,-2587,4,10,Sun,0
id814336,2024-10-06,SavingsBank,Harris-Benton,House,2983,0,-2983,4,10,Sun,0
id963527,2024-10-07,CreditCard,Barrett Ross and Barnes,School,1271,0,-1271,4,10,Mon,0
id618666,2024-10-07,CheckingAccount,Barber Duncan and Bright,Internet,8536,0,-8536,4,10,Mon,0
id235361,2024-10-07,SavingsBank,Murphy Lucas and Mullins,Dinner,5751,0,-5751,4,10,Mon,0
id459119,2024-10-07,Cash,Gordon Wood and Anderson,Fuel,3000,0,-3000,4,10,Mon,0
id449549,2024-10-07,CheckingAccount,Rodriguez Williamson and Lee,Telephone,4253,0,-4253,4,10,Mon,0
id933509,2024-10-08,Cash,Young Mathews and Robertson,Internet,6088,0,-6088,4,10,Tue,0
id920728,2024-10-08,SavingsBank,Garcia Johnson and Thomas,Grocery,2551,0,-2551,4,10,Tue,0
id505624,2024-10-08,Cash,Proctor LLC,Telephone,7605,0,-7605,4,10,Tue,0
id536045,2024-10-08,CheckingAccount,Molina-Garcia,Investment,7997,0,-7997,4,10,Tue,1
id710519,2024-10-08,Cash,Edwards and Sons,Telephone,2333,0,-2333,4,10,Tue,0
id715708,2024-10-08,SavingsBank,Nelson Griffin and Dudley,Telephone,7529,0,-7529,4,10,Tue,0
id912943,2024-10-09,Cash,Harris-Jackson,Books,3118,0,-3118,4,10,Wed,0
id828817,2024-10-09,CreditCard,Barrett Woodard and Keller,Investment,1156,0,-1156,4,10,Wed,1
id124907,2024-10-09,CheckingAccount,Cleaning,Hire,5787,0,-5787,4,10,Wed,0
id582020,2024-10-09,Cash,Alvarado Inc,Insurance,2028,0,-2028,4,10,Wed,0
id745809,2024-10-09,CheckingAccount,Lewis LLC,Investment,7174,0,-7174,4,10,Wed,1
id586405,2024-10-09,Cash,Scott Group,Fuel,1738,0,-1738,4,10,Wed,0
id157460,2024-10-09,Cash,Cleaning,Hire,6694,0,-6694,4,10,Wed,0
id485228,2024-10-09,SavingsBank,Blankenship-King,Insurance,4855,0,-4855,4,10,Wed,0
id990551,2024-10-10,CheckingAccount,Barnes Edwards and Berry,Dinner,6068,0,-6068,4,10,Thu,0
id744335,2024-10-10,Cash,Holland Smith and Garrison,House,4517,0,-4517,4,10,Thu,0
id569841,2024-10-10,Cash,Sims Inc,Grocery,5842,0,-5842,4,10,Thu,0
id421534,2024-10-10,Cash,Thompson-Silva,Fuel,5452,0,-5452,4,10,Thu,0
id158254,2024-10-10,SavingsBank,Browning-Clarke,Telephone,4819,0,-4819,4,10,Thu,0
id431104,2024-10-10,CheckingAccount,Lynch Group,Dinner,9388,0,-9388,4,10,Thu,0
id452831,2024-10-10,SavingsBank,Salary,Salary,0,107085,107085,4,10,Thu,0
id705453,2024-10-10,Cash,Ross-Wilson,Internet,6469,0,-6469,4,10,Thu,0
id819435,2024-10-11,Cash,Bentley Armstrong and Stewart,Books,4744,0,-4744,4,10,Fri,0
id797482,2024-10-11,SavingsBank,Green LLC,Telephone,6867,0,-6867,4,10,Fri,0
id341942,2024-10-11,CheckingAccount,Klein Robinson and Miller,Internet,1271,0,-1271,4,10,Fri,0
id543963,2024-10-11,CreditCard,Warren Inc,Insurance,340,0,-340,4,10,Fri,0
id371456,2024-10-11,CheckingAccount,Mendez-Jackson,Telephone,7754,0,-7754,4,10,Fri,0
id463123,2024-10-11,CheckingAccount,Accountant,Hire,5259,0,-5259,4,10,Fri,0
id773758,2024-10-11,CheckingAccount,Smith Ltd,Fuel,586,0,-586,4,10,Fri,0
id456279,2024-10-11,CreditCard,Burke Ltd,House,6014,0,-6014,4,10,Fri,0
id678212,2024-10-12,CreditCard,Neal-Watson,Internet,6354,0,-6354,4,10,Sat,0
id580578,2024-10-12,CheckingAccount,Romero-Gay,Books,1857,0,-1857,4,10,Sat,0
id560802,2024-10-12,Cash,Kelly-Jenkins,Tax,5111,0,-5111,4,10,Sat,0
id482979,2024-10-12,SavingsBank,Barnes Group,Fuel,2570,0,-2570,4,10,Sat,0
id872733,2024-10-12,CreditCard,Ayala PLC,School,6230,0,-6230,4,10,Sat,0
id414085,2024-10-12,CreditCard,Vincent Ltd,House,9108,0,-9108,4,10,Sat,0
id284998,2024-10-12,SavingsBank,Kelly Group,Grocery,6507,0,-6507,4,10,Sat,0
id943940,2024-10-12,CheckingAccount,Allen-Sanchez,Fuel,3776,0,-3776,4,10,Sat,0
id122426,2024-10-13,Cash,Moore-Charles,Insurance,4072,0,-4072,4,10,Sun,0
id995951,2024-10-13,Cash,Martinez-Higgins,Tax,8637,0,-8637,4,10,Sun,0
id855745,2024-10-13,CreditCard,Delacruz Davis and Barnett,Dinner,4597,0,-4597,4,10,Sun,0
id253964,2024-10-13,CreditCard,Garcia-Bender,Books,8183,0,-8183,4,10,Sun,0
id588890,2024-10-14,Cash,Caldwell Melton and Johnson,Internet,6051,0,-6051,4,10,Mon,0
id111972,2024-10-14,Cash,Singleton-Aguirre,Insurance,3102,0,-3102,4,10,Mon,0
id266541,2024-10-14,CreditCard,Young PLC,Tax,5819,0,-5819,4,10,Mon,0
id600647,2024-10-14,Cash,Bates-Thompson,Grocery,4435,0,-4435,4,10,Mon,0
id570521,2024-10-15,CreditCard,Tanner PLC,Books,316,0,-316,4,10,Tue,0
id768214,2024-10-15,Cash,Jacobs-Martin,Insurance,6991,0,-6991,4,10,Tue,0
id831781,2024-10-15,CreditCard,Newton Torres and Haney,School,5383,0,-5383,4,10,Tue,0
id868233,2024-10-15,SavingsBank,Interest,Interest,0,9079,9079,4,10,Tue,0
id745762,2024-10-15,CheckingAccount,Chandler Henry and Wilson,Books,4674,0,-4674,4,10,Tue,0
id857376,2024-10-15,CreditCard,Daniels-Johnson,Telephone,8577,0,-8577,4,10,Tue,0
id450398,2024-10-15,CheckingAccount,Gregory Bailey and Cunningham,Dinner,2286,0,-2286,4,10,Tue,0
id176630,2024-10-16,CheckingAccount,Smith Ltd,School,7652,0,-7652,4,10,Wed,0
id893902,2024-10-16,Cash,Mclaughlin and Sons,Telephone,4029,0,-4029,4,10,Wed,0
id978335,2024-10-16,Cash,Mueller Carr and Taylor,Telephone,3428,0,-3428,4,10,Wed,0
id453877,2024-10-16,CheckingAccount,Marshall Doyle and Ryan,Grocery,2308,0,-2308,4,10,Wed,0
id469174,2024-10-16,CheckingAccount,Hall Inc,Insurance,6876,0,-6876,4,10,Wed,0
id521303,2024-10-17,CreditCard,Cook Group,Grocery,9505,0,-9505,4,10,Thu,0
id575131,2024-10-17,CheckingAccount,Butler-Savage,Dinner,2316,0,-2316,4,10,Thu,0
id330849,2024-10-17,CheckingAccount,Wolf Ltd,Books,3844,0,-3844,4,10,Thu,0
id591370,2024-10-17,CreditCard,Waters Inc,Internet,5208,0,-5208,4,10,Thu,0
id744432,2024-10-17,CreditCard,Avery-Miranda,Fuel,8622,0,-8622,4,10,Thu,0
id701585,2024-10-17,CreditCard,Driver,Hire,737,0,-737,4,10,Thu,0
id472031,2024-10-18,CreditCard,Flores-Walter,Grocery,8344,0,-8344,4,10,Fri,0
id726660,2024-10-18,CreditCard,Garner Moore and Wright,Investment,9626,0,-9626,4,10,Fri,1
id187916,2024-10-18,CheckingAccount,Reynolds Group,Telephone,8333,0,-8333,4,10,Fri,0
id809433,2024-10-18,Cash,Cunningham King and Grant,Investment,1093,0,-1093,4,10,Fri,1
id617658,2024-10-19,CheckingAccount,Bates Rodriguez and Salinas,School,9640,0,-9640,4,10,Sat,0
id260147,2024-10-19,Cash,Mclaughlin Group,Dinner,9817,0,-9817,4,10,Sat,0
id460826,2024-10-19,SavingsBank,Salary,Salary,0,88950,88950,4,10,Sat,0
id815193,2024-10-19,SavingsBank,Salary,Salary,0,96795,96795,4,10,Sat,0
id145390,2024-10-19,Cash,Brown-Brown,Fuel,2282,0,-2282,4,10,Sat,0
id593049,2024-10-19,CreditCard,Cab,Hire,6018,0,-6018,4,10,Sat,0
id159054,2024-10-20,SavingsBank,Acevedo Pace and Bush,Insurance,981,0,-981,4,10,Sun,0
id812986,2024-10-20,Cash,Steele PLC,Fuel,9575,0,-9575,4,10,Sun,0
id167826,2024-10-20,SavingsBank,Salary,Salary,0,72735,72735,4,10,Sun,0
id584079,2024-10-20,SavingsBank,Dividend,Dividend,0,9014,9014,4,10,Sun,0
id919981,2024-10-20,CheckingAccount,Cunningham-Garcia,Dinner,4060,0,-4060,4,10,Sun,0
id461773,2024-10-20,Cash,Cunningham-Taylor,Books,1048,0,-1048,4,10,Sun,0
id736151,2024-10-20,CheckingAccount,Moore Espinoza and Fitzgerald,Books,5399,0,-5399,4,10,Sun,0
id442062,2024-10-20,Cash,Lowery Castillo and Lin,House,324,0,-324,4,10,Sun,0
id649244,2024-10-20,CreditCard,Lee Inc,Internet,8862,0,-8862,4,10,Sun,0
id271499,2024-10-20,CheckingAccount,Edwards Garcia and Sanchez,Fuel,4098,0,-4098,4,10,Sun,0
id246177,2024-10-20,CreditCard,Jefferson-Davis,Insurance,9265,0,-9265,4,10,Sun,0
id740025,2024-10-20,CheckingAccount,Wilson-Carroll,Dinner,7707,0,-7707,4,10,Sun,0
id980379,2024-10-21,SavingsBank,Taylor Inc,Internet,528,0,-528,4,10,Mon,0
id504632,2024-10-21,CheckingAccount,Flores Pruitt and Robinson,Telephone,7125,0,-7125,4,10,Mon,0
id211089,2024-10-21,CheckingAccount,Brooks Inc,Insurance,9797,0,-9797,4,10,Mon,0
id479164,2024-10-21,CreditCard,Curtis-Duncan,Fuel,3735,0,-3735,4,10,Mon,0
id145115,2024-10-21,Cash,Ramsey and Sons,Insurance,1237,0,-1237,4,10,Mon,0
id960646,2024-10-21,SavingsBank,Cab,Hire,9356,0,-9356,4,10,Mon,0
id308119,2024-10-22,CreditCard,Richardson-Thompson,School,8303,0,-8303,4,10,Tue,0
id737309,2024-10-22,CreditCard,Vazquez-Smith,Tax,2514,0,-2514,4,10,Tue,0
id166951,2024-10-22,CheckingAccount,Long Young and Cortez,Grocery,4779,0,-4779,4,10,Tue,0
id271942,2024-10-22,SavingsBank,Maldonado Inc,Telephone,7603,0,-7603,4,10,Tue,0
id124778,2024-10-22,Cash,Mata LLC,School,533,0,-533,4,10,Tue,0
id294321,2024-10-22,CheckingAccount,Foster-Lawrence,Telephone,2076,0,-2076,4,10,Tue,0
id985510,2024-10-22,CreditCard,Terrell PLC,Books,7938,0,-7938,4,10,Tue,0
id960544,2024-10-22,SavingsBank,Sullivan Reid and Miller,School,8389,0,-8389,4,10,Tue,0
id766490,2024-10-23,Cash,Berg and Sons,School,4821,0,-4821,4,10,Wed,0
id943741,2024-10-23,SavingsBank,Accountant,Hire,7808,0,-7808,4,10,Wed,0
id932085,2024-10-23,SavingsBank,Jones Dunn and Gibbs,Dinner,9808,0,-9808,4,10,Wed,0
id606067,2024-10-23,SavingsBank,Salary,Salary,0,12495,12495,4,10,Wed,0
id438327,2024-10-23,CheckingAccount,Campos Henson and Simpson,Telephone,2596,0,-2596,4,10,Wed,0
id447681,2024-10-23,CreditCard,Jordan Hernandez and Scott,Telephone,2134,0,-2134,4,10,Wed,0
id911679,2024-10-24,Cash,Perez-Rios,Dinner,2801,0,-2801,4,10,Thu,0
id482147,2024-10-24,Cash,Jones Mccoy and Manning,Fuel,2584,0,-2584,4,10,Thu,0
id286899,2024-10-24,Cash,Cross Group,Fuel,4315,0,-4315,4,10,Thu,0
id277027,2024-10-24,SavingsBank,Dividend,Dividend,0,6876,6876,4,10,Thu,0
id882621,2024-10-24,CheckingAccount,Gray Fox and Weber,Fuel,419,0,-419,4,10,Thu,0
id556622,2024-10-24,CheckingAccount,Jordan Ltd,Internet,9281,0,-9281,4,10,Thu,0
id661147,2024-10-25,CreditCard,Driver,Hire,7816,0,-7816,4,10,Fri,0
id173677,2024-10-25,SavingsBank,Snow Black and Wilson,Investment,1858,0,-1858,4,10,Fri,1
id300875,2024-10-25,CheckingAccount,Willis and Sons,Fuel,594,0,-594,4,10,Fri,0
id302111,2024-10-25,CreditCard,Brown Ltd,Telephone,476,0,-476,4,10,Fri,0
id264480,2024-10-26,CheckingAccount,Phelps Macdonald and Gilmore,Dinner,3428,0,-3428,4,10,Sat,0
id553842,2024-10-26,CreditCard,Smith-Bruce,Insurance,6633,0,-6633,4,10,Sat,0
id906197,2024-10-26,Cash,Wood and Sons,Tax,132,0,-132,4,10,Sat,0
id652720,2024-10-27,CheckingAccount,Perez-Thompson,Insurance,2838,0,-2838,4,10,Sun,0
id887407,2024-10-27,CreditCard,Cleaning,Hire,5567,0,-5567,4,10,Sun,0
id972391,2024-10-27,SavingsBank,Driver,Hire,3410,0,-3410,4,10,Sun,0
id162600,2024-10-27,CreditCard,Gonzalez Odom and Daniels,Investment,7095,0,-7095,4,10,Sun,1
id817525,2024-10-28,CreditCard,Sanders Garcia and Perez,Internet,241,0,-241,4,10,Mon,0
id524728,2024-10-28,CheckingAccount,Kennedy-Rocha,Insurance,8513,0,-8513,4,10,Mon,0
id745338,2024-10-28,CheckingAccount,Stephens-Jones,Tax,1089,0,-1089,4,10,Mon,0
id538225,2024-10-28,Cash,Parks Garcia and Williams,Internet,5491,0,-5491,4,10,Mon,0
id635550,2024-10-28,Cash,Bates Romero and Davis,Tax,859,0,-859,4,10,Mon,0
id775476,2024-10-28,SavingsBank,Dividend,Dividend,0,7342,7342,4,10,Mon,0
id867565,2024-10-28,Cash,Graham PLC,Books,6176,0,-6176,4,10,Mon,0
id324425,2024-10-28,CheckingAccount,Henderson and Sons,Internet,6297,0,-6297,4,10,Mon,0
id768223,2024-10-28,SavingsBank,Interest,Interest,0,4007,4007,4,10,Mon,0
id563819,2024-10-29,CheckingAccount,Hughes Group,Investment,1579,0,-1579,4,10,Tue,1
id373961,2024-10-29,CreditCard,Edwards-Murray,Dinner,9807,0,-9807,4,10,Tue,0
id169671,2024-10-29,SavingsBank,Williams Ramos and Wheeler,Insurance,8437,0,-8437,4,10,Tue,0
id114372,2024-10-29,CheckingAccount,Dorsey Ortiz and Myers,Dinner,3383,0,-3383,4,10,Tue,0
id283460,2024-10-29,SavingsBank,Salary,Salary,0,46275,46275,4,10,Tue,0
id740932,2024-10-30,Cash,Driver,Hire,118,0,-118,4,10,Wed,0
id606066,2024-10-30,Cash,Brown Inc,School,7914,0,-7914,4,10,Wed,0
id145761,2024-10-30,CreditCard,Griffin-Nelson,Tax,6478,0,-6478,4,10,Wed,0
id450986,2024-10-30,CheckingAccount,Watkins Group,Grocery,2475,0,-2475,4,10,Wed,0
id608779,2024-10-30,CheckingAccount,Baker Smith and Mcbride,Grocery,1550,0,-1550,4,10,Wed,0
id793579,2024-10-30,Cash,Payne-Garza,Dinner,7557,0,-7557,4,10,Wed,0
id471331,2024-10-30,CreditCard,Cox Inc,House,1022,0,-1022,4,10,Wed,0
id642119,2024-10-30,SavingsBank,Interest,Interest,0,9198,9198,4,10,Wed,0
id229606,2024-10-30,CreditCard,Watson LLC,Grocery,1437,0,-1437,4,10,Wed,0
id936329,2024-10-30,Cash,Strong Barker and Davis,Insurance,4354,0,-4354,4,10,Wed,0
id679499,2024-10-30,CheckingAccount,Zuniga-Gonzalez,Fuel,6378,0,-6378,4,10,Wed,0
id618640,2024-10-30,Cash,Wolfe and Sons,House,6134,0,-6134,4,10,Wed,0
id947886,2024-10-30,SavingsBank,Armstrong-Herman,Grocery,7230,0,-7230,4,10,Wed,0
id882447,2024-10-30,CheckingAccount,Wood LLC,Tax,1343,0,-1343,4,10,Wed,0
id573731,2024-10-31,Cash,Wilson Smith and Lewis,House,9258,0,-9258,4,10,Thu,0
id949032,2024-10-31,Cash,Gould Wall and Beck,School,1991,0,-1991,4,10,Thu,0
id508066,2024-10-31,CreditCard,Manning Torres and Gilmore,School,7504,0,-7504,4,10,Thu,0
id331951,2024-10-31,CreditCard,Lee-Bray,Books,5131,0,-5131,4,10,Thu,0
id881012,2024-10-31,CheckingAccount,Wright LLC,House,4574,0,-4574,4,10,Thu,0
id616714,2024-10-31,CreditCard,Becker-Mcgee,Books,5800,0,-5800,4,10,Thu,0
id477799,2024-10-31,CreditCard,Hughes Hart and Lee,Dinner,8399,0,-8399,4,10,Thu,0
id802352,2024-10-31,CreditCard,Ward Ltd,Books,7050,0,-7050,4,10,Thu,0
id272873,2024-11-01,SavingsBank,Cook Jackson and Sweeney,Fuel,481,0,-481,4,11,Fri,0
id139704,2024-11-01,SavingsBank,Salary,Salary,0,78960,78960,4,11,Fri,0
id335235,2024-11-01,SavingsBank,Wright Beck and Cook,Dinner,7341,0,-7341,4,11,Fri,0
id182511,2024-11-01,Cash,Macdonald and Sons,Telephone,1753,0,-1753,4,11,Fri,0
id981908,2024-11-01,CreditCard,Mack Turner and Austin,Tax,5751,0,-5751,4,11,Fri,0
id166318,2024-11-01,Cash,Driver,Hire,5375,0,-5375,4,11,Fri,0
id683881,2024-11-01,CreditCard,Roth-Moore,Books,4641,0,-4641,4,11,Fri,0
id505993,2024-11-01,SavingsBank,Salary,Salary,0,116760,116760,4,11,Fri,0
id382677,2024-11-01,CreditCard,Morgan Jones and Winters,Insurance,784,0,-784,4,11,Fri,0
id494219,2024-11-01,CheckingAccount,Cab,Hire,7615,0,-7615,4,11,Fri,0
id454202,2024-11-01,Cash,Meyer-Potter,School,6878,0,-6878,4,11,Fri,0
id557182,2024-11-02,CheckingAccount,Robles Walsh and Davis,Fuel,7586,0,-7586,4,11,Sat,0
id218950,2024-11-02,CheckingAccount,Cruz Group,Grocery,3214,0,-3214,4,11,Sat,0
id540493,2024-11-02,CheckingAccount,Stewart Bailey and Smith,Insurance,3466,0,-3466,4,11,Sat,0
id929452,2024-11-02,Cash,Yang Marshall and Mendoza,Dinner,8370,0,-8370,4,11,Sat,0
id971322,2024-11-02,CheckingAccount,Gilbert Rose and Reed,Investment,4681,0,-4681,4,11,Sat,1
id600602,2024-11-03,CreditCard,Jackson Lyons and Castro,Telephone,8776,0,-8776,4,11,Sun,0
id369603,2024-11-03,CheckingAccount,Hughes-Edwards,Investment,5759,0,-5759,4,11,Sun,1
id270994,2024-11-03,CheckingAccount,Butler Johnson and Marshall,Grocery,2882,0,-2882,4,11,Sun,0
id445456,2024-11-03,Cash,Sanders Ray and Sims,Telephone,7386,0,-7386,4,11,Sun,0
id717683,2024-11-03,SavingsBank,Hall-Jarvis,School,9702,0,-9702,4,11,Sun,0
id411765,2024-11-03,CreditCard,Simon LLC,Books,4997,0,-4997,4,11,Sun,0
id206802,2024-11-03,CreditCard,Smith Hartman and Jones,Grocery,3452,0,-3452,4,11,Sun,0
id560822,2024-11-03,CheckingAccount,Miller Martinez and Thomas,Investment,2984,0,-2984,4,11,Sun,1
id599842,2024-11-03,CreditCard,Obrien Gaines and Miller,Grocery,6067,0,-6067,4,11,Sun,0
id355439,2024-11-04,Cash,Owens Valdez and Johnson,Telephone,6441,0,-6441,4,11,Mon,0
id494308,2024-11-04,Cash,Sheppard Patterson and Hess,Investment,763,0,-763,4,11,Mon,1
id279594,2024-11-04,CreditCard,Love Group,Grocery,2878,0,-2878,4,11,Mon,0
id492277,2024-11-04,Cash,Garza Group,Tax,840,0,-840,4,11,Mon,0
id438743,2024-11-04,Cash,Price Ray and Lloyd,Insurance,624,0,-624,4,11,Mon,0
id814506,2024-11-04,SavingsBank,Salary,Salary,0,110175,110175,4,11,Mon,0
id729601,2024-11-04,CreditCard,Tucker-Weaver,Insurance,4898,0,-4898,4,11,Mon,0
id224319,2024-11-04,CheckingAccount,Bush Thompson and Rivera,Internet,6989,0,-6989,4,11,Mon,0
id691354,2024-11-04,CheckingAccount,Rich Group,Insurance,7330,0,-7330,4,11,Mon,0
id716273,2024-11-04,SavingsBank,Mcdonald-Patterson,Dinner,3586,0,-3586,4,11,Mon,0
id745439,2024-11-05,CreditCard,Gallegos Hurley and Moore,School,7642,0,-7642,4,11,Tue,0
id897541,2024-11-05,CreditCard,Garcia-Compton,School,3762,0,-3762,4,11,Tue,0
id457584,2024-11-05,CreditCard,Carr LLC,House,7333,0,-7333,4,11,Tue,0
id117655,2024-11-05,Cash,Jimenez Woodard and Williams,Grocery,159,0,-159,4,11,Tue,0
id651550,2024-11-05,CheckingAccount,Walker Phillips and Melton,Fuel,506,0,-506,4,11,Tue,0
id239945,2024-11-05,Cash,Franklin and Sons,Dinner,486,0,-486,4,11,Tue,0
id354158,2024-11-05,SavingsBank,Interest,Interest,0,4928,4928,4,11,Tue,0
id721410,2024-11-06,SavingsBank,Patterson Holland and Gaines,Dinner,4526,0,-4526,4,11,Wed,0
id611976,2024-11-06,CheckingAccount,Bryan Harrison and Floyd,Books,4231,0,-4231,4,11,Wed,0
id888775,2024-11-06,Cash,Lopez and Sons,Internet,5987,0,-5987,4,11,Wed,0
id652129,2024-11-06,CreditCard,Carroll and Sons,Tax,468,0,-468,4,11,Wed,0
id850976,2024-11-06,Cash,Pearson-Hopkins,Tax,8334,0,-8334,4,11,Wed,0
id666410,2024-11-06,CreditCard,Peters-Mitchell,School,4270,0,-4270,4,11,Wed,0
id145880,2024-11-06,CreditCard,Bradley Group,Books,5370,0,-5370,4,11,Wed,0
id741867,2024-11-06,Cash,Fisher and Sons,Investment,3043,0,-3043,4,11,Wed,1
id886063,2024-11-06,SavingsBank,Boone-Smith,Dinner,5552,0,-5552,4,11,Wed,0
id965166,2024-11-07,Cash,Morgan-Sullivan,Grocery,1486,0,-1486,4,11,Thu,0
id160382,2024-11-07,Cash,Foster-Harvey,House,1466,0,-1466,4,11,Thu,0
id981820,2024-11-07,SavingsBank,Robinson Perez and Gates,Investment,5669,0,-5669,4,11,Thu,1
id728624,2024-11-07,SavingsBank,Interest,Interest,0,158,158,4,11,Thu,0
id989166,2024-11-07,CheckingAccount,Ayers Adams and Johnson,Internet,4058,0,-4058,4,11,Thu,0
id857064,2024-11-07,SavingsBank,Brennan and Sons,School,9379,0,-9379,4,11,Thu,0
id476629,2024-11-07,CheckingAccount,Jackson PLC,Dinner,7168,0,-7168,4,11,Thu,0
id676850,2024-11-08,CheckingAccount,Horton-Hunt,Grocery,6857,0,-6857,4,11,Fri,0
id936280,2024-11-08,CheckingAccount,Chavez-Martinez,Fuel,7634,0,-7634,4,11,Fri,0
id177734,2024-11-08,CreditCard,Figueroa Gallegos and Brown,House,9374,0,-9374,4,11,Fri,0
id398954,2024-11-09,CheckingAccount,Young-Garcia,Telephone,2427,0,-2427,4,11,Sat,0
id977685,2024-11-09,SavingsBank,Robinson-Stevens,Investment,9526,0,-9526,4,11,Sat,1
id678914,2024-11-09,CreditCard,Jones Mitchell and Schroeder,School,438,0,-438,4,11,Sat,0
id590712,2024-11-09,CheckingAccount,Atkinson Young and Booker,Grocery,5359,0,-5359,4,11,Sat,0
id199025,2024-11-09,Cash,Kirby and Sons,House,7560,0,-7560,4,11,Sat,0
id776026,2024-11-09,SavingsBank,Cummings-Walton,Insurance,6427,0,-6427,4,11,Sat,0
id764154,2024-11-09,Cash,Smith Browning and Mendez,Telephone,8995,0,-8995,4,11,Sat,0
id976822,2024-11-09,CreditCard,Keller Ramsey and Torres,School,1333,0,-1333,4,11,Sat,0
id766869,2024-11-09,SavingsBank,Edwards Group,Telephone,4431,0,-4431,4,11,Sat,0
id809764,2024-11-09,CheckingAccount,Gonzalez-Brock,Insurance,6126,0,-6126,4,11,Sat,0
id731616,2024-11-09,CheckingAccount,Davis PLC,Insurance,5865,0,-5865,4,11,Sat,0
id506081,2024-11-10,SavingsBank,Robinson-Garcia,Investment,9882,0,-9882,4,11,Sun,1
id692432,2024-11-10,CheckingAccount,Phillips Grimes and Smith,Telephone,8884,0,-8884,4,11,Sun,0
id580013,2024-11-10,Cash,Parker-Watson,Investment,8796,0,-8796,4,11,Sun,1
id458009,2024-11-10,CreditCard,Burke Group,School,6023,0,-6023,4,11,Sun,0
id919421,2024-11-10,CreditCard,Cab,Hire,1829,0,-1829,4,11,Sun,0
id537969,2024-11-10,SavingsBank,Herrera-Williams,School,6549,0,-6549,4,11,Sun,0
id443020,2024-11-10,CheckingAccount,Alexander Steele and Allen,Telephone,7248,0,-7248,4,11,Sun,0
id140582,2024-11-11,CheckingAccount,Weaver Inc,Fuel,5338,0,-5338,4,11,Mon,0
id800217,2024-11-11,CreditCard,Ward LLC,Insurance,4300,0,-4300,4,11,Mon,0
id606570,2024-11-11,CreditCard,Smith-Schneider,Investment,8933,0,-8933,4,11,Mon,1
id236566,2024-11-11,CreditCard,Walker Williams and Butler,Internet,194,0,-194,4,11,Mon,0
id927329,2024-11-11,CheckingAccount,Chavez-Nelson,Dinner,3183,0,-3183,4,11,Mon,0
id498453,2024-11-11,SavingsBank,Ward Group,Books,7195,0,-7195,4,11,Mon,0
id926693,2024-11-11,Cash,Thompson Group,Insurance,4904,0,-4904,4,11,Mon,0
id905337,2024-11-12,Cash,Davis and Sons,House,8286,0,-8286,4,11,Tue,0
id263863,2024-11-12,CheckingAccount,Wilson-Pacheco,Books,3185,0,-3185,4,11,Tue,0
id198712,2024-11-12,Cash,Brooks Allen and Hall,School,7950,0,-7950,4,11,Tue,0
id333263,2024-11-12,CreditCard,Murphy-Smith,Books,1290,0,-1290,4,11,Tue,0
id659552,2024-11-13,CheckingAccount,May Davis and Simmons,Insurance,8132,0,-8132,4,11,Wed,0
id484109,2024-11-13,SavingsBank,Carroll-Walters,Investment,6102,0,-6102,4,11,Wed,1
id402043,2024-11-13,CreditCard,Johnson Marquez and Kim,Investment,1971,0,-1971,4,11,Wed,1
id118871,2024-11-13,Cash,Mckee Fleming and Knight,Fuel,8306,0,-8306,4,11,Wed,0
id241999,2024-11-13,CreditCard,Grant-Hamilton,Telephone,7680,0,-7680,4,11,Wed,0
id265907,2024-11-13,Cash,Dunlap Shaw and Thompson,Investment,3290,0,-3290,4,11,Wed,1
id368508,2024-11-13,SavingsBank,Mason Good and Austin,Grocery,4097,0,-4097,4,11,Wed,0
id777990,2024-11-14,CheckingAccount,Wells Beck and Perez,Books,5178,0,-5178,4,11,Thu,0
id400803,2024-11-14,CreditCard,Calhoun-Cruz,Insurance,4332,0,-4332,4,11,Thu,0
id668651,2024-11-15,SavingsBank,Smith Sanchez and Stanley,Fuel,9507,0,-9507,4,11,Fri,0
id124686,2024-11-15,SavingsBank,Salary,Salary,0,104835,104835,4,11,Fri,0
id130429,2024-11-15,Cash,Edwards-Wilson,House,1781,0,-1781,4,11,Fri,0
id843538,2024-11-15,CreditCard,Smith-Gill,Books,8527,0,-8527,4,11,Fri,0
id429772,2024-11-15,CheckingAccount,Hutchinson-Pearson,Insurance,8921,0,-8921,4,11,Fri,0
id810544,2024-11-15,CheckingAccount,Quinn and Sons,Investment,7705,0,-7705,4,11,Fri,1
id927460,2024-11-15,CheckingAccount,Collins-Smith,School,9559,0,-9559,4,11,Fri,0
id190682,2024-11-15,SavingsBank,Sampson and Sons,Internet,5400,0,-5400,4,11,Fri,0
id384230,2024-11-16,CheckingAccount,Roth Carey and Simon,School,3009,0,-3009,4,11,Sat,0
id812720,2024-11-16,Cash,Cleaning,Hire,6075,0,-6075,4,11,Sat,0
id508565,2024-11-16,Cash,Johnson-Taylor,Dinner,3006,0,-3006,4,11,Sat,0
id392222,2024-11-16,SavingsBank,Bryant-Hernandez,Grocery,8753,0,-8753,4,11,Sat,0
id485332,2024-11-16,CheckingAccount,Klein LLC,Books,8970,0,-8970,4,11,Sat,0
id985932,2024-11-16,CreditCard,Sanchez James and Taylor,Telephone,994,0,-994,4,11,Sat,0
id153627,2024-11-16,CheckingAccount,Riggs Martinez and Stephenson,Tax,5334,0,-5334,4,11,Sat,0
id162158,2024-11-16,CreditCard,Perez Ltd,Fuel,6916,0,-6916,4,11,Sat,0
id540248,2024-11-17,Cash,Guerra Brown and Munoz,House,2097,0,-2097,4,11,Sun,0
id539641,2024-11-17,SavingsBank,Lowery-Brown,Books,8912,0,-8912,4,11,Sun,0
id847487,2024-11-17,CreditCard,Pope Douglas and Castillo,School,4459,0,-4459,4,11,Sun,0
id495739,2024-11-17,Cash,Cab,Hire,8183,0,-8183,4,11,Sun,0
id267145,2024-11-17,Cash,Accountant,Hire,327,0,-327,4,11,Sun,0
id415199,2024-11-17,SavingsBank,Salary,Salary,0,120570,120570,4,11,Sun,0
id431463,2024-11-17,SavingsBank,Lopez Neal and Williams,School,8728,0,-8728,4,11,Sun,0
id616990,2024-11-17,SavingsBank,Salary,Salary,0,81690,81690,4,11,Sun,0
id745229,2024-11-18,Cash,Burch Miller and Rodriguez,Internet,2751,0,-2751,4,11,Mon,0
id294196,2024-11-18,SavingsBank,Dividend,Dividend,0,5816,5816,4,11,Mon,0
id205407,2024-11-18,CheckingAccount,Garcia Garcia and Gonzalez,Internet,2290,0,-2290,4,11,Mon,0
id863208,2024-11-18,Cash,Alexander-Trevino,Tax,1996,0,-1996,4,11,Mon,0
id230227,2024-11-18,Cash,Hall Smith and Harrison,Grocery,8674,0,-8674,4,11,Mon,0
id354760,2024-11-18,CreditCard,Potter Davis and Jimenez,School,8956,0,-8956,4,11,Mon,0
id563595,2024-11-18,SavingsBank,Dividend,Dividend,0,3518,3518,4,11,Mon,0
id669605,2024-11-18,CreditCard,Salazar-Frey,Investment,8978,0,-8978,4,11,Mon,1
id986897,2024-11-18,Cash,Hamilton Inc,Books,5342,0,-5342,4,11,Mon,0
id992713,2024-11-19,CheckingAccount,Mckay PLC,Books,1079,0,-1079,4,11,Tue,0
id715091,2024-11-19,SavingsBank,Interest,Interest,0,830,830,4,11,Tue,0
id406936,2024-11-19,CheckingAccount,Hanson Norton and Nguyen,School,4682,0,-4682,4,11,Tue,0
id531717,2024-11-19,Cash,Lucas Group,Books,1211,0,-1211,4,11,Tue,0
id970683,2024-11-19,Cash,Driver,Hire,8689,0,-8689,4,11,Tue,0
id722301,2024-11-19,Cash,Thornton Johnson and Stanley,Telephone,9906,0,-9906,4,11,Tue,0
id685102,2024-11-19,SavingsBank,Interest,Interest,0,8830,8830,4,11,Tue,0
id599177,2024-11-20,CreditCard,Cox Johnson and Mckay,Investment,307,0,-307,4,11,Wed,1
id822882,2024-11-20,SavingsBank,Robbins Moore and Robinson,Dinner,6572,0,-6572,4,11,Wed,0
id942711,2024-11-20,CheckingAccount,Hughes Inc,Fuel,5841,0,-5841,4,11,Wed,0
id364666,2024-11-20,CreditCard,Herrera-Munoz,Telephone,1781,0,-1781,4,11,Wed,0
id161606,2024-11-20,CheckingAccount,Morrison Murphy and Barber,Books,5376,0,-5376,4,11,Wed,0
id934981,2024-11-20,CreditCard,Cleaning,Hire,1906,0,-1906,4,11,Wed,0
id196296,2024-11-21,CreditCard,Collins Farrell and Williams,Dinner,2852,0,-2852,4,11,Thu,0
id964456,2024-11-21,CreditCard,Thomas Patrick and Shea,Telephone,8156,0,-8156,4,11,Thu,0
id669879,2024-11-21,SavingsBank,Lee-Rodriguez,Tax,1547,0,-1547,4,11,Thu,0
id768027,2024-11-21,CreditCard,Carroll-Herman,Investment,7229,0,-7229,4,11,Thu,1
id699143,2024-11-21,CheckingAccount,Solis-Hernandez,House,5063,0,-5063,4,11,Thu,0
id136864,2024-11-22,Cash,Cab,Hire,1142,0,-1142,4,11,Fri,0
id467215,2024-11-22,Cash,Price Group,Telephone,6629,0,-6629,4,11,Fri,0
id874508,2024-11-22,SavingsBank,Martinez-Stafford,Investment,7348,0,-7348,4,11,Fri,1
id299869,2024-11-22,CreditCard,Waller Wilson and Ashley,House,3177,0,-3177,4,11,Fri,0
id653438,2024-11-22,Cash,Brown Juarez and Hood,Investment,3983,0,-3983,4,11,Fri,1
id848439,2024-11-22,SavingsBank,Webb Peterson and Hansen,Insurance,8180,0,-8180,4,11,Fri,0
id296232,2024-11-23,Cash,Davis Frank and Atkins,House,3683,0,-3683,4,11,Sat,0
id593647,2024-11-23,SavingsBank,Chandler-Singleton,Internet,9669,0,-9669,4,11,Sat,0
id310505,2024-11-23,Cash,Cleaning,Hire,4760,0,-4760,4,11,Sat,0
id114535,2024-11-23,SavingsBank,Parrish Garcia and Robertson,House,3531,0,-3531,4,11,Sat,0
id737498,2024-11-23,Cash,Graham-Owens,Telephone,781,0,-781,4,11,Sat,0
id173379,2024-11-23,CheckingAccount,Driver,Hire,6754,0,-6754,4,11,Sat,0
id812003,2024-11-23,SavingsBank,Interest,Interest,0,2234,2234,4,11,Sat,0
id544943,2024-11-23,SavingsBank,Salary,Salary,0,140865,140865,4,11,Sat,0
id415977,2024-11-23,CheckingAccount,Cab,Hire,4078,0,-4078,4,11,Sat,0
id475460,2024-11-23,Cash,Cab,Hire,9467,0,-9467,4,11,Sat,0
id411412,2024-11-24,SavingsBank,Medina Inc,Books,3331,0,-3331,4,11,Sun,0
id460614,2024-11-24,CreditCard,Accountant,Hire,4279,0,-4279,4,11,Sun,0
id340791,2024-11-24,Cash,Baldwin PLC,Tax,2426,0,-2426,4,11,Sun,0
id251716,2024-11-24,CreditCard,Gonzalez-Jones,Internet,218,0,-218,4,11,Sun,0
id534819,2024-11-25,SavingsBank,Interest,Interest,0,7937,7937,4,11,Mon,0
id398890,2024-11-25,CheckingAccount,Thornton LLC,Investment,9473,0,-9473,4,11,Mon,1
id566909,2024-11-25,SavingsBank,Mitchell Group,Insurance,8648,0,-8648,4,11,Mon,0
id352424,2024-11-25,CreditCard,Wright and Sons,Telephone,4840,0,-4840,4,11,Mon,0
id135314,2024-11-25,SavingsBank,Salary,Salary,0,53610,53610,4,11,Mon,0
id724431,2024-11-25,CreditCard,English-Oconnor,Insurance,4611,0,-4611,4,11,Mon,0
id472352,2024-11-25,CheckingAccount,Smith and Sons,Books,7739,0,-7739,4,11,Mon,0
id928337,2024-11-25,CreditCard,Reed-Stewart,Telephone,2402,0,-2402,4,11,Mon,0
id660646,2024-11-25,Cash,Christian-Jackson,Investment,2195,0,-2195,4,11,Mon,1
id941973,2024-11-25,CreditCard,Hoffman-Mitchell,Grocery,1404,0,-1404,4,11,Mon,0
id368168,2024-11-25,CreditCard,Tate Thomas and Davis,Insurance,5416,0,-5416,4,11,Mon,0
id954122,2024-11-25,CreditCard,Turner Boyd and Caldwell,House,271,0,-271,4,11,Mon,0
id628394,2024-11-25,SavingsBank,Kelly LLC,Investment,827,0,-827,4,11,Mon,1
id336880,2024-11-26,CheckingAccount,Leonard Inc,Dinner,2585,0,-2585,4,11,Tue,0
id354506,2024-11-26,CreditCard,Taylor Hooper and Martinez,School,4601,0,-4601,4,11,Tue,0
id208391,2024-11-26,CheckingAccount,Dunlap-Bridges,Telephone,718,0,-718,4,11,Tue,0
id172680,2024-11-26,CreditCard,Bowers Duarte and Mason,Internet,8243,0,-8243,4,11,Tue,0
id748123,2024-11-26,CheckingAccount,Schroeder Taylor and Wiley,Dinner,3759,0,-3759,4,11,Tue,0
id486435,2024-11-26,Cash,Harris-White,Internet,8231,0,-8231,4,11,Tue,0
id529907,2024-11-27,CheckingAccount,Hanson Nash and Holder,School,9802,0,-9802,4,11,Wed,0
id604034,2024-11-27,SavingsBank,Jones-George,Telephone,2329,0,-2329,4,11,Wed,0
id357396,2024-11-27,CheckingAccount,James-Ramirez,Fuel,5470,0,-5470,4,11,Wed,0
id386821,2024-11-27,SavingsBank,Salary,Salary,0,37170,37170,4,11,Wed,0
id556669,2024-11-27,Cash,Gray Group,Investment,5799,0,-5799,4,11,Wed,1
id937284,2024-11-27,SavingsBank,Salary,Salary,0,149700,149700,4,11,Wed,0
id551663,2024-11-27,CreditCard,Aguirre Group,Books,5719,0,-5719,4,11,Wed,0
id959315,2024-11-27,SavingsBank,Torres Bailey and Briggs,Investment,6941,0,-6941,4,11,Wed,1
id787890,2024-11-28,CheckingAccount,Robinson Roberts and Terrell,Investment,9241,0,-9241,4,11,Thu,1
id657811,2024-11-28,SavingsBank,James Brown and Rodriguez,Internet,3739,0,-3739,4,11,Thu,0
id318018,2024-11-28,CheckingAccount,Peterson-Henderson,Fuel,4158,0,-4158,4,11,Thu,0
id548755,2024-11-28,SavingsBank,White Ltd,Telephone,2212,0,-2212,4,11,Thu,0
id853433,2024-11-28,CreditCard,Vaughn LLC,Telephone,4517,0,-4517,4,11,Thu,0
id708649,2024-11-29,Cash,Smith Ltd,House,6194,0,-6194,4,11,Fri,0
id191146,2024-11-29,CheckingAccount,Thompson Perry and Mercer,Investment,4611,0,-4611,4,11,Fri,1
id903103,2024-11-29,SavingsBank,Cab,Hire,7900,0,-7900,4,11,Fri,0
id703820,2024-11-29,SavingsBank,Salary,Salary,0,105240,105240,4,11,Fri,0
id432727,2024-11-29,CheckingAccount,Snyder Berry and Taylor,Insurance,9738,0,-9738,4,11,Fri,0
id702521,2024-11-30,CreditCard,Lynch Group,Fuel,7192,0,-7192,4,11,Sat,0
id396715,2024-11-30,Cash,Jennings and Sons,House,9439,0,-9439,4,11,Sat,0
id304943,2024-11-30,Cash,Taylor Ltd,Internet,5569,0,-5569,4,11,Sat,0
id838615,2024-11-30,CheckingAccount,Booker King and Sanders,Books,2556,0,-2556,4,11,Sat,0
id262329,2024-11-30,CheckingAccount,Cab,Hire,9375,0,-9375,4,11,Sat,0
id497342,2024-11-30,CreditCard,Vasquez PLC,Fuel,4458,0,-4458,4,11,Sat,0
id567092,2024-11-30,CreditCard,Mccormick-Spears,Insurance,4068,0,-4068,4,11,Sat,0
id609764,2024-12-01,SavingsBank,Driver,Hire,4803,0,-4803,4,12,Sun,0
id478654,2024-12-01,CreditCard,Brewer Curtis and Johnson,House,2610,0,-2610,4,12,Sun,0
id529130,2024-12-01,CheckingAccount,Mendoza Phillips and Patel,Fuel,1100,0,-1100,4,12,Sun,0
id917929,2024-12-01,Cash,Reyes Group,Investment,4627,0,-4627,4,12,Sun,1
id690164,2024-12-01,SavingsBank,Driver,Hire,9940,0,-9940,4,12,Sun,0
id138813,2024-12-01,Cash,Davis PLC,School,9220,0,-9220,4,12,Sun,0
id788980,2024-12-02,CheckingAccount,Noble-Bruce,House,5059,0,-5059,4,12,Mon,0
id185299,2024-12-02,Cash,Mcknight Ltd,Dinner,7684,0,-7684,4,12,Mon,0
id579802,2024-12-02,Cash,Williams Hall and Melton,Grocery,8443,0,-8443,4,12,Mon,0
id746223,2024-12-02,SavingsBank,Salary,Salary,0,79245,79245,4,12,Mon,0
id371887,2024-12-02,CheckingAccount,Accountant,Hire,9064,0,-9064,4,12,Mon,0
id128141,2024-12-02,CreditCard,Gill Parker and Fleming,Dinner,4765,0,-4765,4,12,Mon,0
id953607,2024-12-02,SavingsBank,Dividend,Dividend,0,6641,6641,4,12,Mon,0
id319639,2024-12-02,Cash,Odom-Clark,Telephone,566,0,-566,4,12,Mon,0
id516295,2024-12-02,SavingsBank,Meyers Maxwell and Thompson,Dinner,2497,0,-2497,4,12,Mon,0
id534025,2024-12-02,CheckingAccount,Ellison-Thompson,Fuel,8263,0,-8263,4,12,Mon,0
id628272,2024-12-03,Cash,Cantu Ho and Hughes,Internet,1803,0,-1803,4,12,Tue,0
id300666,2024-12-03,Cash,Hall-Jones,Insurance,3927,0,-3927,4,12,Tue,0
id642049,2024-12-03,CheckingAccount,Smith Kennedy and Harris,Fuel,5917,0,-5917,4,12,Tue,0
id959657,2024-12-03,CreditCard,Driver,Hire,6734,0,-6734,4,12,Tue,0
id805815,2024-12-03,Cash,Jackson-Forbes,Investment,5297,0,-5297,4,12,Tue,1
id850397,2024-12-03,CreditCard,Coleman LLC,Tax,4009,0,-4009,4,12,Tue,0
id627226,2024-12-03,CreditCard,Rice Reeves and Monroe,House,6343,0,-6343,4,12,Tue,0
id288646,2024-12-03,CheckingAccount,Larson Moon and Lynch,Internet,4749,0,-4749,4,12,Tue,0
id725893,2024-12-03,SavingsBank,Dividend,Dividend,0,612,612,4,12,Tue,0
id666937,2024-12-03,CreditCard,Harris-Pittman,Internet,6300,0,-6300,4,12,Tue,0
id651941,2024-12-04,CreditCard,Johnson PLC,Books,9425,0,-9425,4,12,Wed,0
id304137,2024-12-04,CreditCard,Anderson-Yu,Dinner,549,0,-549,4,12,Wed,0
id512889,2024-12-04,CreditCard,Cole Inc,Internet,5571,0,-5571,4,12,Wed,0
id761023,2024-12-04,SavingsBank,Smith and Sons,Grocery,6509,0,-6509,4,12,Wed,0
id676277,2024-12-04,CheckingAccount,Clark and Sons,Dinner,7394,0,-7394,4,12,Wed,0
id640848,2024-12-04,CheckingAccount,Hunter Spence and Fletcher,Internet,2812,0,-2812,4,12,Wed,0
id951853,2024-12-05,CheckingAccount,Williams Bailey and James,Dinner,1135,0,-1135,4,12,Thu,0
id780762,2024-12-05,Cash,Byrd-Pearson,Grocery,2016,0,-2016,4,12,Thu,0
id158015,2024-12-05,CheckingAccount,Cleaning,Hire,3599,0,-3599,4,12,Thu,0
id617204,2024-12-05,SavingsBank,Dividend,Dividend,0,8499,8499,4,12,Thu,0
id296322,2024-12-05,CreditCard,Moore Smith and Long,Insurance,4863,0,-4863,4,12,Thu,0
id817551,2024-12-06,Cash,Roberts Tucker and Cervantes,Tax,1405,0,-1405,4,12,Fri,0
id998501,2024-12-06,CheckingAccount,Tran-Jackson,Telephone,3146,0,-3146,4,12,Fri,0
id588643,2024-12-06,CheckingAccount,Wilkerson Curtis and Davidson,Dinner,795,0,-795,4,12,Fri,0
id648125,2024-12-06,Cash,Harper-Shea,Grocery,4158,0,-4158,4,12,Fri,0
id269565,2024-12-06,CheckingAccount,Carroll-Sanders,House,9722,0,-9722,4,12,Fri,0
id746919,2024-12-06,CreditCard,Morgan Inc,Internet,6214,0,-6214,4,12,Fri,0
id879016,2024-12-06,CheckingAccount,Duncan-Ferrell,House,6368,0,-6368,4,12,Fri,0
id450781,2024-12-06,CreditCard,Cooper Brown and Benitez,Investment,2216,0,-2216,4,12,Fri,1
id804019,2024-12-06,Cash,Morris Randall and Morgan,Internet,9350,0,-9350,4,12,Fri,0
id262576,2024-12-07,SavingsBank,Salary,Salary,0,145815,145815,4,12,Sat,0
id744065,2024-12-07,SavingsBank,York and Sons,House,1583,0,-1583,4,12,Sat,0
id395224,2024-12-07,CheckingAccount,Long Inc,Fuel,1028,0,-1028,4,12,Sat,0
id863619,2024-12-07,CreditCard,Edwards-Fletcher,Dinner,2776,0,-2776,4,12,Sat,0
id668514,2024-12-07,CreditCard,Gonzales-Cervantes,Investment,2885,0,-2885,4,12,Sat,1
id137319,2024-12-08,Cash,Gibbs Mccarthy and Barber,Investment,6547,0,-6547,4,12,Sun,1
id849704,2024-12-08,Cash,Bridges LLC,House,9006,0,-9006,4,12,Sun,0
id588618,2024-12-08,CheckingAccount,Patton-Burnett,Fuel,7566,0,-7566,4,12,Sun,0
id601260,2024-12-08,SavingsBank,Salary,Salary,0,123975,123975,4,12,Sun,0
id569604,2024-12-08,CreditCard,White Inc,House,6432,0,-6432,4,12,Sun,0
id439649,2024-12-08,Cash,Brown Powell and Mcgee,Fuel,828,0,-828,4,12,Sun,0
id193937,2024-12-08,CheckingAccount,Caldwell Smith and Mcdowell,House,8106,0,-8106,4,12,Sun,0
id970414,2024-12-08,SavingsBank,Jones Jimenez and Mooney,Investment,6672,0,-6672,4,12,Sun,1
id346793,2024-12-08,SavingsBank,Interest,Interest,0,6028,6028,4,12,Sun,0
id364481,2024-12-08,CreditCard,Dominguez-Fox,Fuel,783,0,-783,4,12,Sun,0
id307904,2024-12-09,CreditCard,Gordon-Bauer,Dinner,1228,0,-1228,4,12,Mon,0
id816885,2024-12-09,SavingsBank,Dividend,Dividend,0,620,620,4,12,Mon,0
id386119,2024-12-09,Cash,Howard Group,House,3645,0,-3645,4,12,Mon,0
id479327,2024-12-10,SavingsBank,Payne-Gonzalez,Dinner,2329,0,-2329,4,12,Tue,0
id915249,2024-12-10,Cash,Roth Smith and Cox,Investment,1780,0,-1780,4,12,Tue,1
id206998,2024-12-10,SavingsBank,Vega Hahn and Walter,Tax,5038,0,-5038,4,12,Tue,0
id339040,2024-12-10,CheckingAccount,Mooney Inc,House,2210,0,-2210,4,12,Tue,0
id550843,2024-12-11,SavingsBank,Salary,Salary,0,15495,15495,4,12,Wed,0
id450984,2024-12-11,SavingsBank,Allen-Chambers,Insurance,1224,0,-1224,4,12,Wed,0
id426687,2024-12-11,CreditCard,Torres and Sons,Dinner,2998,0,-2998,4,12,Wed,0
id664154,2024-12-11,Cash,Cleaning,Hire,7023,0,-7023,4,12,Wed,0
id530694,2024-12-11,SavingsBank,Mayo-Daniels,School,3084,0,-3084,4,12,Wed,0
id806463,2024-12-11,SavingsBank,Interest,Interest,0,7561,7561,4,12,Wed,0
id263323,2024-12-11,CreditCard,Green Palmer and Price,Fuel,4780,0,-4780,4,12,Wed,0
id894731,2024-12-12,Cash,Howell-Hernandez,Books,9575,0,-9575,4,12,Thu,0
id926508,2024-12-12,Cash,Carter Group,Investment,1140,0,-1140,4,12,Thu,1
id458054,2024-12-12,CheckingAccount,Franklin-Morgan,School,4899,0,-4899,4,12,Thu,0
id405533,2024-12-12,Cash,Gonzales-Steele,Investment,9250,0,-9250,4,12,Thu,1
id952631,2024-12-12,CheckingAccount,Martin Sandoval and Reeves,Telephone,9531,0,-9531,4,12,Thu,0
id605713,2024-12-13,CheckingAccount,Carr PLC,Internet,3081,0,-3081,4,12,Fri,0
id554771,2024-12-13,SavingsBank,Brown LLC,Grocery,3973,0,-3973,4,12,Fri,0
id729896,2024-12-13,CreditCard,Stevens PLC,Books,1649,0,-1649,4,12,Fri,0
id415998,2024-12-13,CreditCard,Armstrong LLC,Insurance,3090,0,-3090,4,12,Fri,0
id949219,2024-12-13,SavingsBank,Hicks Hall and Moreno,Dinner,3490,0,-3490,4,12,Fri,0
id607835,2024-12-13,Cash,Baker-Simmons,School,9898,0,-9898,4,12,Fri,0
id917486,2024-12-13,CreditCard,Mitchell Ashley and Ellis,Insurance,6077,0,-6077,4,12,Fri,0
id496192,2024-12-13,CreditCard,Black-Jenkins,Grocery,7382,0,-7382,4,12,Fri,0
id571320,2024-12-14,SavingsBank,Salary,Salary,0,137895,137895,4,12,Sat,0
id722629,2024-12-14,CheckingAccount,Conley-Foley,House,5615,0,-5615,4,12,Sat,0
id366454,2024-12-14,CreditCard,Strong Lambert and Burns,Dinner,7499,0,-7499,4,12,Sat,0
id875068,2024-12-14,Cash,Cab,Hire,5151,0,-5151,4,12,Sat,0
id602260,2024-12-14,CreditCard,Leblanc-Tran,Dinner,5633,0,-5633,4,12,Sat,0
id126274,2024-12-14,CheckingAccount,Ashley Obrien and Gray,Grocery,2544,0,-2544,4,12,Sat,0
id407638,2024-12-14,CheckingAccount,Brown LLC,Insurance,778,0,-778,4,12,Sat,0
id284417,2024-12-14,Cash,Bullock Howe and Collins,Internet,9673,0,-9673,4,12,Sat,0
id436510,2024-12-15,Cash,Salinas-Booth,School,1867,0,-1867,4,12,Sun,0
id643280,2024-12-15,CreditCard,Miller PLC,Internet,9413,0,-9413,4,12,Sun,0
id321233,2024-12-15,CheckingAccount,Accountant,Hire,7609,0,-7609,4,12,Sun,0
id244314,2024-12-15,CreditCard,Alexander Brown and Bailey,Dinner,2362,0,-2362,4,12,Sun,0
id891752,2024-12-16,CheckingAccount,Harrison Robbins and Taylor,Books,4510,0,-4510,4,12,Mon,0
id378133,2024-12-16,Cash,Davis-Shields,Fuel,7731,0,-7731,4,12,Mon,0
id200424,2024-12-16,SavingsBank,Schneider Inc,Telephone,2110,0,-2110,4,12,Mon,0
id244155,2024-12-17,CheckingAccount,Rodriguez-Porter,Books,380,0,-380,4,12,Tue,0
id767038,2024-12-17,CreditCard,Phillips Lamb and Aguirre,Grocery,4639,0,-4639,4,12,Tue,0
id417619,2024-12-17,CreditCard,Cook-Hess,Investment,6958,0,-6958,4,12,Tue,1
id610744,2024-12-17,SavingsBank,Dividend,Dividend,0,1265,1265,4,12,Tue,0
id484542,2024-12-17,SavingsBank,Huang-Vazquez,Grocery,9661,0,-9661,4,12,Tue,0
id845586,2024-12-17,CreditCard,Clark-Parrish,Dinner,2210,0,-2210,4,12,Tue,0
id268392,2024-12-17,CheckingAccount,Mcneil Townsend and Contreras,Grocery,9032,0,-9032,4,12,Tue,0
id348476,2024-12-17,CheckingAccount,Adams and Sons,Investment,5213,0,-5213,4,12,Tue,1
id423621,2024-12-17,SavingsBank,Salary,Salary,0,34305,34305,4,12,Tue,0
id870707,2024-12-17,SavingsBank,Salary,Salary,0,144285,144285,4,12,Tue,0
id863655,2024-12-17,CheckingAccount,Vargas-Norris,Dinner,4434,0,-4434,4,12,Tue,0
id852722,2024-12-17,CreditCard,Morris Craig and Wyatt,Internet,5601,0,-5601,4,12,Tue,0
id340156,2024-12-17,CreditCard,Lozano Schultz and Gill,Books,4693,0,-4693,4,12,Tue,0
id510576,2024-12-17,Cash,Accountant,Hire,203,0,-203,4,12,Tue,0
id535941,2024-12-18,SavingsBank,Clark Patterson and Edwards,School,1807,0,-1807,4,12,Wed,0
id789312,2024-12-18,Cash,Watkins-Richardson,Tax,594,0,-594,4,12,Wed,0
id924503,2024-12-18,CheckingAccount,Mills-Perez,Investment,7182,0,-7182,4,12,Wed,1
id169614,2024-12-18,CheckingAccount,Bryant and Sons,Grocery,4683,0,-4683,4,12,Wed,0
id697045,2024-12-18,CheckingAccount,Nguyen Jones and Anderson,Insurance,1691,0,-1691,4,12,Wed,0
id118538,2024-12-18,Cash,Dyer-Young,Internet,5739,0,-5739,4,12,Wed,0
id817509,2024-12-18,CheckingAccount,Santiago and Sons,Investment,884,0,-884,4,12,Wed,1
id317372,2024-12-19,CreditCard,Mullins-Barry,Dinner,1628,0,-1628,4,12,Thu,0
id836398,2024-12-19,Cash,Taylor and Sons,School,6134,0,-6134,4,12,Thu,0
id517059,2024-12-19,CheckingAccount,Smith PLC,Dinner,1903,0,-1903,4,12,Thu,0
id152523,2024-12-19,CreditCard,Bradshaw and Sons,Grocery,2507,0,-2507,4,12,Thu,0
id575270,2024-12-19,Cash,Watson Meyer and Brown,School,4021,0,-4021,4,12,Thu,0
id282904,2024-12-19,CheckingAccount,Savage LLC,Fuel,8389,0,-8389,4,12,Thu,0
id112983,2024-12-19,SavingsBank,Shepard PLC,Books,352,0,-352,4,12,Thu,0
id965146,2024-12-19,CheckingAccount,Baker and Sons,Telephone,4710,0,-4710,4,12,Thu,0
id195536,2024-12-19,CreditCard,Mann-Oneill,Dinner,981,0,-981,4,12,Thu,0
id616238,2024-12-19,CheckingAccount,Gilmore Inc,Insurance,8805,0,-8805,4,12,Thu,0
id231118,2024-12-19,Cash,Mcguire Group,Internet,6873,0,-6873,4,12,Thu,0
id645049,2024-12-19,CheckingAccount,Maldonado Hines and Fisher,Tax,9539,0,-9539,4,12,Thu,0
id451543,2024-12-20,Cash,Stewart-Wilson,Dinner,4734,0,-4734,4,12,Fri,0
id861220,2024-12-20,CreditCard,Cab,Hire,1914,0,-1914,4,12,Fri,0
id612854,2024-12-20,CreditCard,Lee-Terry,Internet,4007,0,-4007,4,12,Fri,0
id118367,2024-12-20,SavingsBank,Montgomery and Sons,Investment,2326,0,-2326,4,12,Fri,1
id517621,2024-12-21,CreditCard,Miller Cook and Mckay,Grocery,2694,0,-2694,4,12,Sat,0
id478067,2024-12-21,Cash,Driver,Hire,743,0,-743,4,12,Sat,0
id163351,2024-12-21,CheckingAccount,Simpson and Sons,Tax,7841,0,-7841,4,12,Sat,0
id635524,2024-12-21,CreditCard,Harrison and Sons,Grocery,1675,0,-1675,4,12,Sat,0
id557311,2024-12-22,CheckingAccount,Matthews Inc,House,6067,0,-6067,4,12,Sun,0
id600247,2024-12-22,SavingsBank,Daniel-Sanchez,Internet,186,0,-186,4,12,Sun,0
id266806,2024-12-22,Cash,Townsend LLC,Insurance,1137,0,-1137,4,12,Sun,0
id293505,2024-12-22,CreditCard,Robinson-Lewis,Investment,6759,0,-6759,4,12,Sun,1
id329962,2024-12-22,Cash,Long-Silva,Books,8222,0,-8222,4,12,Sun,0
id526042,2024-12-23,CreditCard,Sparks-Kirk,Grocery,7668,0,-7668,4,12,Mon,0
id323547,2024-12-23,CreditCard,Schultz LLC,Internet,7968,0,-7968,4,12,Mon,0
id928366,2024-12-23,CreditCard,Frank Ltd,Fuel,5536,0,-5536,4,12,Mon,0
id510307,2024-12-23,SavingsBank,Sandoval-Anderson,Telephone,4307,0,-4307,4,12,Mon,0
id771044,2024-12-23,Cash,Fernandez-Phillips,House,9351,0,-9351,4,12,Mon,0
id332040,2024-12-23,CheckingAccount,Tyler Molina and Reynolds,Telephone,8388,0,-8388,4,12,Mon,0
id723942,2024-12-23,Cash,Thompson Sanders and Duffy,Insurance,7769,0,-7769,4,12,Mon,0
id671807,2024-12-23,SavingsBank,Richard Taylor and Torres,Internet,2822,0,-2822,4,12,Mon,0
id736650,2024-12-24,SavingsBank,Myers-Anderson,School,4117,0,-4117,4,12,Tue,0
id853342,2024-12-24,SavingsBank,Payne-Martin,School,6289,0,-6289,4,12,Tue,0
id617721,2024-12-24,Cash,Peterson Group,Books,981,0,-981,4,12,Tue,0
id681082,2024-12-24,SavingsBank,Salary,Salary,0,144090,144090,4,12,Tue,0
id948947,2024-12-24,CheckingAccount,Mason LLC,Dinner,6983,0,-6983,4,12,Tue,0
id429979,2024-12-25,CreditCard,Bailey and Sons,Internet,1830,0,-1830,4,12,Wed,0
id515301,2024-12-25,CheckingAccount,Tyler Armstrong and Stark,Internet,8298,0,-8298,4,12,Wed,0
id383730,2024-12-25,CheckingAccount,Allen-Black,House,8002,0,-8002,4,12,Wed,0
id764567,2024-12-25,CheckingAccount,Arnold Coleman and Wright,Internet,4709,0,-4709,4,12,Wed,0
id251623,2024-12-25,SavingsBank,Shaffer-Bonilla,Telephone,8058,0,-8058,4,12,Wed,0
id293234,2024-12-26,CreditCard,Roberts LLC,Fuel,4281,0,-4281,4,12,Thu,0
id558490,2024-12-26,CheckingAccount,Norris Cameron and Smith,Telephone,8893,0,-8893,4,12,Thu,0
id126686,2024-12-26,SavingsBank,Pineda Group,Telephone,6849,0,-6849,4,12,Thu,0
id303826,2024-12-26,SavingsBank,Allen Rodriguez and Fletcher,Internet,9012,0,-9012,4,12,Thu,0
id965610,2024-12-26,CheckingAccount,Bailey Gonzales and Lee,School,3092,0,-3092,4,12,Thu,0
id631956,2024-12-26,Cash,Accountant,Hire,6031,0,-6031,4,12,Thu,0
id912763,2024-12-26,Cash,Bishop Mills and Berg,Fuel,7717,0,-7717,4,12,Thu,0
id928940,2024-12-26,Cash,Riggs Cook and Perez,Investment,7414,0,-7414,4,12,Thu,1
id881279,2024-12-26,Cash,Grant Daniels and Pena,Telephone,264,0,-264,4,12,Thu,0
id574649,2024-12-26,Cash,Olson PLC,House,4063,0,-4063,4,12,Thu,0
id212923,2024-12-26,SavingsBank,Salary,Salary,0,72225,72225,4,12,Thu,0
id839256,2024-12-26,Cash,Nichols Group,Grocery,3230,0,-3230,4,12,Thu,0
id255025,2024-12-27,SavingsBank,Interest,Interest,0,2945,2945,4,12,Fri,0
id777190,2024-12-27,CheckingAccount,Bailey-Scott,Telephone,8854,0,-8854,4,12,Fri,0
id282305,2024-12-28,CreditCard,Simpson Inc,Fuel,8156,0,-8156,4,12,Sat,0
id367052,2024-12-28,CreditCard,Adams Ltd,Grocery,2255,0,-2255,4,12,Sat,0
id198131,2024-12-28,CreditCard,Giles-Villanueva,Fuel,6072,0,-6072,4,12,Sat,0
id908977,2024-12-28,Cash,Young Gutierrez and Santos,Dinner,5854,0,-5854,4,12,Sat,0
id300564,2024-12-28,Cash,Carpenter Clayton and Garcia,Fuel,1552,0,-1552,4,12,Sat,0
id406976,2024-12-28,SavingsBank,Cain-Hardy,Tax,4625,0,-4625,4,12,Sat,0
id812440,2024-12-28,Cash,Cab,Hire,9332,0,-9332,4,12,Sat,0
id227936,2024-12-28,Cash,Little Osborne and Marks,Telephone,7067,0,-7067,4,12,Sat,0
id840192,2024-12-28,Cash,Walls LLC,Insurance,834,0,-834,4,12,Sat,0
id361395,2024-12-29,Cash,Valdez Ltd,Books,1793,0,-1793,4,12,Sun,0
id869745,2024-12-29,SavingsBank,Dividend,Dividend,0,2602,2602,4,12,Sun,0
id337661,2024-12-29,Cash,Stout LLC,Fuel,9769,0,-9769,4,12,Sun,0
id513455,2024-12-29,SavingsBank,Dividend,Dividend,0,1347,1347,4,12,Sun,0
id761691,2024-12-29,Cash,Jones Ellis and Barber,Insurance,6397,0,-6397,4,12,Sun,0
id663669,2024-12-29,SavingsBank,Rodriguez and Sons,Tax,4401,0,-4401,4,12,Sun,0
id595520,2024-12-29,Cash,Kim-Anderson,Tax,6323,0,-6323,4,12,Sun,0
id886965,2024-12-30,CheckingAccount,Butler LLC,Fuel,5022,0,-5022,4,12,Mon,0
id599414,2024-12-30,Cash,Gillespie LLC,Dinner,3112,0,-3112,4,12,Mon,0
id267206,2024-12-30,CreditCard,Perez Clark and Flores,School,5406,0,-5406,4,12,Mon,0
id824607,2024-12-30,CheckingAccount,Lin-Hodges,Fuel,7575,0,-7575,4,12,Mon,0
id758035,2024-12-30,CheckingAccount,Torres Lowe and Anthony,Books,8493,0,-8493,4,12,Mon,0
id355188,2024-12-30,CreditCard,Peterson Gallagher and Moreno,Fuel,2443,0,-2443,4,12,Mon,0
id989670,2024-12-31,CheckingAccount,Mason Saunders and Hughes,Dinner,404,0,-404,4,12,Tue,0
id764568,2024-12-31,Cash,Campbell Winters and Brooks,Books,4094,0,-4094,4,12,Tue,0
id830407,2024-12-31,CheckingAccount,Boone LLC,Books,8323,0,-8323,4,12,Tue,0
id746258,2024-12-31,CreditCard,Kent Inc,Grocery,2694,0,-2694,4,12,Tue,0
id782276,2024-12-31,Cash,Griffin Inc,Books,8241,0,-8241,4,12,Tue,0
id544083,2024-12-31,CreditCard,Reynolds Gardner and Gentry,Books,8270,0,-8270,4,12,Tue,0
id889253,2024-12-31,SavingsBank,Wright-Ho,Insurance,3341,0,-3341,4,12,Tue,0
id224201,2024-12-31,SavingsBank,Ramirez LLC,Insurance,3832,0,-3832,4,12,Tue,0
id332950,2025-01-01,CheckingAccount,Crane LLC,School,802,0,-802,1,1,Wed,0
id747973,2025-01-01,Cash,Wilson Inc,House,1449,0,-1449,1,1,Wed,0
id572546,2025-01-01,CreditCard,Knight Cole and Green,Investment,4319,0,-4319,1,1,Wed,1
id153720,2025-01-01,CreditCard,Hubbard Bell and Ortega,Books,6282,0,-6282,1,1,Wed,0
id708154,2025-01-01,CheckingAccount,Edwards-Buckley,Internet,3520,0,-3520,1,1,Wed,0
id582960,2025-01-01,SavingsBank,Interest,Interest,0,8566,8566,1,1,Wed,0
id347435,2025-01-01,Cash,Beard-Adams,Internet,4931,0,-4931,1,1,Wed,0
id383272,2025-01-01,Cash,Perez Stevenson and Simmons,Books,8935,0,-8935,1,1,Wed,0
id722701,2025-01-01,CheckingAccount,Giles Henderson and Warner,House,1653,0,-1653,1,1,Wed,0
id952791,2025-01-01,Cash,Cruz Group,Dinner,2179,0,-2179,1,1,Wed,0
id114428,2025-01-01,CreditCard,Edwards-Thomas,School,598,0,-598,1,1,Wed,0
id250751,2025-01-02,SavingsBank,Interest,Interest,0,9575,9575,1,1,Thu,0
id801063,2025-01-02,SavingsBank,Ray and Sons,Internet,7201,0,-7201,1,1,Thu,0
id672148,2025-01-02,SavingsBank,Cantu-Terrell,Tax,4301,0,-4301,1,1,Thu,0
id267414,2025-01-02,Cash,Lawson-Mercer,Internet,104,0,-104,1,1,Thu,0
id753650,2025-01-02,SavingsBank,Underwood Inc,Insurance,757,0,-757,1,1,Thu,0
id481878,2025-01-03,CreditCard,Brown Cooley and Rivas,School,5208,0,-5208,1,1,Fri,0
id712182,2025-01-03,Cash,Watkins Johnson and Russell,Dinner,3375,0,-3375,1,1,Fri,0
id314392,2025-01-03,SavingsBank,Salary,Salary,0,59190,59190,1,1,Fri,0
id272246,2025-01-03,CreditCard,Ramsey PLC,Books,8959,0,-8959,1,1,Fri,0
id872942,2025-01-03,Cash,Rhodes-Bates,House,9079,0,-9079,1,1,Fri,0
id700601,2025-01-04,CheckingAccount,Perry-Hall,School,1237,0,-1237,1,1,Sat,0
id359764,2025-01-04,Cash,Smith-Hawkins,Tax,1033,0,-1033,1,1,Sat,0
id514441,2025-01-04,CreditCard,Carroll Andrews and Rodriguez,Dinner,744,0,-744,1,1,Sat,0
id810440,2025-01-04,CheckingAccount,Padilla and Sons,School,8979,0,-8979,1,1,Sat,0
id596253,2025-01-04,CheckingAccount,Mahoney-Armstrong,Telephone,1796,0,-1796,1,1,Sat,0
id238001,2025-01-05,SavingsBank,Brown-Lopez,House,4524,0,-4524,1,1,Sun,0
id857176,2025-01-05,Cash,Ellis-Norton,Internet,2584,0,-2584,1,1,Sun,0
id431621,2025-01-05,CheckingAccount,Young LLC,House,8203,0,-8203,1,1,Sun,0
id610332,2025-01-05,Cash,Davis Rojas and Johnson,House,5853,0,-5853,1,1,Sun,0
id469571,2025-01-05,Cash,Benjamin Group,School,1944,0,-1944,1,1,Sun,0
id295505,2025-01-05,Cash,Wells PLC,House,1384,0,-1384,1,1,Sun,0
id405401,2025-01-05,CreditCard,Murphy LLC,Internet,4297,0,-4297,1,1,Sun,0
id855136,2025-01-05,SavingsBank,Marsh LLC,Internet,3341,0,-3341,1,1,Sun,0
id329441,2025-01-05,CheckingAccount,Robinson Inc,Insurance,9347,0,-9347,1,1,Sun,0
id510599,2025-01-06,CheckingAccount,Thomas Jordan and Young,House,7793,0,-7793,1,1,Mon,0
id638331,2025-01-06,CheckingAccount,Sanchez-Williams,Internet,2006,0,-2006,1,1,Mon,0
id365104,2025-01-06,Cash,Jackson LLC,Books,6079,0,-6079,1,1,Mon,0
id923991,2025-01-06,CreditCard,Lawson-Miller,House,8974,0,-8974,1,1,Mon,0
id414674,2025-01-06,CheckingAccount,Johnson-Young,Tax,1082,0,-1082,1,1,Mon,0
id382710,2025-01-06,SavingsBank,Dividend,Dividend,0,1898,1898,1,1,Mon,0
id749652,2025-01-07,Cash,Burns Burns and Riley,School,6249,0,-6249,1,1,Tue,0
id912352,2025-01-07,CreditCard,Brooks Jackson and Williams,Tax,5530,0,-5530,1,1,Tue,0
id271739,2025-01-07,SavingsBank,Interest,Interest,0,8166,8166,1,1,Tue,0
id371447,2025-01-07,CreditCard,Bell Snyder and Rice,Investment,4723,0,-4723,1,1,Tue,1
id856492,2025-01-07,Cash,Lopez-Wallace,Grocery,583,0,-583,1,1,Tue,0
id130823,2025-01-07,CheckingAccount,Martinez White and Morgan,Telephone,4217,0,-4217,1,1,Tue,0
id800096,2025-01-07,SavingsBank,Castaneda-Barker,Fuel,9770,0,-9770,1,1,Tue,0
id840690,2025-01-08,CheckingAccount,Williams-Paul,Fuel,3871,0,-3871,1,1,Wed,0
id589156,2025-01-08,Cash,Dennis-Caldwell,School,6317,0,-6317,1,1,Wed,0
id956548,2025-01-08,CreditCard,Cohen West and Floyd,Grocery,4528,0,-4528,1,1,Wed,0
id762842,2025-01-08,CreditCard,White-Sutton,Internet,9404,0,-9404,1,1,Wed,0
id115332,2025-01-08,Cash,Matthews-Myers,School,751,0,-751,1,1,Wed,0
id706483,2025-01-08,CheckingAccount,Douglas-Hudson,Tax,5405,0,-5405,1,1,Wed,0
id624119,2025-01-08,CreditCard,Garcia-David,Books,4576,0,-4576,1,1,Wed,0
id997064,2025-01-08,Cash,Torres Cruz and Rasmussen,Investment,1864,0,-1864,1,1,Wed,1
id929523,2025-01-08,SavingsBank,Carlson Garcia and Schneider,Internet,9882,0,-9882,1,1,Wed,0
id279268,2025-01-08,Cash,Cab,Hire,6888,0,-6888,1,1,Wed,0
id138326,2025-01-09,CheckingAccount,Berry Lee and Odom,Telephone,2816,0,-2816,1,1,Thu,0
id218815,2025-01-09,Cash,Jarvis Walker and Brooks,Tax,505,0,-505,1,1,Thu,0
id539358,2025-01-09,CreditCard,Forbes LLC,Dinner,3621,0,-3621,1,1,Thu,0
id736517,2025-01-09,SavingsBank,Wells Garcia and Yang,Telephone,4118,0,-4118,1,1,Thu,0
id502786,2025-01-09,Cash,Walsh Serrano and Newman,Internet,9601,0,-9601,1,1,Thu,0
id378905,2025-01-09,SavingsBank,Jones Inc,Fuel,7631,0,-7631,1,1,Thu,0
id345433,2025-01-10,CheckingAccount,Bell Park and Koch,House,2678,0,-2678,1,1,Fri,0
id437216,2025-01-10,CheckingAccount,Pena Inc,Tax,2769,0,-2769,1,1,Fri,0
id758419,2025-01-10,CreditCard,Hart PLC,School,9054,0,-9054,1,1,Fri,0
id353775,2025-01-10,CheckingAccount,Jordan Ltd,Books,1394,0,-1394,1,1,Fri,0
id586890,2025-01-10,CheckingAccount,Smith PLC,Telephone,7603,0,-7603,1,1,Fri,0
id413642,2025-01-10,Cash,Parker-Hayden,Insurance,2273,0,-2273,1,1,Fri,0
id333413,2025-01-10,CheckingAccount,Gaines Wilson and Brown,Dinner,1037,0,-1037,1,1,Fri,0
id245774,2025-01-10,CreditCard,Parsons-Marshall,Books,800,0,-800,1,1,Fri,0
id910211,2025-01-11,SavingsBank,Dividend,Dividend,0,9130,9130,1,1,Sat,0
id986286,2025-01-11,SavingsBank,Riddle Rush and Hines,Investment,6941,0,-6941,1,1,Sat,1
id686035,2025-01-11,CreditCard,Villegas Norman and Schneider,School,5115,0,-5115,1,1,Sat,0
id898512,2025-01-12,Cash,Jordan Inc,Grocery,5355,0,-5355,1,1,Sun,0
id250535,2025-01-12,CreditCard,King Edwards and Villegas,Grocery,8849,0,-8849,1,1,Sun,0
id868801,2025-01-12,CreditCard,Todd Daniels and Moore,Telephone,159,0,-159,1,1,Sun,0
id379051,2025-01-12,CreditCard,Gibbs and Sons,School,8611,0,-8611,1,1,Sun,0
id799434,2025-01-12,CreditCard,Miller-Dodson,Grocery,8034,0,-8034,1,1,Sun,0
id532371,2025-01-12,Cash,Morrison PLC,Insurance,784,0,-784,1,1,Sun,0
id435151,2025-01-12,Cash,Brown and Sons,House,2680,0,-2680,1,1,Sun,0
id482584,2025-01-12,CheckingAccount,Harris PLC,Grocery,5597,0,-5597,1,1,Sun,0
id653436,2025-01-12,CheckingAccount,Cab,Hire,4205,0,-4205,1,1,Sun,0
id409763,2025-01-12,CheckingAccount,Sanchez-Evans,Investment,145,0,-145,1,1,Sun,1
id674850,2025-01-13,CheckingAccount,Doyle-Gray,Grocery,9714,0,-9714,1,1,Mon,0
id391518,2025-01-13,CheckingAccount,Lang Ltd,School,111,0,-111,1,1,Mon,0
id364324,2025-01-13,SavingsBank,Dividend,Dividend,0,1317,1317,1,1,Mon,0
id701137,2025-01-14,Cash,Williams-Campbell,Fuel,7514,0,-7514,1,1,Tue,0
id127353,2025-01-14,SavingsBank,Salary,Salary,0,85005,85005,1,1,Tue,0
id145567,2025-01-14,Cash,Johnson Ltd,Tax,7043,0,-7043,1,1,Tue,0
id575207,2025-01-14,CreditCard,Stewart Inc,House,9067,0,-9067,1,1,Tue,0
id627770,2025-01-14,CheckingAccount,Pugh Richardson and Nelson,Dinner,655,0,-655,1,1,Tue,0
id627938,2025-01-14,CheckingAccount,Thomas-Hull,House,585,0,-585,1,1,Tue,0
id251300,2025-01-14,Cash,Powell Group,Fuel,9313,0,-9313,1,1,Tue,0
id787522,2025-01-15,CheckingAccount,Newton Bryan and Byrd,Telephone,5711,0,-5711,1,1,Wed,0
id992448,2025-01-15,Cash,Fisher-Rubio,Tax,136,0,-136,1,1,Wed,0
id835855,2025-01-15,SavingsBank,Reeves Carr and Serrano,Insurance,3572,0,-3572,1,1,Wed,0
id281282,2025-01-15,CheckingAccount,Velazquez-King,Telephone,3677,0,-3677,1,1,Wed,0
id280842,2025-01-15,CreditCard,Hopkins Fitzgerald and Morse,Investment,5831,0,-5831,1,1,Wed,1
id328552,2025-01-15,CheckingAccount,Pittman Allen and Torres,House,5074,0,-5074,1,1,Wed,0
id937538,2025-01-15,CheckingAccount,Nixon Shaffer and Cummings,Books,215,0,-215,1,1,Wed,0
id429785,2025-01-15,Cash,Turner Burnett and Mcguire,Internet,2346,0,-2346,1,1,Wed,0
id800053,2025-01-15,SavingsBank,Cab,Hire,4218,0,-4218,1,1,Wed,0
id164828,2025-01-15,CreditCard,Ford LLC,Grocery,7622,0,-7622,1,1,Wed,0
id562074,2025-01-16,Cash,Cleaning,Hire,3630,0,-3630,1,1,Thu,0
id345487,2025-01-16,CreditCard,Taylor LLC,Insurance,8994,0,-8994,1,1,Thu,0
id995439,2025-01-16,CreditCard,Jackson-Edwards,Telephone,7818,0,-7818,1,1,Thu,0
id794440,2025-01-16,CheckingAccount,Edwards PLC,Dinner,6340,0,-6340,1,1,Thu,0
id254117,2025-01-16,CheckingAccount,Schultz Ltd,Telephone,3891,0,-3891,1,1,Thu,0
id774536,2025-01-16,CreditCard,Marquez-Smith,School,6597,0,-6597,1,1,Thu,0
id884632,2025-01-16,Cash,Graham Inc,Investment,3065,0,-3065,1,1,Thu,1
id191281,2025-01-16,Cash,Moore-Thompson,Insurance,8906,0,-8906,1,1,Thu,0
id363411,2025-01-16,CheckingAccount,Cleaning,Hire,1755,0,-1755,1,1,Thu,0
id660659,2025-01-16,CheckingAccount,Davis Jackson and Martinez,Internet,6345,0,-6345,1,1,Thu,0
id735540,2025-01-16,CheckingAccount,Cole-Jackson,Insurance,9051,0,-9051,1,1,Thu,0
id520429,2025-01-17,Cash,Cleaning,Hire,2778,0,-2778,1,1,Fri,0
id444806,2025-01-17,CreditCard,Driver,Hire,8741,0,-8741,1,1,Fri,0
id229692,2025-01-17,SavingsBank,Garza and Sons,House,6972,0,-6972,1,1,Fri,0
id471803,2025-01-17,CheckingAccount,Cab,Hire,9968,0,-9968,1,1,Fri,0
id571912,2025-01-17,Cash,Johnson-Warren,Books,3645,0,-3645,1,1,Fri,0
id641496,2025-01-18,SavingsBank,Barnett-Tran,Dinner,3573,0,-3573,1,1,Sat,0
id262319,2025-01-18,Cash,Smith-Jackson,Investment,6509,0,-6509,1,1,Sat,1
id284707,2025-01-18,SavingsBank,Berger Hawkins and Jones,Insurance,9328,0,-9328,1,1,Sat,0
id193647,2025-01-18,SavingsBank,Lee Ltd,School,4284,0,-4284,1,1,Sat,0
id717699,2025-01-18,SavingsBank,Anderson Thomas and Hooper,Grocery,4344,0,-4344,1,1,Sat,0
id950816,2025-01-18,Cash,Murray Schmidt and Williams,Fuel,2751,0,-2751,1,1,Sat,0
id590545,2025-01-19,Cash,Sosa Group,Books,1223,0,-1223,1,1,Sun,0
id554640,2025-01-19,CreditCard,Anderson-May,Fuel,4586,0,-4586,1,1,Sun,0
id415327,2025-01-19,Cash,Driver,Hire,1837,0,-1837,1,1,Sun,0
id996705,2025-01-19,CheckingAccount,Lee and Sons,Telephone,2759,0,-2759,1,1,Sun,0
id460968,2025-01-19,Cash,Hale Cole and Carlson,School,2101,0,-2101,1,1,Sun,0
id204821,2025-01-19,Cash,Cleaning,Hire,1878,0,-1878,1,1,Sun,0
id369993,2025-01-19,CheckingAccount,Henry PLC,Grocery,7235,0,-7235,1,1,Sun,0
id507690,2025-01-19,CreditCard,Brown Mccullough and Gibson,Telephone,4319,0,-4319,1,1,Sun,0
id855684,2025-01-19,SavingsBank,Collier LLC,House,3742,0,-3742,1,1,Sun,0
id988778,2025-01-19,Cash,Stokes PLC,Dinner,7635,0,-7635,1,1,Sun,0
id225019,2025-01-19,SavingsBank,Gonzalez PLC,Internet,8731,0,-8731,1,1,Sun,0
id577917,2025-01-19,Cash,Mathews Madden and White,Dinner,8322,0,-8322,1,1,Sun,0
id571421,2025-01-20,CheckingAccount,Becker-Neal,School,8507,0,-8507,1,1,Mon,0
id574208,2025-01-20,Cash,Robinson Mann and Fields,Insurance,3228,0,-3228,1,1,Mon,0
id687639,2025-01-20,Cash,Pierce-Meyer,Telephone,3731,0,-3731,1,1,Mon,0
id820480,2025-01-20,Cash,Driver,Hire,4152,0,-4152,1,1,Mon,0
id934092,2025-01-20,Cash,Cleaning,Hire,8795,0,-8795,1,1,Mon,0
id317084,2025-01-20,SavingsBank,Stokes Miller and Thompson,Grocery,1289,0,-1289,1,1,Mon,0
id607106,2025-01-20,SavingsBank,Sanders Howard and Perkins,Grocery,5449,0,-5449,1,1,Mon,0
id217115,2025-01-20,Cash,Driver,Hire,465,0,-465,1,1,Mon,0
id527986,2025-01-20,Cash,Johnson-Coffey,Dinner,2863,0,-2863,1,1,Mon,0
id642524,2025-01-20,SavingsBank,Salary,Salary,0,60810,60810,1,1,Mon,0
id598836,2025-01-20,CreditCard,Weiss-Rodriguez,Fuel,4935,0,-4935,1,1,Mon,0
id588744,2025-01-20,SavingsBank,Interest,Interest,0,9846,9846,1,1,Mon,0
id772951,2025-01-21,Cash,Morrison Martin and Willis,Books,9755,0,-9755,1,1,Tue,0
id647440,2025-01-21,SavingsBank,Dividend,Dividend,0,7158,7158,1,1,Tue,0
id470947,2025-01-22,CheckingAccount,Cook-Vargas,Internet,7422,0,-7422,1,1,Wed,0
id433566,2025-01-22,SavingsBank,Clarke Group,Dinner,9909,0,-9909,1,1,Wed,0
id992760,2025-01-22,Cash,Solis Melendez and Little,Tax,9655,0,-9655,1,1,Wed,0
id233398,2025-01-22,SavingsBank,Burgess LLC,Fuel,9246,0,-9246,1,1,Wed,0
id692263,2025-01-23,CheckingAccount,Carter-Owens,Grocery,2751,0,-2751,1,1,Thu,0
id759952,2025-01-23,CheckingAccount,Duncan LLC,House,6893,0,-6893,1,1,Thu,0
id177449,2025-01-23,CheckingAccount,Cruz LLC,House,9429,0,-9429,1,1,Thu,0
id730849,2025-01-24,Cash,Williams PLC,Internet,9980,0,-9980,1,1,Fri,0
id286864,2025-01-24,SavingsBank,Smith-Schneider,School,332,0,-332,1,1,Fri,0
id623605,2025-01-24,Cash,Hawkins PLC,Internet,4095,0,-4095,1,1,Fri,0
id151755,2025-01-25,Cash,Herrera PLC,Books,1263,0,-1263,1,1,Sat,0
id814665,2025-01-25,Cash,Reeves Group,Fuel,5379,0,-5379,1,1,Sat,0
id748865,2025-01-25,CheckingAccount,Brown Ltd,House,2145,0,-2145,1,1,Sat,0
id873344,2025-01-25,CheckingAccount,Accountant,Hire,4164,0,-4164,1,1,Sat,0
id306842,2025-01-26,Cash,Nguyen Figueroa and Martinez,Fuel,4081,0,-4081,1,1,Sun,0
id762380,2025-01-26,SavingsBank,Salary,Salary,0,2040,2040,1,1,Sun,0
id729342,2025-01-26,SavingsBank,Kennedy Group,Investment,3934,0,-3934,1,1,Sun,1
id177331,2025-01-26,CreditCard,Cab,Hire,5747,0,-5747,1,1,Sun,0
id615552,2025-01-26,SavingsBank,Salary,Salary,0,86175,86175,1,1,Sun,0
id636331,2025-01-27,CreditCard,Suarez Marquez and Shields,Internet,1326,0,-1326,1,1,Mon,0
id937906,2025-01-27,Cash,Gomez-Mckee,House,498,0,-498,1,1,Mon,0
id872117,2025-01-27,CheckingAccount,Accountant,Hire,4807,0,-4807,1,1,Mon,0
id747373,2025-01-27,CheckingAccount,Gregory Scott and Johnson,Tax,8026,0,-8026,1,1,Mon,0
id229141,2025-01-27,Cash,Lee LLC,Internet,2500,0,-2500,1,1,Mon,0
id919033,2025-01-27,Cash,Miller LLC,House,934,0,-934,1,1,Mon,0
id422010,2025-01-27,CheckingAccount,Anderson Mckinney and Rowe,Tax,2322,0,-2322,1,1,Mon,0
id300554,2025-01-27,Cash,Mccoy Stevens and Yang,Books,279,0,-279,1,1,Mon,0
id490924,2025-01-27,SavingsBank,Griffin Inc,House,1558,0,-1558,1,1,Mon,0
id547097,2025-01-27,CheckingAccount,Cab,Hire,226,0,-226,1,1,Mon,0
id249588,2025-01-28,CreditCard,Collins-Barrett,Grocery,5602,0,-5602,1,1,Tue,0
id197809,2025-01-28,SavingsBank,Oliver Holt and Miller,Books,5096,0,-5096,1,1,Tue,0
id508846,2025-01-28,Cash,Garcia Inc,Investment,1559,0,-1559,1,1,Tue,1
id519335,2025-01-28,CheckingAccount,Perez Group,Grocery,1257,0,-1257,1,1,Tue,0
id642513,2025-01-29,CheckingAccount,Green Group,Books,9227,0,-9227,1,1,Wed,0
id526436,2025-01-29,CreditCard,Richardson-Baker,Dinner,8079,0,-8079,1,1,Wed,0
id552485,2025-01-29,SavingsBank,Bowman-Smith,Insurance,916,0,-916,1,1,Wed,0
id668034,2025-01-29,CreditCard,Sanchez Inc,Fuel,8491,0,-8491,1,1,Wed,0
id128989,2025-01-30,CreditCard,Adams LLC,School,1961,0,-1961,1,1,Thu,0
id533227,2025-01-30,CheckingAccount,Potts Conway and Jones,Grocery,7059,0,-7059,1,1,Thu,0
id164862,2025-01-30,SavingsBank,Mason White and Alvarado,Insurance,8900,0,-8900,1,1,Thu,0
id361470,2025-01-30,Cash,Horton Gay and Gonzalez,Dinner,7859,0,-7859,1,1,Thu,0
id555550,2025-01-30,CreditCard,Brown Carey and Cruz,House,2787,0,-2787,1,1,Thu,0
id881744,2025-01-30,CheckingAccount,Lawrence-Olsen,Fuel,5132,0,-5132,1,1,Thu,0
id215546,2025-01-30,SavingsBank,Burnett-Davis,Books,6137,0,-6137,1,1,Thu,0
id681607,2025-01-30,CheckingAccount,Morgan Mcdonald and Bennett,Insurance,726,0,-726,1,1,Thu,0
id382524,2025-01-30,CheckingAccount,Haley Wood and Mercado,Fuel,2288,0,-2288,1,1,Thu,0
id132091,2025-01-31,Cash,Garcia Ltd,Fuel,1451,0,-1451,1,1,Fri,0
id986649,2025-01-31,CreditCard,Mitchell-Harper,Tax,6700,0,-6700,1,1,Fri,0
id532200,2025-01-31,Cash,Cleaning,Hire,729,0,-729,1,1,Fri,0
id490986,2025-01-31,CreditCard,Kim Group,House,5817,0,-5817,1,1,Fri,0
id182355,2025-01-31,CheckingAccount,Reed and Sons,Books,5602,0,-5602,1,1,Fri,0
id780898,2025-01-31,SavingsBank,Stanley LLC,Fuel,5952,0,-5952,1,1,Fri,0
id483437,2025-01-31,SavingsBank,Snyder PLC,Tax,2076,0,-2076,1,1,Fri,0
id786267,2025-01-31,Cash,Driver,Hire,8139,0,-8139,1,1,Fri,0
id585932,2025-01-31,CreditCard,Moore-Dixon,Investment,3158,0,-3158,1,1,Fri,1
id117716,2025-01-31,Cash,Taylor Williams and Barber,Books,1186,0,-1186,1,1,Fri,0
id270607,2025-01-31,SavingsBank,Hays Inc,Telephone,6207,0,-6207,1,1,Fri,0
id973871,2025-01-31,CheckingAccount,Ruiz Inc,Fuel,4320,0,-4320,1,1,Fri,0
id793001,2025-02-01,Cash,Sanchez Ltd,Internet,5965,0,-5965,1,2,Sat,0
id702877,2025-02-01,SavingsBank,Chandler PLC,House,3402,0,-3402,1,2,Sat,0
id367025,2025-02-01,CreditCard,Hatfield Ltd,Tax,5930,0,-5930,1,2,Sat,0
id947177,2025-02-01,CheckingAccount,Moore LLC,House,9055,0,-9055,1,2,Sat,0
id476295,2025-02-01,Cash,White-Miller,Fuel,5700,0,-5700,1,2,Sat,0
id526362,2025-02-01,CreditCard,White-Campbell,Investment,6328,0,-6328,1,2,Sat,1
id581071,2025-02-01,CheckingAccount,Williamson Johnson and Gilbert,Dinner,4870,0,-4870,1,2,Sat,0
id181417,2025-02-01,Cash,Peters Williams and Cummings,School,684,0,-684,1,2,Sat,0
id512363,2025-02-01,CheckingAccount,Cleaning,Hire,6496,0,-6496,1,2,Sat,0
id559961,2025-02-01,CreditCard,Holmes Inc,Books,5539,0,-5539,1,2,Sat,0
id124956,2025-02-01,CheckingAccount,Cleaning,Hire,1466,0,-1466,1,2,Sat,0
id716465,2025-02-02,Cash,Macias and Sons,Tax,4952,0,-4952,1,2,Sun,0
id523171,2025-02-02,CheckingAccount,Driver,Hire,1303,0,-1303,1,2,Sun,0
id335988,2025-02-02,CreditCard,Reynolds-Ross,Internet,895,0,-895,1,2,Sun,0
id304483,2025-02-02,SavingsBank,Flowers May and Potts,Insurance,7762,0,-7762,1,2,Sun,0
id402652,2025-02-02,CreditCard,Sanchez Nielsen and Tyler,Books,2008,0,-2008,1,2,Sun,0
id439051,2025-02-02,CheckingAccount,Aguilar-King,School,5584,0,-5584,1,2,Sun,0
id722136,2025-02-02,CreditCard,Edwards Turner and Howard,Fuel,3295,0,-3295,1,2,Sun,0
id702737,2025-02-02,Cash,Lewis Williams and Hawkins,School,5618,0,-5618,1,2,Sun,0
id948736,2025-02-03,CreditCard,Williams-Smith,School,3216,0,-3216,1,2,Mon,0
id740091,2025-02-03,SavingsBank,Salary,Salary,0,84915,84915,1,2,Mon,0
id121838,2025-02-03,CheckingAccount,Perez LLC,Insurance,4360,0,-4360,1,2,Mon,0
id503873,2025-02-03,CheckingAccount,Torres Ltd,Internet,2801,0,-2801,1,2,Mon,0
id543366,2025-02-03,CheckingAccount,Mack PLC,Investment,8978,0,-8978,1,2,Mon,1
id186745,2025-02-03,Cash,Harper-Ewing,House,3311,0,-3311,1,2,Mon,0
id693929,2025-02-03,Cash,Stein-Bridges,Fuel,9247,0,-9247,1,2,Mon,0
id507404,2025-02-03,CreditCard,Hill Thompson and Bennett,Investment,4029,0,-4029,1,2,Mon,1
id150386,2025-02-03,CheckingAccount,Lopez LLC,House,7439,0,-7439,1,2,Mon,0
id740057,2025-02-04,SavingsBank,Whitney Group,Tax,2705,0,-2705,1,2,Tue,0
id367990,2025-02-04,CreditCard,Accountant,Hire,2499,0,-2499,1,2,Tue,0
id240425,2025-02-04,SavingsBank,Knox-Zamora,Insurance,8834,0,-8834,1,2,Tue,0
id642738,2025-02-04,SavingsBank,Salary,Salary,0,56670,56670,1,2,Tue,0
id822984,2025-02-04,CheckingAccount,Robinson Anderson and Kim,House,3426,0,-3426,1,2,Tue,0
id591638,2025-02-04,CheckingAccount,Ward Mathews and Valdez,School,1069,0,-1069,1,2,Tue,0
id679444,2025-02-04,CheckingAccount,Johnson-Martinez,Dinner,9750,0,-9750,1,2,Tue,0
id716645,2025-02-05,CreditCard,Holloway Ltd,Dinner,1970,0,-1970,1,2,Wed,0
id918486,2025-02-05,CheckingAccount,Parker Mosley and Gutierrez,School,6822,0,-6822,1,2,Wed,0
id513351,2025-02-05,CreditCard,Johnston-Daniels,Books,1338,0,-1338,1,2,Wed,0
id634070,2025-02-05,CheckingAccount,Salinas-Roberts,Books,2317,0,-2317,1,2,Wed,0
id390386,2025-02-05,CreditCard,Russell Ltd,Insurance,7976,0,-7976,1,2,Wed,0
id934810,2025-02-05,CreditCard,King Carroll and Anderson,Investment,5375,0,-5375,1,2,Wed,1
id479940,2025-02-05,SavingsBank,Adams Freeman and Rodriguez,Tax,2056,0,-2056,1,2,Wed,0
id971418,2025-02-05,Cash,Wolfe Ltd,Telephone,2125,0,-2125,1,2,Wed,0
id984937,2025-02-05,CheckingAccount,Simon Phillips and Sullivan,Insurance,8854,0,-8854,1,2,Wed,0
id900638,2025-02-05,SavingsBank,Goodman-Johnson,Dinner,3276,0,-3276,1,2,Wed,0
id275991,2025-02-06,Cash,Cab,Hire,4248,0,-4248,1,2,Thu,0
id977363,2025-02-06,Cash,Robinson-Martin,School,6103,0,-6103,1,2,Thu,0
id280405,2025-02-06,CheckingAccount,Lopez Ltd,Grocery,7192,0,-7192,1,2,Thu,0
id225780,2025-02-07,CheckingAccount,Alexander-Berg,School,6668,0,-6668,1,2,Fri,0
id563951,2025-02-07,CheckingAccount,Mcdaniel Evans and Johnson,Books,2472,0,-2472,1,2,Fri,0
id794192,2025-02-07,CheckingAccount,Hudson Group,Insurance,800,0,-800,1,2,Fri,0
id841574,2025-02-07,CreditCard,Morrow Inc,Telephone,4808,0,-4808,1,2,Fri,0
id252836,2025-02-08,CreditCard,Scott-Johnson,School,5680,0,-5680,1,2,Sat,0
id373415,2025-02-08,CreditCard,Frank-Woods,Grocery,5573,0,-5573,1,2,Sat,0
id768193,2025-02-08,CreditCard,Taylor-Perez,Grocery,3087,0,-3087,1,2,Sat,0
id358670,2025-02-08,CreditCard,Torres LLC,Telephone,9955,0,-9955,1,2,Sat,0
id490736,2025-02-08,CreditCard,Turner Merritt and Chandler,Fuel,3098,0,-3098,1,2,Sat,0
id162790,2025-02-08,SavingsBank,Martinez-Thompson,Dinner,7058,0,-7058,1,2,Sat,0
id650740,2025-02-08,SavingsBank,Lewis-Jenkins,Fuel,9655,0,-9655,1,2,Sat,0
id948858,2025-02-08,CreditCard,Nguyen Ltd,Investment,7496,0,-7496,1,2,Sat,1
id573387,2025-02-08,CreditCard,Gutierrez-Owens,Dinner,7862,0,-7862,1,2,Sat,0
id887978,2025-02-08,CheckingAccount,Jones Fisher and Pierce,Grocery,5068,0,-5068,1,2,Sat,0
id148836,2025-02-08,CheckingAccount,Gray and Sons,Investment,5760,0,-5760,1,2,Sat,1
id310516,2025-02-09,CheckingAccount,Robinson Chapman and Burch,Investment,8309,0,-8309,1,2,Sun,1
id920979,2025-02-09,CreditCard,Garcia Kelly and Pace,Tax,549,0,-549,1,2,Sun,0
id771944,2025-02-09,CreditCard,Robinson-Gilbert,Insurance,6059,0,-6059,1,2,Sun,0
id467533,2025-02-09,SavingsBank,Harrison LLC,Grocery,5461,0,-5461,1,2,Sun,0
id443381,2025-02-09,Cash,Wade Ltd,Insurance,6645,0,-6645,1,2,Sun,0
id634206,2025-02-10,SavingsBank,Brown LLC,School,7540,0,-7540,1,2,Mon,0
id316694,2025-02-10,CheckingAccount,Gonzalez PLC,Dinner,7708,0,-7708,1,2,Mon,0
id576725,2025-02-10,CheckingAccount,Chan LLC,House,8941,0,-8941,1,2,Mon,0
id425186,2025-02-10,Cash,Booker-Chavez,School,9848,0,-9848,1,2,Mon,0
id650992,2025-02-10,CheckingAccount,Hall Moran and Merritt,House,5092,0,-5092,1,2,Mon,0
id225702,2025-02-11,CreditCard,Bean-Lee,Internet,7661,0,-7661,1,2,Tue,0
id509097,2025-02-11,CreditCard,Thompson-Jackson,School,7355,0,-7355,1,2,Tue,0
id141387,2025-02-11,Cash,Roberts Ltd,Internet,5138,0,-5138,1,2,Tue,0
id371672,2025-02-12,SavingsBank,Mcdaniel White and Thornton,Internet,1474,0,-1474,1,2,Wed,0
id468705,2025-02-12,Cash,Accountant,Hire,4670,0,-4670,1,2,Wed,0
id624353,2025-02-12,Cash,Johns Inc,School,4840,0,-4840,1,2,Wed,0
id151258,2025-02-12,CreditCard,Cruz-Brown,Books,2253,0,-2253,1,2,Wed,0
id948433,2025-02-12,Cash,Harris and Sons,Insurance,5751,0,-5751,1,2,Wed,0
id929796,2025-02-12,CreditCard,Mccarty-Gardner,Grocery,1038,0,-1038,1,2,Wed,0
id306407,2025-02-12,SavingsBank,Smith-Estrada,Insurance,7316,0,-7316,1,2,Wed,0
id198302,2025-02-12,SavingsBank,Mullins Farrell and Brown,Telephone,1912,0,-1912,1,2,Wed,0
id701182,2025-02-12,SavingsBank,Accountant,Hire,7405,0,-7405,1,2,Wed,0
id874785,2025-02-13,CheckingAccount,Poole Hester and Quinn,Dinner,8720,0,-8720,1,2,Thu,0
id604647,2025-02-13,CreditCard,Thompson Inc,Tax,4747,0,-4747,1,2,Thu,0
id913733,2025-02-13,SavingsBank,Martin Group,Books,3340,0,-3340,1,2,Thu,0
id963879,2025-02-13,Cash,Cab,Hire,8579,0,-8579,1,2,Thu,0
id835552,2025-02-13,SavingsBank,Salary,Salary,0,128835,128835,1,2,Thu,0
id788739,2025-02-13,Cash,Summers and Sons,Tax,191,0,-191,1,2,Thu,0
id956831,2025-02-14,SavingsBank,Boone Graham and Campbell,School,3015,0,-3015,1,2,Fri,0
id397825,2025-02-14,Cash,Conway-Carter,Telephone,4122,0,-4122,1,2,Fri,0
id776595,2025-02-14,CreditCard,Schroeder Mcgrath and Brown,Internet,918,0,-918,1,2,Fri,0
id868273,2025-02-14,CreditCard,Carlson Inc,Tax,3659,0,-3659,1,2,Fri,0
id653686,2025-02-14,Cash,Brandt Garcia and Mcbride,Internet,570,0,-570,1,2,Fri,0
id191194,2025-02-14,Cash,Park-Powell,Fuel,8633,0,-8633,1,2,Fri,0
id273148,2025-02-15,CreditCard,Mathis-Dalton,Internet,4159,0,-4159,1,2,Sat,0
id916687,2025-02-15,SavingsBank,Villa LLC,Investment,6752,0,-6752,1,2,Sat,1
id157525,2025-02-15,SavingsBank,Grant Smith and Smith,Fuel,5214,0,-5214,1,2,Sat,0
id314840,2025-02-15,Cash,Fry Villegas and Osborne,Telephone,8233,0,-8233,1,2,Sat,0
id211892,2025-02-15,CreditCard,Peters PLC,Books,2385,0,-2385,1,2,Sat,0
id735975,2025-02-15,CreditCard,Stuart-Santiago,Tax,5472,0,-5472,1,2,Sat,0
id272682,2025-02-15,SavingsBank,Erickson Johnson and Gonzalez,Dinner,5716,0,-5716,1,2,Sat,0
id430500,2025-02-15,SavingsBank,Davis and Sons,Fuel,7708,0,-7708,1,2,Sat,0
id381213,2025-02-16,Cash,Black Curry and Maddox,Dinner,7565,0,-7565,1,2,Sun,0
id422424,2025-02-16,SavingsBank,Salary,Salary,0,20505,20505,1,2,Sun,0
id269350,2025-02-16,SavingsBank,Dividend,Dividend,0,7463,7463,1,2,Sun,0
id890555,2025-02-16,CreditCard,Curtis LLC,Dinner,4059,0,-4059,1,2,Sun,0
id673484,2025-02-16,CreditCard,Martin Lyons and Wilkerson,Fuel,1370,0,-1370,1,2,Sun,0
id318147,2025-02-17,SavingsBank,Dividend,Dividend,0,6560,6560,1,2,Mon,0
id228691,2025-02-17,CheckingAccount,Jackson Novak and Morales,Dinner,5438,0,-5438,1,2,Mon,0
id349564,2025-02-17,SavingsBank,Salary,Salary,0,84585,84585,1,2,Mon,0
id400912,2025-02-17,CreditCard,Contreras-Schaefer,House,3568,0,-3568,1,2,Mon,0
id499677,2025-02-17,SavingsBank,Rodriguez Pham and Wright,Insurance,7627,0,-7627,1,2,Mon,0
id675170,2025-02-17,CheckingAccount,Orr Bowman and Watson,Investment,6184,0,-6184,1,2,Mon,1
id801482,2025-02-17,Cash,Carter-Ramos,School,5976,0,-5976,1,2,Mon,0
id619908,2025-02-17,Cash,Larson-Watkins,Tax,2343,0,-2343,1,2,Mon,0
id860776,2025-02-18,Cash,Monroe-Gutierrez,Tax,4450,0,-4450,1,2,Tue,0
id706159,2025-02-18,SavingsBank,Interest,Interest,0,2031,2031,1,2,Tue,0
id203416,2025-02-18,CheckingAccount,Nguyen Murphy and Jones,Fuel,7900,0,-7900,1,2,Tue,0
id851986,2025-02-18,Cash,Anderson Hall and Coleman,Dinner,4686,0,-4686,1,2,Tue,0
id501108,2025-02-18,SavingsBank,Dividend,Dividend,0,907,907,1,2,Tue,0
id963112,2025-02-18,Cash,Chandler-Cunningham,Grocery,7439,0,-7439,1,2,Tue,0
id272587,2025-02-18,CreditCard,Gutierrez Ltd,School,2478,0,-2478,1,2,Tue,0
id142514,2025-02-19,CreditCard,Driver,Hire,880,0,-880,1,2,Wed,0
id592238,2025-02-19,SavingsBank,Cab,Hire,9804,0,-9804,1,2,Wed,0
id706791,2025-02-19,CreditCard,Ward Thomas and Lee,Internet,2030,0,-2030,1,2,Wed,0
id716791,2025-02-19,CreditCard,Evans and Sons,School,7075,0,-7075,1,2,Wed,0
id757677,2025-02-19,Cash,Mason Wall and Patterson,Grocery,9994,0,-9994,1,2,Wed,0
id633817,2025-02-19,Cash,Campbell Hernandez and Hall,Grocery,4566,0,-4566,1,2,Wed,0
id293182,2025-02-19,CreditCard,Avila-Long,Grocery,8527,0,-8527,1,2,Wed,0
id776882,2025-02-20,CreditCard,Yu-Campos,School,7550,0,-7550,1,2,Thu,0
id963214,2025-02-20,CreditCard,Ortega White and Roberts,Internet,8123,0,-8123,1,2,Thu,0
id678670,2025-02-20,SavingsBank,Accountant,Hire,7784,0,-7784,1,2,Thu,0
id444830,2025-02-20,CreditCard,Thornton-Burgess,Dinner,4316,0,-4316,1,2,Thu,0
id312072,2025-02-20,SavingsBank,Wilson-Mcintosh,Internet,6953,0,-6953,1,2,Thu,0
id818375,2025-02-20,SavingsBank,Salary,Salary,0,66750,66750,1,2,Thu,0
id704124,2025-02-20,Cash,Smith Inc,Investment,2509,0,-2509,1,2,Thu,1
id499681,2025-02-21,Cash,Harrison-Morales,Telephone,879,0,-879,1,2,Fri,0
id405393,2025-02-21,CheckingAccount,Johnson Chan and Washington,Tax,9417,0,-9417,1,2,Fri,0
id848039,2025-02-21,CreditCard,Williams Inc,Books,8671,0,-8671,1,2,Fri,0
id411415,2025-02-21,Cash,Middleton-Walters,Telephone,7430,0,-7430,1,2,Fri,0
id595634,2025-02-21,CreditCard,Waters-Palmer,Investment,1887,0,-1887,1,2,Fri,1
id239378,2025-02-21,CheckingAccount,Owens Michael and Lynch,School,928,0,-928,1,2,Fri,0
id768961,2025-02-21,Cash,Lawrence-Cantu,Tax,556,0,-556,1,2,Fri,0
id737048,2025-02-22,CheckingAccount,Graham-Taylor,Investment,6806,0,-6806,1,2,Sat,1
id214782,2025-02-22,CheckingAccount,Elliott Francis and Rodriguez,Grocery,3598,0,-3598,1,2,Sat,0
id857765,2025-02-22,Cash,Francis LLC,Fuel,1890,0,-1890,1,2,Sat,0
id898973,2025-02-22,CheckingAccount,Jackson Rivers and Lambert,Telephone,6663,0,-6663,1,2,Sat,0
id225932,2025-02-22,Cash,Dickerson-Clark,Fuel,7842,0,-7842,1,2,Sat,0
id143034,2025-02-23,SavingsBank,Howard-Diaz,Tax,6812,0,-6812,1,2,Sun,0
id630520,2025-02-23,SavingsBank,Zuniga Ltd,Tax,5521,0,-5521,1,2,Sun,0
id839119,2025-02-23,CheckingAccount,Hernandez Nichols and Esparza,Books,8044,0,-8044,1,2,Sun,0
id284083,2025-02-23,CheckingAccount,Hampton Ltd,Grocery,9597,0,-9597,1,2,Sun,0
id345372,2025-02-23,CreditCard,Vazquez Rivera and Burns,Investment,4545,0,-4545,1,2,Sun,1
id160245,2025-02-24,CreditCard,Lane and Sons,Dinner,6011,0,-6011,1,2,Mon,0
id169713,2025-02-24,Cash,Hughes and Sons,Tax,4533,0,-4533,1,2,Mon,0
id546191,2025-02-24,CreditCard,May PLC,Fuel,8511,0,-8511,1,2,Mon,0
id237371,2025-02-24,CreditCard,Rogers Simmons and Dixon,Grocery,4269,0,-4269,1,2,Mon,0
id666363,2025-02-24,Cash,Ramirez-Greer,Telephone,4126,0,-4126,1,2,Mon,0
id204684,2025-02-24,SavingsBank,Dividend,Dividend,0,2749,2749,1,2,Mon,0
id784385,2025-02-24,SavingsBank,Interest,Interest,0,3679,3679,1,2,Mon,0
id806422,2025-02-24,SavingsBank,Driver,Hire,6818,0,-6818,1,2,Mon,0
id757874,2025-02-25,CreditCard,Smith LLC,Telephone,1445,0,-1445,1,2,Tue,0
id346086,2025-02-25,CreditCard,Stewart LLC,Books,8261,0,-8261,1,2,Tue,0
id217962,2025-02-25,SavingsBank,Salary,Salary,0,64755,64755,1,2,Tue,0
id191071,2025-02-25,CreditCard,Nelson-Barron,Grocery,1588,0,-1588,1,2,Tue,0
id253009,2025-02-25,Cash,Lin-Fisher,Internet,1626,0,-1626,1,2,Tue,0
id389955,2025-02-25,CheckingAccount,Michael Ltd,Books,4494,0,-4494,1,2,Tue,0
id642211,2025-02-25,CreditCard,Deleon Edwards and Jones,Tax,2356,0,-2356,1,2,Tue,0
id258373,2025-02-25,CreditCard,Brady Murphy and Lawson,Fuel,6598,0,-6598,1,2,Tue,0
id357220,2025-02-26,SavingsBank,Interest,Interest,0,8200,8200,1,2,Wed,0
id939157,2025-02-26,CreditCard,Lynch Flores and Carpenter,Telephone,7340,0,-7340,1,2,Wed,0
id361135,2025-02-26,CreditCard,Wallace Wells and Juarez,Fuel,504,0,-504,1,2,Wed,0
id565297,2025-02-26,SavingsBank,Young PLC,Books,143,0,-143,1,2,Wed,0
id198341,2025-02-26,CheckingAccount,Rodriguez Stafford and Bauer,Dinner,2561,0,-2561,1,2,Wed,0
id304149,2025-02-26,CheckingAccount,Costa PLC,Fuel,4442,0,-4442,1,2,Wed,0
id433360,2025-02-26,CheckingAccount,Gray Ltd,Dinner,9049,0,-9049,1,2,Wed,0
id301771,2025-02-27,SavingsBank,Mcdonald-Skinner,Fuel,4841,0,-4841,1,2,Thu,0
id516362,2025-02-27,Cash,Long-Webb,Insurance,944,0,-944,1,2,Thu,0
id441409,2025-02-27,Cash,Jennings Garrett and Powers,Insurance,504,0,-504,1,2,Thu,0
id591324,2025-02-27,Cash,Martinez and Sons,Dinner,6970,0,-6970,1,2,Thu,0
id621273,2025-02-27,CheckingAccount,Sparks Green and Olson,Grocery,1816,0,-1816,1,2,Thu,0
id517626,2025-02-27,CreditCard,Gordon Ltd,House,5645,0,-5645,1,2,Thu,0
id342930,2025-02-27,SavingsBank,Alvarez and Sons,Telephone,5493,0,-5493,1,2,Thu,0
id828238,2025-02-27,SavingsBank,Montgomery Group,School,4422,0,-4422,1,2,Thu,0
id139079,2025-02-27,Cash,Mendez Johnston and Harris,School,8989,0,-8989,1,2,Thu,0
id882424,2025-02-27,Cash,Marks PLC,Dinner,4032,0,-4032,1,2,Thu,0
id373024,2025-02-27,SavingsBank,Accountant,Hire,3889,0,-3889,1,2,Thu,0
id165656,2025-02-28,CreditCard,Mayer Cummings and Gonzalez,Insurance,8940,0,-8940,1,2,Fri,0
id591199,2025-02-28,CreditCard,Ware Group,House,615,0,-615,1,2,Fri,0
id760688,2025-02-28,Cash,Barrett LLC,Fuel,1017,0,-1017,1,2,Fri,0
id301602,2025-02-28,Cash,Mcdaniel Inc,School,4603,0,-4603,1,2,Fri,0
id424693,2025-02-28,CreditCard,Accountant,Hire,6100,0,-6100,1,2,Fri,0
id197682,2025-02-28,CheckingAccount,Schmidt-Gordon,Books,740,0,-740,1,2,Fri,0
id981931,2025-02-28,CheckingAccount,Jordan Todd and Hutchinson,Internet,3183,0,-3183,1,2,Fri,0
id650850,2025-02-28,SavingsBank,Salary,Salary,0,108615,108615,1,2,Fri,0
id914993,2025-02-28,Cash,Wagner Group,Tax,323,0,-323,1,2,Fri,0
id175393,2025-03-01,Cash,Baker Cobb and Thomas,Fuel,6105,0,-6105,1,3,Sat,0
id545554,2025-03-01,CheckingAccount,Burton LLC,Books,4371,0,-4371,1,3,Sat,0
id434613,2025-03-01,SavingsBank,Dividend,Dividend,0,1326,1326,1,3,Sat,0
id584180,2025-03-01,SavingsBank,Dividend,Dividend,0,1294,1294,1,3,Sat,0
id250301,2025-03-01,CreditCard,George Group,Investment,4828,0,-4828,1,3,Sat,1
id806587,2025-03-01,CheckingAccount,Nunez-Mcdonald,Investment,1490,0,-1490,1,3,Sat,1
id194776,2025-03-02,Cash,Figueroa-Burton,Dinner,6405,0,-6405,1,3,Sun,0
id278862,2025-03-02,CreditCard,Frank Group,Telephone,2385,0,-2385,1,3,Sun,0
id676690,2025-03-02,CreditCard,Holder-Beck,Dinner,5241,0,-5241,1,3,Sun,0
id341874,2025-03-02,Cash,Howard Bryant and Smith,Telephone,2120,0,-2120,1,3,Sun,0
id232484,2025-03-02,CheckingAccount,Henderson LLC,Grocery,9321,0,-9321,1,3,Sun,0
id803676,2025-03-02,CreditCard,Phillips-Ochoa,House,168,0,-168,1,3,Sun,0
id469136,2025-03-03,SavingsBank,Young-Vasquez,House,7668,0,-7668,1,3,Mon,0
id290917,2025-03-03,CreditCard,Marquez and Sons,Insurance,2032,0,-2032,1,3,Mon,0
id582547,2025-03-03,SavingsBank,Manning Sanchez and Moore,Internet,9980,0,-9980,1,3,Mon,0
id298429,2025-03-03,CreditCard,Franco Wagner and Klein,Telephone,6216,0,-6216,1,3,Mon,0
id824789,2025-03-03,CheckingAccount,Kirk Inc,Fuel,8144,0,-8144,1,3,Mon,0
id125951,2025-03-03,CreditCard,Wilson Berry and Griffin,Dinner,7316,0,-7316,1,3,Mon,0
id118309,2025-03-03,Cash,Lewis LLC,Fuel,4656,0,-4656,1,3,Mon,0
id640819,2025-03-03,CreditCard,Goodman Ford and Smith,Dinner,201,0,-201,1,3,Mon,0
id283466,2025-03-03,Cash,Barnes Dixon and Cunningham,Insurance,9714,0,-9714,1,3,Mon,0
id493506,2025-03-04,CheckingAccount,Garcia Thompson and Vincent,Telephone,4490,0,-4490,1,3,Tue,0
id171306,2025-03-04,Cash,Santana Carr and Dawson,Grocery,1672,0,-1672,1,3,Tue,0
id704169,2025-03-04,Cash,Elliott-Brown,Tax,7500,0,-7500,1,3,Tue,0
id402107,2025-03-04,CreditCard,Cantrell Ltd,Tax,4276,0,-4276,1,3,Tue,0
id206068,2025-03-04,SavingsBank,Irwin Mckay and Underwood,Dinner,7046,0,-7046,1,3,Tue,0
id583698,2025-03-04,CreditCard,Farley-Williams,Tax,1020,0,-1020,1,3,Tue,0
id455345,2025-03-04,CreditCard,Driver,Hire,7962,0,-7962,1,3,Tue,0
id340230,2025-03-04,CreditCard,Martin Price and Mccoy,Investment,5384,0,-5384,1,3,Tue,1
id467216,2025-03-05,SavingsBank,Howard Group,Insurance,8293,0,-8293,1,3,Wed,0
id697173,2025-03-05,CreditCard,Schultz Russo and Burgess,Books,6500,0,-6500,1,3,Wed,0
id754924,2025-03-05,CheckingAccount,Wallace Peterson and Mclaughlin,Fuel,199,0,-199,1,3,Wed,0
id264375,2025-03-05,Cash,Giles-Carpenter,Insurance,4178,0,-4178,1,3,Wed,0
id426899,2025-03-05,Cash,Wilson-Irwin,Fuel,2861,0,-2861,1,3,Wed,0
id576746,2025-03-05,CreditCard,Cox Inc,Internet,4172,0,-4172,1,3,Wed,0
id699777,2025-03-05,SavingsBank,Cain LLC,Insurance,8758,0,-8758,1,3,Wed,0
id308738,2025-03-06,CheckingAccount,Lopez Dawson and Rivera,Telephone,8040,0,-8040,1,3,Thu,0
id857419,2025-03-06,CheckingAccount,Kennedy Gomez and Owens,Investment,9635,0,-9635,1,3,Thu,1
id701052,2025-03-06,CheckingAccount,Johnson Friedman and Daniels,Dinner,7628,0,-7628,1,3,Thu,0
id799286,2025-03-07,SavingsBank,Jenkins PLC,Tax,1713,0,-1713,1,3,Fri,0
id648400,2025-03-07,SavingsBank,Horton and Sons,Investment,2527,0,-2527,1,3,Fri,1
id621984,2025-03-07,CreditCard,Ruiz LLC,Insurance,4788,0,-4788,1,3,Fri,0
id243935,2025-03-07,CreditCard,Haney Group,Tax,3110,0,-3110,1,3,Fri,0
id703467,2025-03-08,CheckingAccount,Thompson Ltd,Fuel,7579,0,-7579,1,3,Sat,0
id384645,2025-03-08,CheckingAccount,Arnold Gonzalez and Morgan,Tax,2248,0,-2248,1,3,Sat,0
id362934,2025-03-08,SavingsBank,Salary,Salary,0,127620,127620,1,3,Sat,0
id299531,2025-03-09,SavingsBank,Pope Group,Telephone,1836,0,-1836,1,3,Sun,0
id848801,2025-03-09,CreditCard,Taylor PLC,Tax,6520,0,-6520,1,3,Sun,0
id505726,2025-03-09,CheckingAccount,Mitchell Ltd,Investment,1234,0,-1234,1,3,Sun,1
id129805,2025-03-09,Cash,Ortiz and Sons,Fuel,3913,0,-3913,1,3,Sun,0
id757002,2025-03-09,Cash,Jones Young and Williams,Tax,6215,0,-6215,1,3,Sun,0
id984828,2025-03-10,CreditCard,Mason Ltd,Tax,702,0,-702,1,3,Mon,0
id649115,2025-03-10,Cash,Lowe-Bush,Telephone,4431,0,-4431,1,3,Mon,0
id157749,2025-03-10,SavingsBank,Guzman-Hartman,Investment,1250,0,-1250,1,3,Mon,1
id264045,2025-03-10,SavingsBank,Waters Castaneda and Brown,Fuel,5349,0,-5349,1,3,Mon,0
id881517,2025-03-10,Cash,Smith Bell and Powell,School,646,0,-646,1,3,Mon,0
id235195,2025-03-10,CreditCard,Johnson Group,Books,8762,0,-8762,1,3,Mon,0
id989247,2025-03-10,CheckingAccount,Cameron Manning and Lee,Internet,3660,0,-3660,1,3,Mon,0
id825198,2025-03-10,CreditCard,Stark-Brennan,School,5686,0,-5686,1,3,Mon,0
id832065,2025-03-10,CreditCard,Moss Group,Books,9495,0,-9495,1,3,Mon,0
id905488,2025-03-11,CheckingAccount,Richardson Inc,Fuel,4749,0,-4749,1,3,Tue,0
id440351,2025-03-11,Cash,Wilkins Simmons and Flowers,Internet,1104,0,-1104,1,3,Tue,0
id249991,2025-03-11,SavingsBank,Atkins-Johnson,Insurance,8363,0,-8363,1,3,Tue,0
id137030,2025-03-11,CheckingAccount,Gill-Goodwin,Investment,2731,0,-2731,1,3,Tue,1
id136758,2025-03-12,CheckingAccount,Sanchez-Everett,Tax,671,0,-671,1,3,Wed,0
id847120,2025-03-12,Cash,Woodard PLC,Insurance,319,0,-319,1,3,Wed,0
id376568,2025-03-12,SavingsBank,Dividend,Dividend,0,9442,9442,1,3,Wed,0
id407940,2025-03-12,Cash,Mitchell Brown and Robertson,Telephone,8130,0,-8130,1,3,Wed,0
id294358,2025-03-12,CheckingAccount,Rodgers-Harvey,Investment,7525,0,-7525,1,3,Wed,1
id996553,2025-03-12,CheckingAccount,Key LLC,Grocery,9662,0,-9662,1,3,Wed,0
id891508,2025-03-12,CheckingAccount,Ortega and Sons,Investment,9086,0,-9086,1,3,Wed,1
id516855,2025-03-12,CreditCard,Christian PLC,Dinner,1865,0,-1865,1,3,Wed,0
id542816,2025-03-12,CheckingAccount,Richard-Thomas,Dinner,6245,0,-6245,1,3,Wed,0
id645566,2025-03-12,Cash,Mccall PLC,Fuel,6349,0,-6349,1,3,Wed,0
id605919,2025-03-13,SavingsBank,Dividend,Dividend,0,8854,8854,1,3,Thu,0
id758278,2025-03-13,CreditCard,Morales Williams and Walker,Fuel,6428,0,-6428,1,3,Thu,0
id674101,2025-03-13,Cash,Schultz-Martinez,House,5901,0,-5901,1,3,Thu,0
id499762,2025-03-13,CreditCard,Young Brown and Levy,Insurance,5570,0,-5570,1,3,Thu,0
id246438,2025-03-13,Cash,Francis LLC,Fuel,1631,0,-1631,1,3,Thu,0
id778502,2025-03-13,Cash,Harris Wright and Shelton,Fuel,7281,0,-7281,1,3,Thu,0
id588050,2025-03-13,Cash,Lee PLC,Fuel,3074,0,-3074,1,3,Thu,0
id560465,2025-03-14,CreditCard,Crane-Martin,School,1823,0,-1823,1,3,Fri,0
id622604,2025-03-14,CheckingAccount,Roman Thompson and Jackson,Tax,6806,0,-6806,1,3,Fri,0
id874421,2025-03-14,SavingsBank,Wallace PLC,Fuel,4273,0,-4273,1,3,Fri,0
id898753,2025-03-14,CheckingAccount,Torres Ltd,Tax,3743,0,-3743,1,3,Fri,0
id118566,2025-03-14,Cash,Parker Carpenter and White,Tax,7515,0,-7515,1,3,Fri,0
id748899,2025-03-14,Cash,Waller Phillips and Evans,School,4817,0,-4817,1,3,Fri,0
id251472,2025-03-15,CreditCard,Ramirez and Sons,House,6334,0,-6334,1,3,Sat,0
id992902,2025-03-15,CheckingAccount,Diaz-Carter,Fuel,5838,0,-5838,1,3,Sat,0
id372904,2025-03-15,CheckingAccount,Bradshaw PLC,Grocery,5731,0,-5731,1,3,Sat,0
id774544,2025-03-15,CreditCard,Bennett-Tyler,Dinner,6110,0,-6110,1,3,Sat,0
id194122,2025-03-15,Cash,Green-Kirby,Internet,8200,0,-8200,1,3,Sat,0
id824980,2025-03-15,SavingsBank,Martin Ross and Bishop,Books,3839,0,-3839,1,3,Sat,0
id816599,2025-03-16,SavingsBank,Clark Bishop and Spencer,Investment,1384,0,-1384,1,3,Sun,1
id768423,2025-03-16,SavingsBank,Simpson LLC,Books,2819,0,-2819,1,3,Sun,0
id979132,2025-03-16,CheckingAccount,Davis and Sons,Internet,3684,0,-3684,1,3,Sun,0
id184026,2025-03-16,CreditCard,Campbell LLC,Insurance,4049,0,-4049,1,3,Sun,0
id770450,2025-03-16,CheckingAccount,Brown-Chapman,Telephone,2120,0,-2120,1,3,Sun,0
id846143,2025-03-16,Cash,Johns Carter and Quinn,House,276,0,-276,1,3,Sun,0
id181742,2025-03-16,SavingsBank,Davidson-Gonzales,Internet,552,0,-552,1,3,Sun,0
id556816,2025-03-16,Cash,Evans-Smith,Investment,8599,0,-8599,1,3,Sun,1
id596005,2025-03-16,SavingsBank,Morris PLC,Investment,1664,0,-1664,1,3,Sun,1
id414762,2025-03-16,SavingsBank,Gordon Kennedy and Cole,House,7993,0,-7993,1,3,Sun,0
id467868,2025-03-16,SavingsBank,Miller PLC,Investment,7044,0,-7044,1,3,Sun,1
id238537,2025-03-16,CheckingAccount,Chen Ltd,Internet,6633,0,-6633,1,3,Sun,0
id661331,2025-03-16,Cash,Scott-Holmes,Investment,1425,0,-1425,1,3,Sun,1
id418250,2025-03-17,CheckingAccount,Cameron Sanchez and Randall,Investment,9796,0,-9796,1,3,Mon,1
id142265,2025-03-17,SavingsBank,Dividend,Dividend,0,1303,1303,1,3,Mon,0
id742701,2025-03-17,CreditCard,Rubio Inc,House,4322,0,-4322,1,3,Mon,0
id704217,2025-03-17,SavingsBank,Sharp Group,Internet,4040,0,-4040,1,3,Mon,0
id751601,2025-03-17,CreditCard,Bush PLC,Telephone,7794,0,-7794,1,3,Mon,0
id212848,2025-03-17,CreditCard,Cleaning,Hire,938,0,-938,1,3,Mon,0
id877443,2025-03-17,CheckingAccount,Harrison Sanders and Deleon,Internet,9352,0,-9352,1,3,Mon,0
id232605,2025-03-18,CreditCard,Barker Williams and Bennett,Tax,7415,0,-7415,1,3,Tue,0
id306748,2025-03-18,CheckingAccount,Williams PLC,Books,2600,0,-2600,1,3,Tue,0
id305246,2025-03-19,CheckingAccount,Moss Duncan and Allen,Dinner,9438,0,-9438,1,3,Wed,0
id258092,2025-03-19,CreditCard,Cab,Hire,5716,0,-5716,1,3,Wed,0
id324063,2025-03-19,SavingsBank,Delgado Gregory and Duke,Telephone,7793,0,-7793,1,3,Wed,0
id184014,2025-03-19,CheckingAccount,Johnson Solomon and Ward,School,1841,0,-1841,1,3,Wed,0
id728700,2025-03-19,CheckingAccount,Hill Gutierrez and Jacobs,Insurance,2400,0,-2400,1,3,Wed,0
id579722,2025-03-19,CreditCard,Dyer LLC,School,8461,0,-8461,1,3,Wed,0
id345429,2025-03-19,CreditCard,White Holland and Ramos,House,9391,0,-9391,1,3,Wed,0
id992003,2025-03-20,CheckingAccount,Martinez and Sons,Grocery,2910,0,-2910,1,3,Thu,0
id785748,2025-03-20,Cash,Cleaning,Hire,4780,0,-4780,1,3,Thu,0
id229865,2025-03-20,CheckingAccount,Park-Anderson,Dinner,5465,0,-5465,1,3,Thu,0
id201120,2025-03-20,CreditCard,Horton Woods and Carr,Investment,4890,0,-4890,1,3,Thu,1
id318590,2025-03-20,CheckingAccount,Accountant,Hire,7430,0,-7430,1,3,Thu,0
id392650,2025-03-20,Cash,Smith-Houston,House,9125,0,-9125,1,3,Thu,0
id699506,2025-03-20,CreditCard,Austin Pham and Mueller,Telephone,135,0,-135,1,3,Thu,0
id891439,2025-03-20,CheckingAccount,Jackson-Knight,Internet,1010,0,-1010,1,3,Thu,0
id404260,2025-03-20,SavingsBank,Lopez Ramos and Romero,Tax,2552,0,-2552,1,3,Thu,0
id523289,2025-03-21,CreditCard,Cole-Johnson,Dinner,6915,0,-6915,1,3,Fri,0
id986137,2025-03-21,Cash,Gould Inc,Investment,9254,0,-9254,1,3,Fri,1
id628745,2025-03-21,CheckingAccount,Mejia Page and Beck,House,9452,0,-9452,1,3,Fri,0
id614836,2025-03-21,CreditCard,Brown-Castillo,Grocery,971,0,-971,1,3,Fri,0
id841946,2025-03-21,SavingsBank,Harvey-Schneider,Telephone,8891,0,-8891,1,3,Fri,0
id441601,2025-03-21,CreditCard,Jackson LLC,Insurance,5058,0,-5058,1,3,Fri,0
id308593,2025-03-21,SavingsBank,Rogers and Sons,Fuel,6147,0,-6147,1,3,Fri,0
id389999,2025-03-21,SavingsBank,Salary,Salary,0,114255,114255,1,3,Fri,0
id478032,2025-03-21,CreditCard,Greer Group,Telephone,4437,0,-4437,1,3,Fri,0
id429607,2025-03-21,SavingsBank,Dorsey Hess and Bailey,Internet,8025,0,-8025,1,3,Fri,0
id988400,2025-03-22,Cash,Bell Wagner and Romero,Fuel,6643,0,-6643,1,3,Sat,0
id813019,2025-03-22,Cash,Martin-Shaw,Fuel,6417,0,-6417,1,3,Sat,0
id199540,2025-03-22,CreditCard,Driver,Hire,9448,0,-9448,1,3,Sat,0
id876270,2025-03-22,Cash,Woods Ltd,Books,8193,0,-8193,1,3,Sat,0
id394707,2025-03-22,Cash,Cook May and Hanson,Investment,7852,0,-7852,1,3,Sat,1
id278270,2025-03-22,CreditCard,Kirby LLC,Internet,7407,0,-7407,1,3,Sat,0
id758113,2025-03-22,SavingsBank,Morris LLC,Internet,8003,0,-8003,1,3,Sat,0
id222922,2025-03-22,Cash,Owens-Villegas,Tax,8002,0,-8002,1,3,Sat,0
id366137,2025-03-23,SavingsBank,Driver,Hire,4054,0,-4054,1,3,Sun,0
id116590,2025-03-23,Cash,Hancock Robinson and Crawford,School,880,0,-880,1,3,Sun,0
id359132,2025-03-23,CreditCard,Vega Inc,Dinner,4813,0,-4813,1,3,Sun,0
id320126,2025-03-23,CreditCard,Wells-Wang,School,7597,0,-7597,1,3,Sun,0
id651010,2025-03-23,SavingsBank,Allen Ltd,School,6222,0,-6222,1,3,Sun,0
id582014,2025-03-24,Cash,Phillips Ltd,Internet,9140,0,-9140,1,3,Mon,0
id741733,2025-03-24,SavingsBank,Roberts Stephens and Cohen,Telephone,9320,0,-9320,1,3,Mon,0
id314250,2025-03-24,CreditCard,Cleaning,Hire,4061,0,-4061,1,3,Mon,0
id719263,2025-03-24,Cash,Walker Diaz and Carr,Fuel,5321,0,-5321,1,3,Mon,0
id287510,2025-03-24,SavingsBank,Perry Owen and Steele,Telephone,3917,0,-3917,1,3,Mon,0
id448651,2025-03-24,Cash,Smith-Smith,School,5458,0,-5458,1,3,Mon,0
id488625,2025-03-25,SavingsBank,Brown Inc,Dinner,289,0,-289,1,3,Tue,0
id182592,2025-03-25,CheckingAccount,Parker-Davis,Dinner,3734,0,-3734,1,3,Tue,0
id447819,2025-03-25,CheckingAccount,Ramirez Holmes and Jensen,Books,3969,0,-3969,1,3,Tue,0
id836622,2025-03-25,SavingsBank,Salary,Salary,0,118905,118905,1,3,Tue,0
id357799,2025-03-25,SavingsBank,Cab,Hire,4071,0,-4071,1,3,Tue,0
id739136,2025-03-25,CheckingAccount,Dean PLC,Telephone,3770,0,-3770,1,3,Tue,0
id337735,2025-03-25,Cash,Wyatt Wilson and Collins,Grocery,7974,0,-7974,1,3,Tue,0
id816611,2025-03-25,SavingsBank,Salary,Salary,0,102900,102900,1,3,Tue,0
id914273,2025-03-26,CheckingAccount,Carr PLC,House,4636,0,-4636,1,3,Wed,0
id399500,2025-03-26,SavingsBank,James Chapman and Davis,Fuel,202,0,-202,1,3,Wed,0
id552753,2025-03-26,CheckingAccount,Riley LLC,Tax,8987,0,-8987,1,3,Wed,0
id787201,2025-03-26,Cash,Brown-Allen,School,6413,0,-6413,1,3,Wed,0
id488477,2025-03-27,CheckingAccount,Gonzalez-Swanson,Telephone,9256,0,-9256,1,3,Thu,0
id351035,2025-03-27,SavingsBank,Ramos Davis and Peters,Dinner,8314,0,-8314,1,3,Thu,0
id944169,2025-03-27,CreditCard,Coleman Inc,School,4759,0,-4759,1,3,Thu,0
id503192,2025-03-27,SavingsBank,Benitez PLC,Fuel,5933,0,-5933,1,3,Thu,0
id163412,2025-03-28,SavingsBank,Potter-Park,Internet,4128,0,-4128,1,3,Fri,0
id999159,2025-03-28,Cash,Johnson LLC,Fuel,3040,0,-3040,1,3,Fri,0
id954394,2025-03-28,CheckingAccount,Morris Group,School,5292,0,-5292,1,3,Fri,0
id659929,2025-03-28,CheckingAccount,Deleon-Savage,Investment,1212,0,-1212,1,3,Fri,1
id455377,2025-03-28,Cash,Garcia-Edwards,School,7614,0,-7614,1,3,Fri,0
id757534,2025-03-29,CheckingAccount,Knight Moore and Santiago,Fuel,4671,0,-4671,1,3,Sat,0
id599118,2025-03-29,SavingsBank,Martinez PLC,School,9860,0,-9860,1,3,Sat,0
id191353,2025-03-29,Cash,Simmons Simmons and Lopez,School,4416,0,-4416,1,3,Sat,0
id598912,2025-03-29,SavingsBank,Salary,Salary,0,137460,137460,1,3,Sat,0
id986125,2025-03-29,SavingsBank,Freeman Manning and Kelly,Internet,3680,0,-3680,1,3,Sat,0
id322871,2025-03-29,CheckingAccount,Nguyen Inc,Books,5079,0,-5079,1,3,Sat,0
id750416,2025-03-29,SavingsBank,Macias-Ayala,Tax,5198,0,-5198,1,3,Sat,0
id145645,2025-03-29,CreditCard,Strickland-Butler,Dinner,7464,0,-7464,1,3,Sat,0
id547997,2025-03-29,CheckingAccount,Mitchell and Sons,Grocery,4935,0,-4935,1,3,Sat,0
id818176,2025-03-29,Cash,Combs Harding and Ferguson,Dinner,1516,0,-1516,1,3,Sat,0
id433145,2025-03-29,CreditCard,Jenkins Scott and Wallace,Fuel,5497,0,-5497,1,3,Sat,0
id696050,2025-03-29,Cash,Cleaning,Hire,4012,0,-4012,1,3,Sat,0
id202927,2025-03-30,CheckingAccount,Nelson-Aguilar,Telephone,7694,0,-7694,1,3,Sun,0
id728773,2025-03-30,Cash,Hull-Bowman,Investment,1628,0,-1628,1,3,Sun,1
id959606,2025-03-30,CheckingAccount,Gonzalez Stuart and Martin,Books,5286,0,-5286,1,3,Sun,0
id400662,2025-03-30,Cash,White Davis and Smith,School,6944,0,-6944,1,3,Sun,0
id877087,2025-03-30,CheckingAccount,Perry-Mccall,House,5576,0,-5576,1,3,Sun,0
id386563,2025-03-31,SavingsBank,Dividend,Dividend,0,3822,3822,1,3,Mon,0
id308869,2025-03-31,SavingsBank,Interest,Interest,0,9581,9581,1,3,Mon,0
id456621,2025-03-31,CreditCard,Johnson and Sons,Investment,7277,0,-7277,1,3,Mon,1
id212535,2025-03-31,CheckingAccount,Ruiz LLC,Internet,4804,0,-4804,1,3,Mon,0
id399516,2025-03-31,SavingsBank,Williams Inc,Telephone,8389,0,-8389,1,3,Mon,0
id120519,2025-03-31,Cash,Johnson-Collins,Investment,5400,0,-5400,1,3,Mon,1
id642129,2025-04-01,CreditCard,Morrow Whitehead and Wallace,School,6246,0,-6246,2,4,Tue,0
id317599,2025-04-01,SavingsBank,Dividend,Dividend,0,3727,3727,2,4,Tue,0
id525490,2025-04-01,Cash,Price-Morrison,House,8894,0,-8894,2,4,Tue,0
id512189,2025-04-01,CreditCard,Meyer-Wagner,Books,7719,0,-7719,2,4,Tue,0
id417800,2025-04-01,Cash,Holmes Steele and Rivera,Grocery,3331,0,-3331,2,4,Tue,0
id788110,2025-04-01,SavingsBank,Thompson Inc,Books,6798,0,-6798,2,4,Tue,0
id570749,2025-04-01,CheckingAccount,Stokes LLC,Tax,8843,0,-8843,2,4,Tue,0
id206031,2025-04-01,CreditCard,Neal Wilson and Clark,School,4141,0,-4141,2,4,Tue,0
id872482,2025-04-01,SavingsBank,Interest,Interest,0,4207,4207,2,4,Tue,0
id810347,2025-04-02,Cash,Reed-Rivera,Books,9059,0,-9059,2,4,Wed,0
id761491,2025-04-02,SavingsBank,Salary,Salary,0,34245,34245,2,4,Wed,0
id163410,2025-04-02,CheckingAccount,Davis Inc,Internet,3196,0,-3196,2,4,Wed,0
id417708,2025-04-02,SavingsBank,Salary,Salary,0,24210,24210,2,4,Wed,0
id292637,2025-04-02,Cash,Donovan Small and Walker,Insurance,1323,0,-1323,2,4,Wed,0
id504358,2025-04-02,CheckingAccount,Moody-Chung,Tax,2440,0,-2440,2,4,Wed,0
id630309,2025-04-02,Cash,Rivas Williams and Becker,Telephone,8493,0,-8493,2,4,Wed,0
id786871,2025-04-02,CheckingAccount,Hodge Vaughn and Lynn,Insurance,9707,0,-9707,2,4,Wed,0
id702392,2025-04-02,SavingsBank,Salary,Salary,0,125130,125130,2,4,Wed,0
id710685,2025-04-02,SavingsBank,Dividend,Dividend,0,3913,3913,2,4,Wed,0
id232424,2025-04-03,SavingsBank,Anthony-Porter,Tax,7753,0,-7753,2,4,Thu,0
id181056,2025-04-03,CreditCard,Ball-Pace,Internet,4333,0,-4333,2,4,Thu,0
id661433,2025-04-03,Cash,Lloyd and Sons,Insurance,618,0,-618,2,4,Thu,0
id383633,2025-04-03,CreditCard,Barry-Kennedy,School,9320,0,-9320,2,4,Thu,0
id909193,2025-04-03,Cash,Cleaning,Hire,696,0,-696,2,4,Thu,0
id760749,2025-04-03,CreditCard,Kelly-Campbell,Internet,4585,0,-4585,2,4,Thu,0
id719705,2025-04-03,Cash,Jones LLC,Investment,839,0,-839,2,4,Thu,1
id278314,2025-04-03,SavingsBank,Webster-Garza,Internet,1329,0,-1329,2,4,Thu,0
id671490,2025-04-03,Cash,Yang Ltd,Books,9478,0,-9478,2,4,Thu,0
id463217,2025-04-03,CheckingAccount,Nelson and Sons,Internet,3189,0,-3189,2,4,Thu,0
id459476,2025-04-04,CheckingAccount,Watson Ellis and Mitchell,Dinner,3732,0,-3732,2,4,Fri,0
id793499,2025-04-04,CreditCard,Watkins Ltd,Grocery,3255,0,-3255,2,4,Fri,0
id202076,2025-04-04,Cash,Gallagher-Buckley,Tax,2444,0,-2444,2,4,Fri,0
id322185,2025-04-04,CreditCard,Estes-Gonzalez,School,2691,0,-2691,2,4,Fri,0
id856318,2025-04-04,CreditCard,Haynes-Martinez,Fuel,5306,0,-5306,2,4,Fri,0
id781283,2025-04-04,SavingsBank,Montgomery-Munoz,Internet,7607,0,-7607,2,4,Fri,0
id328255,2025-04-04,SavingsBank,Carter-Brown,Internet,4708,0,-4708,2,4,Fri,0
id438797,2025-04-04,CheckingAccount,Green Martinez and Russell,Internet,6819,0,-6819,2,4,Fri,0
id116791,2025-04-05,CheckingAccount,Jones Williams and Blackwell,Books,9754,0,-9754,2,4,Sat,0
id393870,2025-04-05,CreditCard,Ruiz Wang and Bailey,Fuel,5171,0,-5171,2,4,Sat,0
id179565,2025-04-05,Cash,Griffith Ellis and Manning,Books,2379,0,-2379,2,4,Sat,0
id517479,2025-04-05,SavingsBank,Lee Stephens and Williams,Grocery,3178,0,-3178,2,4,Sat,0
id711660,2025-04-06,SavingsBank,Dividend,Dividend,0,1560,1560,2,4,Sun,0
id155403,2025-04-06,CheckingAccount,Evans-Estrada,Investment,5292,0,-5292,2,4,Sun,1
id228812,2025-04-06,SavingsBank,Strickland Ltd,Fuel,4463,0,-4463,2,4,Sun,0
id875913,2025-04-06,SavingsBank,Dividend,Dividend,0,2188,2188,2,4,Sun,0
id913466,2025-04-07,Cash,Cab,Hire,9201,0,-9201,2,4,Mon,0
id251825,2025-04-07,SavingsBank,Salary,Salary,0,10440,10440,2,4,Mon,0
id917032,2025-04-07,CheckingAccount,Green King and Dickerson,Internet,4752,0,-4752,2,4,Mon,0
id532699,2025-04-07,CreditCard,Hughes Inc,Internet,1146,0,-1146,2,4,Mon,0
id263902,2025-04-07,CreditCard,Cabrera Francis and Gutierrez,Investment,3203,0,-3203,2,4,Mon,1
id561074,2025-04-07,CheckingAccount,Arnold Leonard and Preston,Grocery,4460,0,-4460,2,4,Mon,0
id451779,2025-04-07,CreditCard,Stewart PLC,Internet,5398,0,-5398,2,4,Mon,0
id141253,2025-04-07,CreditCard,Becker LLC,Insurance,1804,0,-1804,2,4,Mon,0
id744555,2025-04-08,SavingsBank,Interest,Interest,0,6749,6749,2,4,Tue,0
id628100,2025-04-08,Cash,Martin-Hernandez,Investment,1543,0,-1543,2,4,Tue,1
id569623,2025-04-08,Cash,Roach Petty and Rivas,Tax,2974,0,-2974,2,4,Tue,0
id825832,2025-04-08,Cash,Anderson PLC,Books,8121,0,-8121,2,4,Tue,0
id866704,2025-04-08,CheckingAccount,Carter Wilson and Greer,Internet,6973,0,-6973,2,4,Tue,0
id976499,2025-04-09,CheckingAccount,Curtis-Cook,Investment,6975,0,-6975,2,4,Wed,1
id505569,2025-04-09,CreditCard,Cab,Hire,1686,0,-1686,2,4,Wed,0
id824533,2025-04-09,SavingsBank,Driver,Hire,8634,0,-8634,2,4,Wed,0
id586966,2025-04-09,SavingsBank,Fleming Group,School,1962,0,-1962,2,4,Wed,0
id559791,2025-04-09,CheckingAccount,Chen Garcia and Johnson,Internet,6227,0,-6227,2,4,Wed,0
id385477,2025-04-09,Cash,Berry LLC,House,2918,0,-2918,2,4,Wed,0
id145374,2025-04-09,CheckingAccount,Wiley Inc,Insurance,1071,0,-1071,2,4,Wed,0
id833157,2025-04-09,Cash,Ford PLC,Fuel,2100,0,-2100,2,4,Wed,0
id543813,2025-04-09,CheckingAccount,Dean Inc,Fuel,2626,0,-2626,2,4,Wed,0
id892739,2025-04-09,CreditCard,Barnett-Mcintyre,Insurance,7200,0,-7200,2,4,Wed,0
id866808,2025-04-09,Cash,Mendoza LLC,Tax,1605,0,-1605,2,4,Wed,0
id914024,2025-04-09,SavingsBank,Rivera Gibson and Dixon,Insurance,8872,0,-8872,2,4,Wed,0
id798721,2025-04-10,Cash,Sanford Inc,Telephone,1950,0,-1950,2,4,Thu,0
id343629,2025-04-10,CheckingAccount,Johnson Doyle and Robinson,Grocery,9063,0,-9063,2,4,Thu,0
id661727,2025-04-10,Cash,Rodriguez LLC,Books,6586,0,-6586,2,4,Thu,0
id253820,2025-04-10,SavingsBank,Contreras-Durham,Books,2001,0,-2001,2,4,Thu,0
id790569,2025-04-10,SavingsBank,Dividend,Dividend,0,8070,8070,2,4,Thu,0
id117654,2025-04-10,CreditCard,Smith PLC,Tax,9746,0,-9746,2,4,Thu,0
id973002,2025-04-10,CreditCard,Barrett Watkins and Nixon,Internet,2294,0,-2294,2,4,Thu,0
id444229,2025-04-11,Cash,Cab,Hire,9087,0,-9087,2,4,Fri,0
id191318,2025-04-11,CheckingAccount,Wilkins Mann and Griffith,House,3267,0,-3267,2,4,Fri,0
id604312,2025-04-11,CheckingAccount,Cross LLC,Fuel,8020,0,-8020,2,4,Fri,0
id825964,2025-04-11,SavingsBank,Jackson Swanson and Thomas,House,8004,0,-8004,2,4,Fri,0
id633989,2025-04-11,CreditCard,Sandoval-Parsons,Investment,7180,0,-7180,2,4,Fri,1
id950120,2025-04-11,CheckingAccount,Hill-Doyle,Grocery,4316,0,-4316,2,4,Fri,0
id803927,2025-04-12,Cash,Mitchell-Reed,Grocery,8351,0,-8351,2,4,Sat,0
id829013,2025-04-12,CreditCard,Harrison Adams and Lewis,Grocery,6662,0,-6662,2,4,Sat,0
id678392,2025-04-12,Cash,Bryant and Sons,Investment,4625,0,-4625,2,4,Sat,1
id992968,2025-04-12,CheckingAccount,Chaney-Walker,Internet,7005,0,-7005,2,4,Sat,0
id357228,2025-04-12,CheckingAccount,Hanson Cruz and Johnson,Telephone,1317,0,-1317,2,4,Sat,0
id149327,2025-04-12,CreditCard,Torres LLC,Dinner,6110,0,-6110,2,4,Sat,0
id326840,2025-04-13,Cash,York-Williams,Insurance,9991,0,-9991,2,4,Sun,0
id588421,2025-04-13,SavingsBank,Rivera Boyd and Benson,Dinner,6021,0,-6021,2,4,Sun,0
id237740,2025-04-13,Cash,Clark Roman and Yang,Investment,3906,0,-3906,2,4,Sun,1
id321855,2025-04-13,CreditCard,Copeland and Sons,Telephone,2694,0,-2694,2,4,Sun,0
id987029,2025-04-13,Cash,Valencia-Juarez,Tax,3629,0,-3629,2,4,Sun,0
id292944,2025-04-13,CheckingAccount,Vasquez Andrews and Sherman,School,8526,0,-8526,2,4,Sun,0
id642521,2025-04-13,SavingsBank,Dividend,Dividend,0,5077,5077,2,4,Sun,0
id762243,2025-04-14,CreditCard,Porter Malone and Harris,Dinner,2483,0,-2483,2,4,Mon,0
id979436,2025-04-14,Cash,Martinez PLC,Telephone,8948,0,-8948,2,4,Mon,0
id979268,2025-04-15,Cash,Horn Wilson and Vega,Investment,3026,0,-3026,2,4,Tue,1
id505062,2025-04-15,CheckingAccount,Tanner-Mason,Fuel,3231,0,-3231,2,4,Tue,0
id155362,2025-04-15,SavingsBank,Buck PLC,House,5271,0,-5271,2,4,Tue,0
id628369,2025-04-15,CreditCard,Daniels Barnes and Garcia,Books,8281,0,-8281,2,4,Tue,0
id823707,2025-04-15,CheckingAccount,Sharp and Sons,Internet,5812,0,-5812,2,4,Tue,0
id359157,2025-04-15,CheckingAccount,Driver,Hire,5346,0,-5346,2,4,Tue,0
id379523,2025-04-15,CreditCard,Lester Glover and Nelson,Investment,3421,0,-3421,2,4,Tue,1
id494485,2025-04-15,Cash,Robertson-Benson,Grocery,813,0,-813,2,4,Tue,0
id496905,2025-04-16,SavingsBank,Salary,Salary,0,124860,124860,2,4,Wed,0
id483460,2025-04-16,SavingsBank,Dividend,Dividend,0,1124,1124,2,4,Wed,0
id438909,2025-04-16,CreditCard,Driver,Hire,4283,0,-4283,2,4,Wed,0
id440706,2025-04-16,SavingsBank,Salary,Salary,0,7215,7215,2,4,Wed,0
id786535,2025-04-16,CreditCard,Parrish-Jensen,Insurance,7613,0,-7613,2,4,Wed,0
id729912,2025-04-16,Cash,Lee Houston and Hoover,Telephone,4509,0,-4509,2,4,Wed,0
id424546,2025-04-17,SavingsBank,Lopez and Sons,Tax,8164,0,-8164,2,4,Thu,0
id411064,2025-04-17,CreditCard,Hendrix PLC,House,8663,0,-8663,2,4,Thu,0
id472305,2025-04-17,SavingsBank,Garcia and Sons,Insurance,2352,0,-2352,2,4,Thu,0
id366025,2025-04-17,Cash,Robinson-Hess,House,454,0,-454,2,4,Thu,0
id977011,2025-04-17,SavingsBank,Dividend,Dividend,0,1866,1866,2,4,Thu,0
id881867,2025-04-17,CheckingAccount,Garcia Gill and Nelson,Investment,3431,0,-3431,2,4,Thu,1
id783981,2025-04-17,CheckingAccount,Harris-Baker,Books,8621,0,-8621,2,4,Thu,0
id292899,2025-04-18,Cash,Lindsey and Sons,Internet,5324,0,-5324,2,4,Fri,0
id974851,2025-04-18,Cash,Hart-Cole,Grocery,1835,0,-1835,2,4,Fri,0
id974142,2025-04-18,SavingsBank,Burke LLC,Grocery,1909,0,-1909,2,4,Fri,0
id411178,2025-04-18,SavingsBank,Salary,Salary,0,18525,18525,2,4,Fri,0
id152195,2025-04-18,Cash,Guzman Smith and Soto,Fuel,7103,0,-7103,2,4,Fri,0
id342957,2025-04-18,CreditCard,Ritter and Sons,Books,9972,0,-9972,2,4,Fri,0
id242711,2025-04-18,CreditCard,Parsons Smith and Sullivan,Grocery,3122,0,-3122,2,4,Fri,0
id138393,2025-04-19,CheckingAccount,Peters Group,Internet,7404,0,-7404,2,4,Sat,0
id490945,2025-04-19,Cash,Noble Ltd,Investment,7848,0,-7848,2,4,Sat,1
id636404,2025-04-19,SavingsBank,Dividend,Dividend,0,7260,7260,2,4,Sat,0
id412538,2025-04-19,CheckingAccount,Phillips Group,School,6126,0,-6126,2,4,Sat,0
id485625,2025-04-20,SavingsBank,Dividend,Dividend,0,1654,1654,2,4,Sun,0
id219353,2025-04-20,CheckingAccount,Guerrero-Schultz,Books,681,0,-681,2,4,Sun,0
id637735,2025-04-20,CheckingAccount,Morales PLC,Insurance,1757,0,-1757,2,4,Sun,0
id611872,2025-04-20,SavingsBank,Salary,Salary,0,101910,101910,2,4,Sun,0
id552619,2025-04-21,Cash,Brown Watson and Jennings,Telephone,559,0,-559,2,4,Mon,0
id625527,2025-04-21,Cash,Wright PLC,Internet,4429,0,-4429,2,4,Mon,0
id817424,2025-04-21,CheckingAccount,Williams Clark and Love,Tax,6431,0,-6431,2,4,Mon,0
id917917,2025-04-21,CreditCard,Wilson Barron and Richardson,Investment,2069,0,-2069,2,4,Mon,1
id290584,2025-04-21,Cash,Foster LLC,Dinner,2954,0,-2954,2,4,Mon,0
id245491,2025-04-21,SavingsBank,Rowe-Anthony,Dinner,3540,0,-3540,2,4,Mon,0
id827109,2025-04-21,SavingsBank,Gallegos Baker and Clark,Grocery,9870,0,-9870,2,4,Mon,0
id371228,2025-04-21,CheckingAccount,Rivera Norton and Perez,Tax,3672,0,-3672,2,4,Mon,0
id476316,2025-04-21,CheckingAccount,Fritz-Sexton,Books,6452,0,-6452,2,4,Mon,0
id620525,2025-04-22,SavingsBank,Alexander-Hill,Investment,3427,0,-3427,2,4,Tue,1
id123523,2025-04-22,SavingsBank,Williams Cross and Lawson,Insurance,5960,0,-5960,2,4,Tue,0
id834455,2025-04-22,CreditCard,Mack-Lee,School,8647,0,-8647,2,4,Tue,0
id631424,2025-04-22,CreditCard,Cab,Hire,3849,0,-3849,2,4,Tue,0
id661385,2025-04-22,SavingsBank,Dividend,Dividend,0,8544,8544,2,4,Tue,0
id240450,2025-04-22,SavingsBank,Andrews PLC,Fuel,3912,0,-3912,2,4,Tue,0
id619079,2025-04-22,Cash,Barnett-Pruitt,School,6801,0,-6801,2,4,Tue,0
id969143,2025-04-23,SavingsBank,Hernandez-Burke,Tax,474,0,-474,2,4,Wed,0
id875092,2025-04-23,CreditCard,Sims and Sons,Insurance,426,0,-426,2,4,Wed,0
id217375,2025-04-23,CreditCard,Smith Dean and Ford,Grocery,6432,0,-6432,2,4,Wed,0
id509663,2025-04-23,CheckingAccount,Gentry-Martinez,Fuel,4199,0,-4199,2,4,Wed,0
id762425,2025-04-23,Cash,Thomas-Simpson,Internet,7587,0,-7587,2,4,Wed,0
id785242,2025-04-23,SavingsBank,Cab,Hire,4103,0,-4103,2,4,Wed,0
id269618,2025-04-23,CheckingAccount,Parker-Griffin,Internet,3087,0,-3087,2,4,Wed,0
id853860,2025-04-23,CreditCard,Cox Chavez and Jacobs,Books,4533,0,-4533,2,4,Wed,0
id941166,2025-04-23,CheckingAccount,Ellis LLC,Fuel,2143,0,-2143,2,4,Wed,0
id456182,2025-04-23,SavingsBank,Dividend,Dividend,0,3621,3621,2,4,Wed,0
id845022,2025-04-23,CreditCard,Mcintyre and Sons,Telephone,2955,0,-2955,2,4,Wed,0
id632132,2025-04-23,Cash,Walker Group,Investment,2698,0,-2698,2,4,Wed,1
id718496,2025-04-24,SavingsBank,Chapman Group,Dinner,1844,0,-1844,2,4,Thu,0
id972286,2025-04-24,Cash,Lewis Ltd,Books,2551,0,-2551,2,4,Thu,0
id295057,2025-04-24,CheckingAccount,Torres-Norton,Books,5890,0,-5890,2,4,Thu,0
id256969,2025-04-24,CheckingAccount,Waters-Williams,Grocery,1789,0,-1789,2,4,Thu,0
id888893,2025-04-25,SavingsBank,Cross Henderson and Hill,Telephone,7583,0,-7583,2,4,Fri,0
id656695,2025-04-25,SavingsBank,Salary,Salary,0,149730,149730,2,4,Fri,0
id114364,2025-04-25,CreditCard,Page Fields and Welch,Telephone,3202,0,-3202,2,4,Fri,0
id383291,2025-04-25,SavingsBank,Wright Beasley and Black,Dinner,9646,0,-9646,2,4,Fri,0
id816973,2025-04-25,CreditCard,Miller Evans and Holmes,Telephone,5113,0,-5113,2,4,Fri,0
id979497,2025-04-25,CreditCard,Peters and Sons,Insurance,7472,0,-7472,2,4,Fri,0
id436033,2025-04-26,SavingsBank,Salary,Salary,0,28410,28410,2,4,Sat,0
id733041,2025-04-26,SavingsBank,Sexton and Sons,Investment,9071,0,-9071,2,4,Sat,1
id293379,2025-04-26,CreditCard,White-Kennedy,Grocery,3160,0,-3160,2,4,Sat,0
id439678,2025-04-26,Cash,Nelson LLC,Telephone,6362,0,-6362,2,4,Sat,0
id289540,2025-04-26,CheckingAccount,Lynch Delgado and Garcia,Books,9516,0,-9516,2,4,Sat,0
id755095,2025-04-26,Cash,Williams Thomas and Valencia,Grocery,9361,0,-9361,2,4,Sat,0
id352245,2025-04-26,Cash,Watts Robbins and Martinez,Dinner,7711,0,-7711,2,4,Sat,0
id923975,2025-04-26,CreditCard,Higgins Barnett and Woodward,Insurance,8468,0,-8468,2,4,Sat,0
id536704,2025-04-27,CheckingAccount,Brown LLC,Insurance,8004,0,-8004,2,4,Sun,0
id376732,2025-04-27,SavingsBank,Mckay Ltd,Internet,3522,0,-3522,2,4,Sun,0
id360728,2025-04-27,CreditCard,Carlson Ltd,Books,3444,0,-3444,2,4,Sun,0
id476548,2025-04-27,CreditCard,Ryan-Padilla,Internet,747,0,-747,2,4,Sun,0
id693652,2025-04-27,CheckingAccount,Roberts Group,Dinner,8951,0,-8951,2,4,Sun,0
id611124,2025-04-27,Cash,Ramirez-Savage,House,5158,0,-5158,2,4,Sun,0
id990243,2025-04-27,Cash,Turner-Bailey,Investment,4942,0,-4942,2,4,Sun,1
id526886,2025-04-27,CreditCard,Becker-Arellano,Grocery,6091,0,-6091,2,4,Sun,0
id681895,2025-04-28,SavingsBank,Cleaning,Hire,7213,0,-7213,2,4,Mon,0
id792879,2025-04-28,SavingsBank,Shelton-Flynn,Insurance,3327,0,-3327,2,4,Mon,0
id369122,2025-04-28,SavingsBank,Salary,Salary,0,120780,120780,2,4,Mon,0
id926960,2025-04-28,SavingsBank,Hoover-Garrison,Internet,1521,0,-1521,2,4,Mon,0
id332230,2025-04-28,Cash,Allen Collins and Hall,Insurance,6154,0,-6154,2,4,Mon,0
id838990,2025-04-28,Cash,Johnson Group,Telephone,2990,0,-2990,2,4,Mon,0
id522859,2025-04-28,SavingsBank,Johnson Inc,Books,6443,0,-6443,2,4,Mon,0
id948442,2025-04-28,Cash,Johnson Group,Insurance,3014,0,-3014,2,4,Mon,0
id692610,2025-04-28,CreditCard,Shields-Johnson,Telephone,6762,0,-6762,2,4,Mon,0
id717555,2025-04-29,Cash,Wright Shaw and Johnson,Tax,8002,0,-8002,2,4,Tue,0
id656022,2025-04-29,CheckingAccount,Crosby Group,Grocery,7646,0,-7646,2,4,Tue,0
id189092,2025-04-29,CheckingAccount,Carpenter Robbins and Russell,Books,7087,0,-7087,2,4,Tue,0
id860899,2025-04-29,CheckingAccount,Brown Sheppard and Miranda,Dinner,5976,0,-5976,2,4,Tue,0
id533661,2025-04-29,SavingsBank,Bailey LLC,Internet,295,0,-295,2,4,Tue,0
id201093,2025-04-29,CreditCard,Wright Williams and Chambers,Fuel,7886,0,-7886,2,4,Tue,0
id876424,2025-04-29,CreditCard,Salas PLC,Investment,854,0,-854,2,4,Tue,1
id472372,2025-04-30,SavingsBank,Wilson Inc,Fuel,5163,0,-5163,2,4,Wed,0
id851570,2025-04-30,CheckingAccount,Perez-Robertson,School,4987,0,-4987,2,4,Wed,0
id572413,2025-04-30,CreditCard,Aguilar Smith and Miller,Grocery,2830,0,-2830,2,4,Wed,0
id975726,2025-04-30,Cash,Jones Group,Books,2225,0,-2225,2,4,Wed,0
id598306,2025-04-30,CreditCard,Hines and Sons,Grocery,6027,0,-6027,2,4,Wed,0
id580691,2025-04-30,SavingsBank,Salary,Salary,0,111615,111615,2,4,Wed,0
id644208,2025-04-30,Cash,George LLC,Fuel,1147,0,-1147,2,4,Wed,0
id517858,2025-05-01,Cash,Hernandez-Parsons,Fuel,1843,0,-1843,2,5,Thu,0
id941540,2025-05-01,Cash,Case-Pineda,Telephone,8844,0,-8844,2,5,Thu,0
id817166,2025-05-01,CreditCard,Hamilton Inc,House,6372,0,-6372,2,5,Thu,0
id781885,2025-05-01,Cash,Davis Schultz and Sanders,Grocery,751,0,-751,2,5,Thu,0
id390884,2025-05-01,CheckingAccount,Chen-Davis,School,418,0,-418,2,5,Thu,0
id639286,2025-05-01,Cash,Ruiz Gonzalez and Berg,House,5487,0,-5487,2,5,Thu,0
id441180,2025-05-02,CheckingAccount,Parrish-Anderson,Grocery,509,0,-509,2,5,Fri,0
id590662,2025-05-02,CreditCard,Hall Adams and Fleming,Internet,4616,0,-4616,2,5,Fri,0
id567169,2025-05-02,Cash,Williams Davis and Romero,Dinner,7485,0,-7485,2,5,Fri,0
id828496,2025-05-02,CheckingAccount,Waters-Hull,Investment,6184,0,-6184,2,5,Fri,1
id157013,2025-05-02,CreditCard,Smith and Sons,House,3499,0,-3499,2,5,Fri,0
id254790,2025-05-02,Cash,Pierce Jones and Collins,Insurance,7169,0,-7169,2,5,Fri,0
id911645,2025-05-03,SavingsBank,Mccormick Williams and Frank,Grocery,9426,0,-9426,2,5,Sat,0
id414919,2025-05-03,CheckingAccount,Garner-Jackson,Insurance,3423,0,-3423,2,5,Sat,0
id635787,2025-05-03,CheckingAccount,Daugherty Flores and Fisher,Fuel,6828,0,-6828,2,5,Sat,0
id186443,2025-05-03,Cash,Accountant,Hire,3445,0,-3445,2,5,Sat,0
id332125,2025-05-03,Cash,Drake-Jennings,Internet,6927,0,-6927,2,5,Sat,0
id200393,2025-05-04,CheckingAccount,Young Russo and Yates,House,4550,0,-4550,2,5,Sun,0
id204792,2025-05-04,Cash,Rodgers Ltd,Investment,7188,0,-7188,2,5,Sun,1
id190466,2025-05-04,SavingsBank,Moore Duncan and Beltran,Grocery,2111,0,-2111,2,5,Sun,0
id397080,2025-05-04,CheckingAccount,Simpson-Harris,Internet,1309,0,-1309,2,5,Sun,0
id738502,2025-05-04,CheckingAccount,Lee Ltd,Telephone,6552,0,-6552,2,5,Sun,0
id262768,2025-05-04,CreditCard,Wood Martinez and Miller,Tax,5336,0,-5336,2,5,Sun,0
id825689,2025-05-04,Cash,Smith Anderson and Ray,Grocery,9890,0,-9890,2,5,Sun,0
id633565,2025-05-04,CreditCard,Mccarthy-Jones,Internet,9741,0,-9741,2,5,Sun,0
id459190,2025-05-04,CreditCard,Cameron Smith and Palmer,Tax,7772,0,-7772,2,5,Sun,0
id371483,2025-05-05,SavingsBank,Interest,Interest,0,854,854,2,5,Mon,0
id358642,2025-05-05,CreditCard,Obrien Alexander and Warren,Tax,3482,0,-3482,2,5,Mon,0
id602063,2025-05-05,Cash,Accountant,Hire,5223,0,-5223,2,5,Mon,0
id800527,2025-05-05,Cash,Driver,Hire,6638,0,-6638,2,5,Mon,0
id803886,2025-05-05,Cash,Clayton Maddox and Spears,Fuel,1019,0,-1019,2,5,Mon,0
id236373,2025-05-05,SavingsBank,Salazar-Guerra,Tax,3085,0,-3085,2,5,Mon,0
id989111,2025-05-05,SavingsBank,Scott-Harris,Internet,5287,0,-5287,2,5,Mon,0
id125295,2025-05-06,CreditCard,Bennett Delgado and Byrd,Tax,5214,0,-5214,2,5,Tue,0
id518187,2025-05-06,CheckingAccount,Sullivan Smith and Taylor,Investment,2273,0,-2273,2,5,Tue,1
id623446,2025-05-06,SavingsBank,Interest,Interest,0,7205,7205,2,5,Tue,0
id912197,2025-05-06,SavingsBank,Salary,Salary,0,119070,119070,2,5,Tue,0
id505922,2025-05-06,Cash,Higgins Ltd,Internet,1094,0,-1094,2,5,Tue,0
id640514,2025-05-06,Cash,Stone Pollard and Smith,Investment,9891,0,-9891,2,5,Tue,1
id642401,2025-05-07,CreditCard,Figueroa-Johnson,Investment,949,0,-949,2,5,Wed,1
id883219,2025-05-07,CreditCard,Gomez Taylor and Sullivan,Investment,4974,0,-4974,2,5,Wed,1
id264528,2025-05-07,SavingsBank,Cleaning,Hire,150,0,-150,2,5,Wed,0
id530255,2025-05-07,Cash,Galvan Robinson and Barber,Books,2451,0,-2451,2,5,Wed,0
id621925,2025-05-07,Cash,Stewart Villegas and Campbell,Tax,9657,0,-9657,2,5,Wed,0
id997746,2025-05-07,CreditCard,Garcia Holland and Humphrey,Internet,7717,0,-7717,2,5,Wed,0
id604036,2025-05-07,CreditCard,Camacho Inc,Internet,4983,0,-4983,2,5,Wed,0
id132708,2025-05-07,CheckingAccount,Henderson Russell and Berg,Tax,8492,0,-8492,2,5,Wed,0
id975752,2025-05-07,CreditCard,Miller-Allen,Investment,5633,0,-5633,2,5,Wed,1
id636957,2025-05-07,SavingsBank,Taylor and Sons,Fuel,8072,0,-8072,2,5,Wed,0
id579158,2025-05-08,Cash,Brown-Miles,Insurance,9951,0,-9951,2,5,Thu,0
id306610,2025-05-08,SavingsBank,Salary,Salary,0,43290,43290,2,5,Thu,0
id862998,2025-05-08,CheckingAccount,David Nelson and Holland,House,3968,0,-3968,2,5,Thu,0
id292813,2025-05-09,SavingsBank,Oconnell-Lopez,Insurance,3948,0,-3948,2,5,Fri,0
id812103,2025-05-09,CreditCard,Dorsey-Lewis,House,2676,0,-2676,2,5,Fri,0
id927087,2025-05-09,CreditCard,Oconnor-Howard,School,5528,0,-5528,2,5,Fri,0
id291363,2025-05-09,CheckingAccount,Ortiz Perez and Wood,Dinner,1064,0,-1064,2,5,Fri,0
id647888,2025-05-10,SavingsBank,Bowman and Sons,Grocery,1844,0,-1844,2,5,Sat,0
id919711,2025-05-10,CheckingAccount,Wells Jacobs and Perez,Insurance,3070,0,-3070,2,5,Sat,0
id817191,2025-05-10,CheckingAccount,Mason-Smith,Fuel,5411,0,-5411,2,5,Sat,0
id195277,2025-05-10,SavingsBank,Salary,Salary,0,130785,130785,2,5,Sat,0
id860102,2025-05-10,CreditCard,Cleaning,Hire,7874,0,-7874,2,5,Sat,0
id269335,2025-05-10,Cash,Edwards and Sons,Internet,3506,0,-3506,2,5,Sat,0
id408522,2025-05-10,SavingsBank,Marshall Morris and Sanders,Telephone,5179,0,-5179,2,5,Sat,0
id718095,2025-05-10,SavingsBank,Harrison Inc,Dinner,1401,0,-1401,2,5,Sat,0
id967694,2025-05-10,Cash,Bryant Gonzales and Ramos,Books,596,0,-596,2,5,Sat,0
id868742,2025-05-10,Cash,Rose Wallace and Mckinney,Insurance,107,0,-107,2,5,Sat,0
id136724,2025-05-10,Cash,Rowe Williams and Davis,Fuel,558,0,-558,2,5,Sat,0
id486962,2025-05-11,CreditCard,Martin Inc,Investment,3534,0,-3534,2,5,Sun,1
id861116,2025-05-11,CheckingAccount,Rivera-Lee,School,2412,0,-2412,2,5,Sun,0
id810405,2025-05-11,CreditCard,Lee Group,Dinner,6516,0,-6516,2,5,Sun,0
id572116,2025-05-11,CreditCard,Stewart Group,Books,3394,0,-3394,2,5,Sun,0
id839449,2025-05-11,CheckingAccount,Anthony-Nielsen,Investment,5682,0,-5682,2,5,Sun,1
id998844,2025-05-12,Cash,Johnson Harris and Jenkins,Fuel,1243,0,-1243,2,5,Mon,0
id427335,2025-05-12,SavingsBank,Singleton-Grimes,School,1077,0,-1077,2,5,Mon,0
id143413,2025-05-12,SavingsBank,Leblanc Higgins and Porter,Books,5697,0,-5697,2,5,Mon,0
id209739,2025-05-12,Cash,Poole Carney and Hancock,Internet,7616,0,-7616,2,5,Mon,0
id556284,2025-05-12,SavingsBank,Navarro LLC,Internet,9414,0,-9414,2,5,Mon,0
id971035,2025-05-12,Cash,Cole-Ortiz,Insurance,5617,0,-5617,2,5,Mon,0
id967575,2025-05-12,CheckingAccount,Butler-Armstrong,Dinner,2459,0,-2459,2,5,Mon,0
id727261,2025-05-13,Cash,Reynolds Group,School,5383,0,-5383,2,5,Tue,0
id795517,2025-05-13,CreditCard,Burns PLC,Telephone,2151,0,-2151,2,5,Tue,0
id304756,2025-05-13,SavingsBank,Herrera Smith and Petersen,School,9782,0,-9782,2,5,Tue,0
id851367,2025-05-13,CreditCard,Green PLC,School,7824,0,-7824,2,5,Tue,0
id247538,2025-05-13,SavingsBank,Salary,Salary,0,146910,146910,2,5,Tue,0
id338576,2025-05-13,CreditCard,Saunders Ltd,Books,3715,0,-3715,2,5,Tue,0
id433551,2025-05-13,CreditCard,Farrell Ltd,Grocery,5873,0,-5873,2,5,Tue,0
id539304,2025-05-13,Cash,Rojas-Soto,Fuel,8268,0,-8268,2,5,Tue,0
id844891,2025-05-13,CreditCard,Atkins PLC,Dinner,1284,0,-1284,2,5,Tue,0
id200087,2025-05-13,CreditCard,Rodriguez Vazquez and Mcneil,Insurance,7160,0,-7160,2,5,Tue,0
id296409,2025-05-14,CheckingAccount,Johnson Ochoa and Torres,Internet,301,0,-301,2,5,Wed,0
id283098,2025-05-14,CreditCard,Alvarez Gonzalez and Richardson,Telephone,6355,0,-6355,2,5,Wed,0
id370910,2025-05-14,CheckingAccount,Willis Inc,House,9749,0,-9749,2,5,Wed,0
id494071,2025-05-14,CheckingAccount,Shaffer and Sons,School,4385,0,-4385,2,5,Wed,0
id957221,2025-05-15,SavingsBank,May King and Johnson,Tax,908,0,-908,2,5,Thu,0
id994785,2025-05-15,SavingsBank,Hill Inc,Insurance,1685,0,-1685,2,5,Thu,0
id450198,2025-05-15,Cash,Randolph and Sons,House,9360,0,-9360,2,5,Thu,0
id880117,2025-05-15,SavingsBank,Thomas Ltd,Investment,2448,0,-2448,2,5,Thu,1
id881606,2025-05-15,CheckingAccount,Ward James and Suarez,Insurance,9867,0,-9867,2,5,Thu,0
id347029,2025-05-15,Cash,Mullen Perez and Hess,House,1707,0,-1707,2,5,Thu,0
id691771,2025-05-15,CheckingAccount,Ramsey-Sweeney,House,1046,0,-1046,2,5,Thu,0
id775203,2025-05-16,SavingsBank,Dividend,Dividend,0,820,820,2,5,Fri,0
id346428,2025-05-16,SavingsBank,Martinez LLC,Telephone,8855,0,-8855,2,5,Fri,0
id410632,2025-05-16,CheckingAccount,Snyder Ltd,Books,4371,0,-4371,2,5,Fri,0
id881368,2025-05-16,CheckingAccount,Fuentes Delacruz and Mcguire,Fuel,4470,0,-4470,2,5,Fri,0
id467577,2025-05-17,SavingsBank,Walker Jacobs and Brown,Internet,4205,0,-4205,2,5,Sat,0
id143035,2025-05-17,CheckingAccount,Payne-Lynn,Investment,1642,0,-1642,2,5,Sat,1
id161045,2025-05-17,CreditCard,Flynn-Nunez,Insurance,3455,0,-3455,2,5,Sat,0
id885168,2025-05-17,CreditCard,Mitchell Brown and Campbell,Investment,1627,0,-1627,2,5,Sat,1
id564237,2025-05-17,Cash,Clements Young and Edwards,Fuel,6609,0,-6609,2,5,Sat,0
id566238,2025-05-17,CreditCard,Hicks Davis and Green,Insurance,6632,0,-6632,2,5,Sat,0
id172353,2025-05-18,CheckingAccount,Price Stuart and Sanchez,Insurance,5544,0,-5544,2,5,Sun,0
id463426,2025-05-18,Cash,Horton Cooper and Carter,Tax,8236,0,-8236,2,5,Sun,0
id154250,2025-05-18,Cash,Velez-Levine,Fuel,6340,0,-6340,2,5,Sun,0
id464937,2025-05-18,Cash,Mejia-Clark,Grocery,3727,0,-3727,2,5,Sun,0
id556122,2025-05-18,CreditCard,Norris Inc,School,3389,0,-3389,2,5,Sun,0
id373465,2025-05-18,SavingsBank,Steele and Sons,Investment,938,0,-938,2,5,Sun,1
id667899,2025-05-18,SavingsBank,Dividend,Dividend,0,628,628,2,5,Sun,0
id948623,2025-05-18,SavingsBank,Salary,Salary,0,59760,59760,2,5,Sun,0
id781089,2025-05-19,CheckingAccount,Gay Inc,Grocery,9351,0,-9351,2,5,Mon,0
id921416,2025-05-19,CreditCard,Ross Inc,Fuel,5006,0,-5006,2,5,Mon,0
id698321,2025-05-19,CheckingAccount,Sanchez Shah and Reid,Dinner,884,0,-884,2,5,Mon,0
id780911,2025-05-20,CheckingAccount,Nelson Group,Internet,8492,0,-8492,2,5,Tue,0
id171909,2025-05-20,Cash,Shea PLC,Insurance,2055,0,-2055,2,5,Tue,0
id205968,2025-05-20,Cash,Crawford-Gonzalez,Investment,3546,0,-3546,2,5,Tue,1
id353591,2025-05-20,Cash,Mcdonald Garcia and Thompson,Grocery,5422,0,-5422,2,5,Tue,0
id796169,2025-05-20,Cash,Richards-Taylor,Fuel,157,0,-157,2,5,Tue,0
id573180,2025-05-20,SavingsBank,Interest,Interest,0,2671,2671,2,5,Tue,0
id724030,2025-05-21,CheckingAccount,Sandoval Hurley and Cobb,Insurance,3550,0,-3550,2,5,Wed,0
id137733,2025-05-21,CheckingAccount,Hebert-Kirk,Dinner,1122,0,-1122,2,5,Wed,0
id284237,2025-05-21,Cash,Copeland LLC,Internet,6213,0,-6213,2,5,Wed,0
id689740,2025-05-21,CheckingAccount,Munoz PLC,Insurance,6907,0,-6907,2,5,Wed,0
id133410,2025-05-21,CheckingAccount,Shannon-King,Fuel,7125,0,-7125,2,5,Wed,0
id251574,2025-05-21,CreditCard,Dixon-Martin,School,8236,0,-8236,2,5,Wed,0
id573026,2025-05-21,CreditCard,Hart Novak and Washington,Internet,1532,0,-1532,2,5,Wed,0
id645408,2025-05-21,Cash,Garza-Reyes,Tax,1766,0,-1766,2,5,Wed,0
id613219,2025-05-21,Cash,Casey Mendoza and Stewart,Fuel,7066,0,-7066,2,5,Wed,0
id361397,2025-05-21,Cash,Ferguson Ltd,Books,9925,0,-9925,2,5,Wed,0
id467756,2025-05-21,CreditCard,Cleaning,Hire,9353,0,-9353,2,5,Wed,0
id509926,2025-05-22,CreditCard,Gonzalez-Hunter,House,9385,0,-9385,2,5,Thu,0
id394058,2025-05-22,CheckingAccount,Kelly Moss and Sullivan,Fuel,3050,0,-3050,2,5,Thu,0
id896639,2025-05-22,Cash,Moran Haney and Hampton,House,7882,0,-7882,2,5,Thu,0
id213645,2025-05-22,CreditCard,Hancock Flowers and Brown,Grocery,3936,0,-3936,2,5,Thu,0
id245143,2025-05-23,CheckingAccount,Mitchell Murray and Jackson,Books,5345,0,-5345,2,5,Fri,0
id577151,2025-05-23,CheckingAccount,Fleming PLC,Tax,1488,0,-1488,2,5,Fri,0
id466102,2025-05-23,SavingsBank,Solis Inc,Grocery,9310,0,-9310,2,5,Fri,0
id850973,2025-05-23,CheckingAccount,Knight-Smith,Insurance,4689,0,-4689,2,5,Fri,0
id696683,2025-05-23,CheckingAccount,Molina Inc,Fuel,4545,0,-4545,2,5,Fri,0
id313637,2025-05-23,CheckingAccount,Wong Parks and Clements,Internet,9861,0,-9861,2,5,Fri,0
id389684,2025-05-24,CheckingAccount,Hayes LLC,School,4624,0,-4624,2,5,Sat,0
id226632,2025-05-24,Cash,Collins Group,Dinner,1548,0,-1548,2,5,Sat,0
id591907,2025-05-24,SavingsBank,Salary,Salary,0,145170,145170,2,5,Sat,0
id732859,2025-05-24,CreditCard,Flores Baker and Carter,Books,7248,0,-7248,2,5,Sat,0
id726968,2025-05-25,CheckingAccount,Foster Cooper and Anderson,Dinner,3616,0,-3616,2,5,Sun,0
id956191,2025-05-25,Cash,Baker Ross and Webb,Tax,1259,0,-1259,2,5,Sun,0
id225350,2025-05-25,Cash,Driver,Hire,4930,0,-4930,2,5,Sun,0
id979065,2025-05-25,SavingsBank,Dividend,Dividend,0,4802,4802,2,5,Sun,0
id601376,2025-05-26,Cash,Taylor Orr and Scott,Fuel,4238,0,-4238,2,5,Mon,0
id423779,2025-05-26,Cash,Clayton-Rogers,Telephone,9152,0,-9152,2,5,Mon,0
id297261,2025-05-26,Cash,Ray Williams and Cervantes,Tax,5564,0,-5564,2,5,Mon,0
id470710,2025-05-26,SavingsBank,Jackson Group,Fuel,7773,0,-7773,2,5,Mon,0
id306450,2025-05-26,CreditCard,Clarke Inc,Dinner,4900,0,-4900,2,5,Mon,0
id328919,2025-05-26,CreditCard,Clark-Castillo,Telephone,6208,0,-6208,2,5,Mon,0
id645837,2025-05-27,CreditCard,Accountant,Hire,133,0,-133,2,5,Tue,0
id241577,2025-05-27,SavingsBank,Turner PLC,House,7196,0,-7196,2,5,Tue,0
id342167,2025-05-27,Cash,Jones-Smith,Tax,6201,0,-6201,2,5,Tue,0
id484986,2025-05-27,CheckingAccount,Turner Jennings and Harper,Fuel,2151,0,-2151,2,5,Tue,0
id930593,2025-05-27,SavingsBank,Preston-Miller,Tax,5250,0,-5250,2,5,Tue,0
id707717,2025-05-27,CreditCard,Burgess-Wells,Investment,336,0,-336,2,5,Tue,1
id674329,2025-05-27,CreditCard,Brown Torres and Martin,Books,8341,0,-8341,2,5,Tue,0
id913860,2025-05-27,CheckingAccount,Morrison-Schmidt,Dinner,8456,0,-8456,2,5,Tue,0
id257606,2025-05-27,Cash,Banks LLC,Internet,2682,0,-2682,2,5,Tue,0
id950875,2025-05-27,Cash,Knight LLC,Books,8023,0,-8023,2,5,Tue,0
id622998,2025-05-27,Cash,Lopez Patel and Holland,Insurance,4913,0,-4913,2,5,Tue,0
id916032,2025-05-27,Cash,Adams LLC,Grocery,2322,0,-2322,2,5,Tue,0
id638881,2025-05-27,CheckingAccount,Washington Inc,Insurance,7385,0,-7385,2,5,Tue,0
id449000,2025-05-28,CreditCard,Wallace Group,Grocery,5324,0,-5324,2,5,Wed,0
id154417,2025-05-28,CheckingAccount,Brown Ltd,Grocery,9504,0,-9504,2,5,Wed,0
id938545,2025-05-28,CreditCard,Powell Group,Fuel,6064,0,-6064,2,5,Wed,0
id885227,2025-05-28,CheckingAccount,Torres-Jones,Insurance,3902,0,-3902,2,5,Wed,0
id506706,2025-05-28,CheckingAccount,Johnson-Larson,Dinner,5512,0,-5512,2,5,Wed,0
id481626,2025-05-28,Cash,Boyd Inc,Investment,4095,0,-4095,2,5,Wed,1
id122497,2025-05-28,CheckingAccount,Bright-Young,Dinner,7060,0,-7060,2,5,Wed,0
id537286,2025-05-28,SavingsBank,Salary,Salary,0,80205,80205,2,5,Wed,0
id156842,2025-05-28,SavingsBank,Bates-Johnston,Dinner,2018,0,-2018,2,5,Wed,0
id511396,2025-05-28,Cash,Keith Ltd,Telephone,4289,0,-4289,2,5,Wed,0
id681589,2025-05-29,CheckingAccount,Morris Ltd,Fuel,7712,0,-7712,2,5,Thu,0
id500870,2025-05-29,CreditCard,Vaughan-Wilson,Investment,6981,0,-6981,2,5,Thu,1
id740191,2025-05-29,SavingsBank,Collins Group,Telephone,1984,0,-1984,2,5,Thu,0
id684993,2025-05-30,CreditCard,Long-White,Dinner,7543,0,-7543,2,5,Fri,0
id462794,2025-05-30,CheckingAccount,Williams Inc,Telephone,4420,0,-4420,2,5,Fri,0
id940116,2025-05-30,CheckingAccount,Burton-Smith,Books,9268,0,-9268,2,5,Fri,0
id579587,2025-05-30,Cash,Barron PLC,Grocery,2823,0,-2823,2,5,Fri,0
id451268,2025-05-30,SavingsBank,Murray-Wright,Books,4729,0,-4729,2,5,Fri,0
id642568,2025-05-30,CheckingAccount,Berry Carter and Riley,House,5855,0,-5855,2,5,Fri,0
id418076,2025-06-01,Cash,Mcgee-Ray,Internet,7632,0,-7632,2,6,Sun,0
id859340,2025-06-01,CheckingAccount,Kelly PLC,Grocery,7388,0,-7388,2,6,Sun,0
id901507,2025-06-01,Cash,Owen Group,Insurance,4955,0,-4955,2,6,Sun,0
id250123,2025-06-02,SavingsBank,Cook Murphy and Miller,Investment,9047,0,-9047,2,6,Mon,1
id391604,2025-06-02,SavingsBank,Erickson-Drake,Internet,5798,0,-5798,2,6,Mon,0
id456545,2025-06-02,Cash,Kelly-Higgins,Investment,7041,0,-7041,2,6,Mon,1
id334889,2025-06-02,Cash,Foster Inc,Dinner,9355,0,-9355,2,6,Mon,0
id238071,2025-06-03,Cash,Cline-Carey,Insurance,8171,0,-8171,2,6,Tue,0
id401981,2025-06-03,CreditCard,Callahan Phelps and Roy,Grocery,7990,0,-7990,2,6,Tue,0
id509889,2025-06-03,SavingsBank,Singh-Wallace,Insurance,5697,0,-5697,2,6,Tue,0
id447962,2025-06-03,CheckingAccount,Eaton Group,Dinner,2908,0,-2908,2,6,Tue,0
id455722,2025-06-03,SavingsBank,Interest,Interest,0,2390,2390,2,6,Tue,0
id901244,2025-06-03,CreditCard,Christensen Elliott and Alexander,House,3164,0,-3164,2,6,Tue,0
id730033,2025-06-03,CreditCard,Nichols Inc,Investment,1210,0,-1210,2,6,Tue,1
id812754,2025-06-03,CheckingAccount,Lopez Valdez and Porter,Internet,1302,0,-1302,2,6,Tue,0
id982670,2025-06-03,SavingsBank,Interest,Interest,0,9377,9377,2,6,Tue,0
id528553,2025-06-03,SavingsBank,Benjamin-Garrett,Dinner,9774,0,-9774,2,6,Tue,0
id505621,2025-06-03,CreditCard,Wells Inc,Books,4336,0,-4336,2,6,Tue,0
id309817,2025-06-03,CreditCard,Elliott Myers and Andrews,Investment,888,0,-888,2,6,Tue,1
id651114,2025-06-04,Cash,Johnson Nguyen and Woodward,Telephone,5261,0,-5261,2,6,Wed,0
id352602,2025-06-04,SavingsBank,Interest,Interest,0,8281,8281,2,6,Wed,0
id122126,2025-06-04,CreditCard,Ramos Myers and Collier,Telephone,2826,0,-2826,2,6,Wed,0
id202632,2025-06-04,CreditCard,Rodriguez-Hill,Dinner,3565,0,-3565,2,6,Wed,0
id734464,2025-06-04,CreditCard,Nguyen Malone and Johnson,Tax,2706,0,-2706,2,6,Wed,0
id459627,2025-06-04,SavingsBank,Salary,Salary,0,23085,23085,2,6,Wed,0
id846503,2025-06-04,SavingsBank,Browning Williams and Curry,Books,6258,0,-6258,2,6,Wed,0
id660246,2025-06-04,CreditCard,Hunter-Walker,Tax,4578,0,-4578,2,6,Wed,0
id930518,2025-06-04,Cash,Harrison Martinez and Kelly,Dinner,4200,0,-4200,2,6,Wed,0
id808455,2025-06-05,CheckingAccount,Rodriguez-Anderson,Investment,2112,0,-2112,2,6,Thu,1
id349198,2025-06-05,CreditCard,Green-Martin,House,4083,0,-4083,2,6,Thu,0
id592706,2025-06-05,Cash,Brown LLC,Telephone,1984,0,-1984,2,6,Thu,0
id462271,2025-06-06,Cash,Smith-Bender,Grocery,8304,0,-8304,2,6,Fri,0
id377816,2025-06-06,Cash,Lee Group,Telephone,4743,0,-4743,2,6,Fri,0
id800238,2025-06-06,CheckingAccount,Davis-Morrow,School,1695,0,-1695,2,6,Fri,0
id622529,2025-06-06,Cash,Phillips PLC,Telephone,9363,0,-9363,2,6,Fri,0
id894320,2025-06-06,CheckingAccount,Henderson Bender and Fisher,Insurance,6952,0,-6952,2,6,Fri,0
id693331,2025-06-06,CheckingAccount,Hernandez-Vang,Fuel,3381,0,-3381,2,6,Fri,0
id843303,2025-06-06,CreditCard,Reed Phelps and Griffin,Investment,9091,0,-9091,2,6,Fri,1
id862801,2025-06-06,SavingsBank,Salary,Salary,0,69255,69255,2,6,Fri,0
id852077,2025-06-07,SavingsBank,Interest,Interest,0,3954,3954,2,6,Sat,0
id961695,2025-06-07,CreditCard,Allen-Khan,Fuel,605,0,-605,2,6,Sat,0
id664775,2025-06-07,Cash,Cleaning,Hire,880,0,-880,2,6,Sat,0
id529803,2025-06-07,CreditCard,Wiley LLC,House,1838,0,-1838,2,6,Sat,0
id412535,2025-06-07,CreditCard,Accountant,Hire,5735,0,-5735,2,6,Sat,0
id120047,2025-06-07,SavingsBank,Gonzalez Gonzalez and Fields,Telephone,5786,0,-5786,2,6,Sat,0
id536121,2025-06-07,CreditCard,Rivera Sims and Castillo,Dinner,1951,0,-1951,2,6,Sat,0
id855352,2025-06-08,Cash,Smith-Nixon,Fuel,8353,0,-8353,2,6,Sun,0
id991266,2025-06-09,Cash,Ford-Smith,House,7350,0,-7350,2,6,Mon,0
id287070,2025-06-09,CheckingAccount,Marshall Ltd,Insurance,6733,0,-6733,2,6,Mon,0
id743848,2025-06-09,CheckingAccount,Ray LLC,Internet,1649,0,-1649,2,6,Mon,0
id524261,2025-06-09,CheckingAccount,Harris-Atkinson,School,3269,0,-3269,2,6,Mon,0
id996541,2025-06-09,CheckingAccount,Bates Inc,Dinner,2905,0,-2905,2,6,Mon,0
id634307,2025-06-09,SavingsBank,Salary,Salary,0,134760,134760,2,6,Mon,0
id128682,2025-06-09,Cash,Nguyen Nash and Brown,Internet,8849,0,-8849,2,6,Mon,0
id432006,2025-06-10,CheckingAccount,Johnson-Garcia,Books,147,0,-147,2,6,Tue,0
id727081,2025-06-10,SavingsBank,Salary,Salary,0,77400,77400,2,6,Tue,0
id603932,2025-06-10,Cash,Christensen-Carter,Books,3618,0,-3618,2,6,Tue,0
id536068,2025-06-10,CheckingAccount,Velazquez Fitzgerald and Lin,Dinner,2613,0,-2613,2,6,Tue,0
id339129,2025-06-10,Cash,Marsh Lee and Medina,Tax,7045,0,-7045,2,6,Tue,0
id829851,2025-06-10,CheckingAccount,Brown Flores and Williams,Grocery,1528,0,-1528,2,6,Tue,0
id360532,2025-06-10,Cash,Lowe Inc,Internet,8897,0,-8897,2,6,Tue,0
id310829,2025-06-10,SavingsBank,Weaver-Robinson,Internet,8691,0,-8691,2,6,Tue,0
id166058,2025-06-10,CreditCard,Edwards White and Johnson,Fuel,2062,0,-2062,2,6,Tue,0
id153147,2025-06-11,CheckingAccount,Obrien Doyle and Wallace,Grocery,395,0,-395,2,6,Wed,0
id420827,2025-06-11,CreditCard,House-Schroeder,Investment,5020,0,-5020,2,6,Wed,1
id641646,2025-06-11,SavingsBank,Interest,Interest,0,8421,8421,2,6,Wed,0
id204975,2025-06-12,Cash,Smith LLC,Internet,5876,0,-5876,2,6,Thu,0
id556089,2025-06-12,CreditCard,Jones Kim and Nichols,Tax,6111,0,-6111,2,6,Thu,0
id171129,2025-06-12,SavingsBank,Dividend,Dividend,0,9068,9068,2,6,Thu,0
id453637,2025-06-13,Cash,Brown-Nielsen,Tax,2721,0,-2721,2,6,Fri,0
id429802,2025-06-13,CheckingAccount,Lutz Inc,Telephone,7871,0,-7871,2,6,Fri,0
id202255,2025-06-13,CreditCard,Cunningham Drake and Frey,Insurance,3122,0,-3122,2,6,Fri,0
id547105,2025-06-13,CheckingAccount,Joseph-Watson,Fuel,921,0,-921,2,6,Fri,0
id416331,2025-06-13,SavingsBank,Lee Ruiz and Hernandez,Books,4331,0,-4331,2,6,Fri,0
id166953,2025-06-14,CreditCard,Lewis-Neal,Investment,7594,0,-7594,2,6,Sat,1
id706722,2025-06-14,SavingsBank,Curtis-Edwards,Investment,8628,0,-8628,2,6,Sat,1
id511739,2025-06-14,CheckingAccount,Rogers-Vargas,Investment,8532,0,-8532,2,6,Sat,1
id298034,2025-06-14,CheckingAccount,Marshall Day and Schaefer,Grocery,707,0,-707,2,6,Sat,0
id935005,2025-06-15,Cash,Rodriguez-Allison,School,1895,0,-1895,2,6,Sun,0
id413315,2025-06-15,CreditCard,Hill-Reynolds,Insurance,726,0,-726,2,6,Sun,0
id327836,2025-06-15,SavingsBank,Walters-Cook,House,7331,0,-7331,2,6,Sun,0
id137205,2025-06-16,CreditCard,Rogers Marks and Miller,Books,1340,0,-1340,2,6,Mon,0
id659309,2025-06-16,Cash,Gutierrez Cox and Garcia,House,4852,0,-4852,2,6,Mon,0
id380581,2025-06-16,Cash,Pearson Simmons and Wilson,Tax,4607,0,-4607,2,6,Mon,0
id476018,2025-06-17,CreditCard,Lam-Estrada,Internet,1637,0,-1637,2,6,Tue,0
id778293,2025-06-17,Cash,Andrews Group,Dinner,9012,0,-9012,2,6,Tue,0
id762437,2025-06-17,SavingsBank,Interest,Interest,0,3300,3300,2,6,Tue,0
id481038,2025-06-17,SavingsBank,Cruz and Sons,Investment,4109,0,-4109,2,6,Tue,1
id691034,2025-06-17,SavingsBank,Interest,Interest,0,3868,3868,2,6,Tue,0
id624334,2025-06-17,Cash,Hernandez Whitaker and Reed,Fuel,8091,0,-8091,2,6,Tue,0
id180593,2025-06-17,Cash,Griffin and Sons,Internet,5912,0,-5912,2,6,Tue,0
id454193,2025-06-17,CreditCard,Anderson Johnson and Taylor,Books,3812,0,-3812,2,6,Tue,0
id585460,2025-06-17,Cash,Cab,Hire,4445,0,-4445,2,6,Tue,0
id600779,2025-06-17,CreditCard,Coleman-Hall,Investment,7041,0,-7041,2,6,Tue,1
id433673,2025-06-17,Cash,Garrison PLC,Internet,2036,0,-2036,2,6,Tue,0
id510358,2025-06-17,Cash,Mejia Obrien and Davis,Dinner,6715,0,-6715,2,6,Tue,0
id307924,2025-06-17,CheckingAccount,Savage and Sons,Internet,1956,0,-1956,2,6,Tue,0
id925255,2025-06-17,Cash,Vaughan-Ware,Dinner,4720,0,-4720,2,6,Tue,0
id492533,2025-06-17,Cash,Driver,Hire,6631,0,-6631,2,6,Tue,0
id443036,2025-06-18,Cash,Cab,Hire,6961,0,-6961,2,6,Wed,0
id935933,2025-06-18,Cash,Morris-Bray,School,4759,0,-4759,2,6,Wed,0
id780997,2025-06-18,SavingsBank,Hickman-Morse,House,3864,0,-3864,2,6,Wed,0
id695509,2025-06-18,SavingsBank,Bernard Group,School,9721,0,-9721,2,6,Wed,0
id695151,2025-06-18,CheckingAccount,Spears and Sons,School,6429,0,-6429,2,6,Wed,0
id919349,2025-06-18,Cash,Bolton Montgomery and Cole,Investment,9921,0,-9921,2,6,Wed,1
id712653,2025-06-19,SavingsBank,Interest,Interest,0,6635,6635,2,6,Thu,0
id532365,2025-06-19,SavingsBank,Ellis Bennett and Becker,Insurance,7063,0,-7063,2,6,Thu,0
id274091,2025-06-19,CheckingAccount,Perez Inc,Grocery,8518,0,-8518,2,6,Thu,0
id694917,2025-06-19,CreditCard,Huang Waters and Romero,Internet,8072,0,-8072,2,6,Thu,0
id307292,2025-06-19,Cash,Keller Group,Dinner,8473,0,-8473,2,6,Thu,0
id466455,2025-06-20,SavingsBank,Paul-Lynch,Dinner,4199,0,-4199,2,6,Fri,0
id210740,2025-06-20,Cash,Chavez-Rogers,Investment,4483,0,-4483,2,6,Fri,1
id957488,2025-06-20,SavingsBank,Salary,Salary,0,45255,45255,2,6,Fri,0
id346326,2025-06-20,CheckingAccount,Allen Friedman and Bishop,House,5939,0,-5939,2,6,Fri,0
id856291,2025-06-20,Cash,Thomas and Sons,Tax,4216,0,-4216,2,6,Fri,0
id550505,2025-06-20,Cash,Lowe LLC,Investment,2257,0,-2257,2,6,Fri,1
id901756,2025-06-20,CheckingAccount,Scott Pruitt and Compton,House,8757,0,-8757,2,6,Fri,0
id749818,2025-06-20,Cash,Driver,Hire,4893,0,-4893,2,6,Fri,0
id533587,2025-06-20,SavingsBank,Interest,Interest,0,7061,7061,2,6,Fri,0
id167601,2025-06-20,SavingsBank,Maddox and Sons,Insurance,9909,0,-9909,2,6,Fri,0
id674289,2025-06-20,SavingsBank,Dividend,Dividend,0,9049,9049,2,6,Fri,0
id992845,2025-06-21,Cash,Atkins-Cunningham,School,9883,0,-9883,2,6,Sat,0
id847724,2025-06-21,CheckingAccount,Cab,Hire,7667,0,-7667,2,6,Sat,0
id525506,2025-06-21,SavingsBank,Dividend,Dividend,0,9918,9918,2,6,Sat,0
id548437,2025-06-21,CheckingAccount,Johnston-Smith,Tax,6964,0,-6964,2,6,Sat,0
id360418,2025-06-21,CreditCard,Hinton Duncan and Ponce,Investment,6242,0,-6242,2,6,Sat,1
id587344,2025-06-21,Cash,Rowe Hines and Spencer,Grocery,7570,0,-7570,2,6,Sat,0
id454440,2025-06-21,Cash,Lambert-Potter,Books,7207,0,-7207,2,6,Sat,0
id174353,2025-06-21,CreditCard,Wallace-Bowman,Investment,9565,0,-9565,2,6,Sat,1
id116270,2025-06-21,Cash,Harris LLC,Investment,5983,0,-5983,2,6,Sat,1
id632256,2025-06-21,CreditCard,Snyder Hicks and Jordan,House,6856,0,-6856,2,6,Sat,0
id873462,2025-06-22,CreditCard,Wiley-Moore,Books,7391,0,-7391,2,6,Sun,0
id612829,2025-06-22,Cash,Lang-Johnson,Internet,496,0,-496,2,6,Sun,0
id939036,2025-06-22,SavingsBank,Dividend,Dividend,0,8840,8840,2,6,Sun,0
id150554,2025-06-22,Cash,Morgan PLC,Telephone,5881,0,-5881,2,6,Sun,0
id130940,2025-06-22,CheckingAccount,Bell Inc,Fuel,7362,0,-7362,2,6,Sun,0
id383186,2025-06-22,SavingsBank,Ford PLC,Dinner,7676,0,-7676,2,6,Sun,0
id948239,2025-06-22,SavingsBank,Dividend,Dividend,0,7690,7690,2,6,Sun,0
id419644,2025-06-22,Cash,Burns Inc,House,4064,0,-4064,2,6,Sun,0
id261562,2025-06-22,SavingsBank,Thompson Mullins and Martinez,Books,2588,0,-2588,2,6,Sun,0
id296479,2025-06-22,CheckingAccount,Reese Ltd,Grocery,2498,0,-2498,2,6,Sun,0
id464650,2025-06-23,CheckingAccount,Moore LLC,Investment,6987,0,-6987,2,6,Mon,1
id968639,2025-06-23,Cash,Huang Hayes and Ward,Telephone,5981,0,-5981,2,6,Mon,0
id716148,2025-06-23,Cash,Vasquez Group,Insurance,4900,0,-4900,2,6,Mon,0
id285683,2025-06-23,CheckingAccount,Garcia-Griffin,Grocery,5327,0,-5327,2,6,Mon,0
id331259,2025-06-23,CheckingAccount,Davis Lowery and Aguilar,Tax,7577,0,-7577,2,6,Mon,0
id932773,2025-06-24,CheckingAccount,Roy-Green,Grocery,8389,0,-8389,2,6,Tue,0
id360831,2025-06-24,CreditCard,Chandler Green and Delacruz,Telephone,4899,0,-4899,2,6,Tue,0
id840909,2025-06-24,CheckingAccount,Lee-Lucas,Books,3072,0,-3072,2,6,Tue,0
id708152,2025-06-24,Cash,Austin-Adams,Dinner,4370,0,-4370,2,6,Tue,0
id122782,2025-06-24,SavingsBank,Mcdonald-Hoffman,Books,6911,0,-6911,2,6,Tue,0
id651720,2025-06-24,CheckingAccount,Bray LLC,Books,9470,0,-9470,2,6,Tue,0
id628117,2025-06-24,SavingsBank,Salary,Salary,0,54375,54375,2,6,Tue,0
id799349,2025-06-25,CreditCard,Hanson LLC,Telephone,3510,0,-3510,2,6,Wed,0
id736968,2025-06-25,CreditCard,Bennett Ltd,Grocery,6543,0,-6543,2,6,Wed,0
id782548,2025-06-25,Cash,Williams PLC,Investment,1447,0,-1447,2,6,Wed,1
id505132,2025-06-25,SavingsBank,Roberts Group,Grocery,9411,0,-9411,2,6,Wed,0
id433156,2025-06-25,SavingsBank,Evans Franklin and Simpson,Telephone,2191,0,-2191,2,6,Wed,0
id958419,2025-06-25,Cash,Carpenter-Jensen,Investment,6797,0,-6797,2,6,Wed,1
id400846,2025-06-25,Cash,Williams Brown and Dorsey,House,8815,0,-8815,2,6,Wed,0
id670708,2025-06-25,Cash,Accountant,Hire,4064,0,-4064,2,6,Wed,0
id398130,2025-06-25,CreditCard,Cohen-Powell,Investment,4414,0,-4414,2,6,Wed,1
id404420,2025-06-25,CheckingAccount,Clark-Bryan,Dinner,1499,0,-1499,2,6,Wed,0
id862422,2025-06-26,SavingsBank,Davidson LLC,Tax,237,0,-237,2,6,Thu,0
id789962,2025-06-26,Cash,Lawson Ltd,Insurance,9463,0,-9463,2,6,Thu,0
id151646,2025-06-26,SavingsBank,Marshall-Ramirez,Tax,5487,0,-5487,2,6,Thu,0
id453209,2025-06-26,Cash,Kent Inc,Fuel,6928,0,-6928,2,6,Thu,0
id540057,2025-06-26,CheckingAccount,Johnson-Sullivan,Fuel,2068,0,-2068,2,6,Thu,0
id269787,2025-06-26,CheckingAccount,Gutierrez-Brown,Tax,8668,0,-8668,2,6,Thu,0
id196202,2025-06-26,CheckingAccount,Ayala Group,Books,5963,0,-5963,2,6,Thu,0
id997655,2025-06-26,CheckingAccount,Anderson-Griffin,Internet,2146,0,-2146,2,6,Thu,0
id351856,2025-06-26,Cash,Dillon Curtis and Cardenas,Fuel,3795,0,-3795,2,6,Thu,0
id789478,2025-06-26,CheckingAccount,Powell-Hardin,Telephone,9971,0,-9971,2,6,Thu,0
id929545,2025-06-27,CheckingAccount,Hoffman Inc,Fuel,7477,0,-7477,2,6,Fri,0
id631641,2025-06-27,SavingsBank,Hamilton LLC,Telephone,5296,0,-5296,2,6,Fri,0
id511227,2025-06-27,SavingsBank,Murray Ltd,Dinner,8415,0,-8415,2,6,Fri,0
id606211,2025-06-27,Cash,Taylor King and Simon,Grocery,4034,0,-4034,2,6,Fri,0
id260150,2025-06-27,CreditCard,Franco Ltd,Dinner,562,0,-562,2,6,Fri,0
id727954,2025-06-27,SavingsBank,Dividend,Dividend,0,4412,4412,2,6,Fri,0
id700463,2025-06-28,SavingsBank,Bridges-Williams,School,5621,0,-5621,2,6,Sat,0
id412885,2025-06-28,CheckingAccount,Thomas Inc,School,6704,0,-6704,2,6,Sat,0
id371985,2025-06-28,CheckingAccount,Smith-Goodman,Fuel,6712,0,-6712,2,6,Sat,0
id604762,2025-06-28,CheckingAccount,Williams LLC,Internet,3994,0,-3994,2,6,Sat,0
id943853,2025-06-29,Cash,Driver,Hire,3964,0,-3964,2,6,Sun,0
id243417,2025-06-29,CreditCard,Erickson-Coffey,Fuel,3957,0,-3957,2,6,Sun,0
id345740,2025-06-29,SavingsBank,Perry-Thompson,Fuel,5279,0,-5279,2,6,Sun,0
id611866,2025-06-29,SavingsBank,Dividend,Dividend,0,4170,4170,2,6,Sun,0
id595006,2025-06-29,SavingsBank,Dividend,Dividend,0,5883,5883,2,6,Sun,0
id702196,2025-06-29,SavingsBank,Interest,Interest,0,7199,7199,2,6,Sun,0
id234017,2025-06-29,CreditCard,Moore Martin and Moreno,Dinner,2347,0,-2347,2,6,Sun,0
id309561,2025-06-29,Cash,Kelly-Smith,Tax,1516,0,-1516,2,6,Sun,0
id258267,2025-06-30,Cash,Sharp Krueger and Fowler,Fuel,5142,0,-5142,2,6,Mon,0
id190984,2025-06-30,Cash,Little LLC,Dinner,7310,0,-7310,2,6,Mon,0
id210709,2025-07-01,CreditCard,Santos-Flores,Telephone,4164,0,-4164,3,7,Tue,0
id303734,2025-07-01,CreditCard,Hall Group,Investment,5604,0,-5604,3,7,Tue,1
id851908,2025-07-01,SavingsBank,Lester-Macdonald,Books,1183,0,-1183,3,7,Tue,0
id767230,2025-07-01,SavingsBank,Baker-Walker,Tax,3597,0,-3597,3,7,Tue,0
id937949,2025-07-01,SavingsBank,Interest,Interest,0,1720,1720,3,7,Tue,0
id921256,2025-07-01,Cash,Taylor Hood and Wilson,Internet,1327,0,-1327,3,7,Tue,0
id871413,2025-07-01,CreditCard,Stark PLC,Dinner,1506,0,-1506,3,7,Tue,0
id116488,2025-07-01,SavingsBank,Tyler-Burton,Fuel,8302,0,-8302,3,7,Tue,0
id646920,2025-07-02,CreditCard,Gonzalez Green and Beck,Telephone,2214,0,-2214,3,7,Wed,0
id112756,2025-07-02,SavingsBank,Interest,Interest,0,9539,9539,3,7,Wed,0
id786668,2025-07-02,CreditCard,Rivera Group,Investment,1012,0,-1012,3,7,Wed,1
id731753,2025-07-02,CheckingAccount,Khan-Ellis,Telephone,8390,0,-8390,3,7,Wed,0
id243664,2025-07-02,CheckingAccount,Thompson LLC,Dinner,2035,0,-2035,3,7,Wed,0
id227499,2025-07-02,SavingsBank,Logan-Waters,Fuel,9397,0,-9397,3,7,Wed,0
id375702,2025-07-03,Cash,Hoffman Murphy and Chandler,Dinner,7876,0,-7876,3,7,Thu,0
id264362,2025-07-03,CheckingAccount,Walker Lee and Hayes,Tax,8443,0,-8443,3,7,Thu,0
id203347,2025-07-03,CreditCard,Copeland Diaz and Hawkins,Fuel,6652,0,-6652,3,7,Thu,0
id250439,2025-07-03,CreditCard,Jones Holloway and Faulkner,Books,3898,0,-3898,3,7,Thu,0
id433275,2025-07-03,SavingsBank,Holland Roth and Heath,House,2569,0,-2569,3,7,Thu,0
id988060,2025-07-04,CheckingAccount,Nixon PLC,Tax,2514,0,-2514,3,7,Fri,0
id513295,2025-07-04,CheckingAccount,Barajas LLC,House,1099,0,-1099,3,7,Fri,0
id820871,2025-07-04,CheckingAccount,Navarro Ward and Sutton,Internet,2493,0,-2493,3,7,Fri,0
id348047,2025-07-04,SavingsBank,Marks Blevins and Cook,Insurance,5603,0,-5603,3,7,Fri,0
id489270,2025-07-04,SavingsBank,Matthews-Sherman,Tax,7218,0,-7218,3,7,Fri,0
id506766,2025-07-04,CheckingAccount,Farmer Ray and Miller,Telephone,6746,0,-6746,3,7,Fri,0
id657759,2025-07-04,SavingsBank,White Mendez and Miller,School,9312,0,-9312,3,7,Fri,0
id821086,2025-07-05,CheckingAccount,Taylor Jones and Hughes,Internet,8895,0,-8895,3,7,Sat,0
id524569,2025-07-05,Cash,Ramirez-Rivera,Insurance,8074,0,-8074,3,7,Sat,0
id183466,2025-07-05,SavingsBank,Miller Hunt and Hardin,Investment,575,0,-575,3,7,Sat,1
id331649,2025-07-05,CreditCard,Anderson Johnson and Harrell,Fuel,7422,0,-7422,3,7,Sat,0
id506611,2025-07-05,CreditCard,Raymond-Thompson,School,7841,0,-7841,3,7,Sat,0
id861173,2025-07-06,SavingsBank,Salary,Salary,0,95940,95940,3,7,Sun,0
id978253,2025-07-06,CreditCard,Cleaning,Hire,4184,0,-4184,3,7,Sun,0
id582481,2025-07-06,CheckingAccount,Mason Figueroa and Johnson,Grocery,160,0,-160,3,7,Sun,0
id676451,2025-07-06,CheckingAccount,Martin-Gray,Investment,9766,0,-9766,3,7,Sun,1
id844000,2025-07-06,CheckingAccount,Hall Chang and Newman,Telephone,4113,0,-4113,3,7,Sun,0
id960868,2025-07-06,CreditCard,Moss Avila and Hicks,House,3862,0,-3862,3,7,Sun,0
id947204,2025-07-06,SavingsBank,Powell-Jones,Tax,1380,0,-1380,3,7,Sun,0
id855095,2025-07-07,Cash,Perez Moore and Harrell,Internet,1564,0,-1564,3,7,Mon,0
id258231,2025-07-07,SavingsBank,Interest,Interest,0,7365,7365,3,7,Mon,0
id373471,2025-07-07,SavingsBank,Foster Inc,Tax,3089,0,-3089,3,7,Mon,0
id679553,2025-07-07,SavingsBank,Fisher Lynch and White,House,9007,0,-9007,3,7,Mon,0
id268427,2025-07-07,Cash,Smith Jones and Harper,Dinner,6437,0,-6437,3,7,Mon,0
id429059,2025-07-07,Cash,Martinez-Russell,School,8337,0,-8337,3,7,Mon,0
id921735,2025-07-07,SavingsBank,Velazquez PLC,Grocery,2783,0,-2783,3,7,Mon,0
id624178,2025-07-07,SavingsBank,Davis-Harrison,Insurance,4339,0,-4339,3,7,Mon,0
id407718,2025-07-07,CreditCard,Stevenson-Kennedy,Dinner,9447,0,-9447,3,7,Mon,0
id321884,2025-07-08,Cash,White Lowe and Barnes,Telephone,7434,0,-7434,3,7,Tue,0
id788730,2025-07-08,CreditCard,Moreno Harrison and Gardner,Grocery,8539,0,-8539,3,7,Tue,0
id714757,2025-07-08,CheckingAccount,Baldwin Inc,Internet,8439,0,-8439,3,7,Tue,0
id910364,2025-07-08,SavingsBank,Interest,Interest,0,3246,3246,3,7,Tue,0
id148862,2025-07-09,SavingsBank,Salary,Salary,0,5310,5310,3,7,Wed,0
id404251,2025-07-09,Cash,Williams Dean and Mcfarland,Books,4927,0,-4927,3,7,Wed,0
id745020,2025-07-09,CreditCard,Davis PLC,Internet,3897,0,-3897,3,7,Wed,0
id869610,2025-07-10,CreditCard,Morris Ltd,Dinner,1917,0,-1917,3,7,Thu,0
id761732,2025-07-10,Cash,Oliver-Gonzalez,House,1102,0,-1102,3,7,Thu,0
id651054,2025-07-10,SavingsBank,Moore-Evans,School,4562,0,-4562,3,7,Thu,0
id185045,2025-07-10,CheckingAccount,Accountant,Hire,6414,0,-6414,3,7,Thu,0
id689906,2025-07-11,Cash,Baldwin Ltd,Grocery,7903,0,-7903,3,7,Fri,0
id982597,2025-07-11,CreditCard,Woodard Moore and Foley,House,7697,0,-7697,3,7,Fri,0
id524917,2025-07-11,Cash,Andersen Group,Insurance,4782,0,-4782,3,7,Fri,0
id176321,2025-07-11,SavingsBank,Interest,Interest,0,1572,1572,3,7,Fri,0
id398981,2025-07-11,CreditCard,Blackburn Bishop and Brown,Tax,6797,0,-6797,3,7,Fri,0
id119953,2025-07-11,CreditCard,Brown-Brown,Tax,4077,0,-4077,3,7,Fri,0
id444832,2025-07-11,SavingsBank,Barr-White,School,1468,0,-1468,3,7,Fri,0
id214313,2025-07-11,CheckingAccount,Allen LLC,School,7225,0,-7225,3,7,Fri,0
id851795,2025-07-11,SavingsBank,Morgan and Sons,School,9165,0,-9165,3,7,Fri,0
id556077,2025-07-11,CheckingAccount,Cleaning,Hire,8425,0,-8425,3,7,Fri,0
id358680,2025-07-12,CreditCard,Kennedy-Hart,Internet,7113,0,-7113,3,7,Sat,0
id931437,2025-07-12,CheckingAccount,Smith Murray and Morales,Investment,5645,0,-5645,3,7,Sat,1
id927950,2025-07-12,CreditCard,Jones Campbell and Cunningham,School,9732,0,-9732,3,7,Sat,0
id333399,2025-07-12,Cash,Mueller-Williams,Grocery,9012,0,-9012,3,7,Sat,0
id658899,2025-07-12,SavingsBank,Brooks-Jackson,Telephone,9399,0,-9399,3,7,Sat,0
id232161,2025-07-12,CreditCard,Rogers and Sons,Books,5254,0,-5254,3,7,Sat,0
id480341,2025-07-13,Cash,Salinas LLC,School,4354,0,-4354,3,7,Sun,0
id347154,2025-07-13,SavingsBank,Salary,Salary,0,46905,46905,3,7,Sun,0
id898576,2025-07-13,CreditCard,Mcneil PLC,School,1629,0,-1629,3,7,Sun,0
id356171,2025-07-13,Cash,Cooper and Sons,Investment,6125,0,-6125,3,7,Sun,1
id305244,2025-07-13,CheckingAccount,Douglas Inc,Internet,4646,0,-4646,3,7,Sun,0
id787037,2025-07-13,Cash,Nielsen LLC,Books,8382,0,-8382,3,7,Sun,0
id807667,2025-07-14,CheckingAccount,Lee Silva and Jones,House,6095,0,-6095,3,7,Mon,0
id838096,2025-07-14,CreditCard,Rangel Lewis and Price,Tax,5307,0,-5307,3,7,Mon,0
id596501,2025-07-14,Cash,Roberson Inc,Fuel,5233,0,-5233,3,7,Mon,0
id244241,2025-07-14,CheckingAccount,Hill-Sullivan,School,2989,0,-2989,3,7,Mon,0
id960262,2025-07-14,CreditCard,Beard-Reed,Grocery,7839,0,-7839,3,7,Mon,0
id372528,2025-07-14,Cash,Briggs Robinson and Bailey,Dinner,4538,0,-4538,3,7,Mon,0
id148259,2025-07-15,SavingsBank,Johnson and Sons,School,1100,0,-1100,3,7,Tue,0
id715955,2025-07-15,CheckingAccount,Kim-Ball,School,2177,0,-2177,3,7,Tue,0
id443288,2025-07-15,CheckingAccount,Neal PLC,Dinner,8258,0,-8258,3,7,Tue,0
id365773,2025-07-15,CreditCard,Kelly PLC,House,4051,0,-4051,3,7,Tue,0
id735648,2025-07-15,Cash,Wilkerson Hawkins and Larsen,House,842,0,-842,3,7,Tue,0
id746893,2025-07-16,SavingsBank,Perez-Stevens,Internet,5048,0,-5048,3,7,Wed,0
id630483,2025-07-16,Cash,Fox Collins and Jones,Investment,6118,0,-6118,3,7,Wed,1
id171443,2025-07-16,Cash,Barker and Sons,Dinner,1484,0,-1484,3,7,Wed,0
id268005,2025-07-17,Cash,Reynolds-Lopez,Fuel,2786,0,-2786,3,7,Thu,0
id146055,2025-07-17,SavingsBank,Roberts PLC,Dinner,5973,0,-5973,3,7,Thu,0
id735945,2025-07-17,CheckingAccount,Walsh Lawrence and Anderson,House,2695,0,-2695,3,7,Thu,0
id459854,2025-07-17,CreditCard,Roberts-Ramos,School,5352,0,-5352,3,7,Thu,0
id677245,2025-07-18,CheckingAccount,Summers Campbell and Alvarez,Books,3997,0,-3997,3,7,Fri,0
id154717,2025-07-18,SavingsBank,Wells-Boyd,Dinner,7315,0,-7315,3,7,Fri,0
id603523,2025-07-18,Cash,Nixon LLC,Grocery,190,0,-190,3,7,Fri,0
id841971,2025-07-18,Cash,Montgomery-Robinson,Telephone,3091,0,-3091,3,7,Fri,0
id308623,2025-07-18,SavingsBank,Dividend,Dividend,0,6760,6760,3,7,Fri,0
id221789,2025-07-18,CreditCard,Short Ltd,Fuel,9782,0,-9782,3,7,Fri,0
id263919,2025-07-19,Cash,Lawson Walker and Scott,Investment,3960,0,-3960,3,7,Sat,1
id693834,2025-07-19,Cash,Cab,Hire,1178,0,-1178,3,7,Sat,0
id339281,2025-07-19,CreditCard,Mendez Roach and Chung,School,2661,0,-2661,3,7,Sat,0
id906864,2025-07-19,SavingsBank,Price Ltd,Books,9053,0,-9053,3,7,Sat,0
id391159,2025-07-20,CreditCard,Blevins Group,School,294,0,-294,3,7,Sun,0
id461201,2025-07-20,CheckingAccount,Graham Ltd,Insurance,3379,0,-3379,3,7,Sun,0
id479159,2025-07-20,CheckingAccount,Torres Roberts and Warner,Tax,6895,0,-6895,3,7,Sun,0
id287305,2025-07-21,Cash,Porter Inc,House,399,0,-399,3,7,Mon,0
id243444,2025-07-21,SavingsBank,Salary,Salary,0,113220,113220,3,7,Mon,0
id923026,2025-07-21,Cash,Morrison Inc,Dinner,2902,0,-2902,3,7,Mon,0
id296164,2025-07-21,Cash,Burgess LLC,Books,1817,0,-1817,3,7,Mon,0
id798763,2025-07-21,Cash,Long-Stewart,Books,8929,0,-8929,3,7,Mon,0
id986870,2025-07-21,CheckingAccount,Evans-Moore,House,780,0,-780,3,7,Mon,0
id552829,2025-07-21,CheckingAccount,Rosario-Garrett,Grocery,165,0,-165,3,7,Mon,0
id512346,2025-07-22,CreditCard,Blake Phillips and Bailey,Investment,9743,0,-9743,3,7,Tue,1
id394381,2025-07-22,SavingsBank,Townsend Group,Insurance,2365,0,-2365,3,7,Tue,0
id518077,2025-07-22,CreditCard,Driver,Hire,919,0,-919,3,7,Tue,0
id564622,2025-07-22,CreditCard,Cleaning,Hire,834,0,-834,3,7,Tue,0
id767410,2025-07-22,CreditCard,Morgan-Hayden,Dinner,1156,0,-1156,3,7,Tue,0
id418011,2025-07-22,Cash,Jones-Bradley,Insurance,655,0,-655,3,7,Tue,0
id163113,2025-07-23,CheckingAccount,Driver,Hire,1823,0,-1823,3,7,Wed,0
id134662,2025-07-23,CheckingAccount,Hood and Sons,School,1015,0,-1015,3,7,Wed,0
id290325,2025-07-23,CheckingAccount,Reese-Johnson,House,2255,0,-2255,3,7,Wed,0
id351144,2025-07-23,Cash,Braun Ltd,Grocery,7536,0,-7536,3,7,Wed,0
id685379,2025-07-23,SavingsBank,Interest,Interest,0,5028,5028,3,7,Wed,0
id544818,2025-07-23,CreditCard,Li Acosta and Rogers,Telephone,3498,0,-3498,3,7,Wed,0
id447591,2025-07-24,CheckingAccount,Gonzalez-Duarte,Internet,9962,0,-9962,3,7,Thu,0
id589501,2025-07-24,CheckingAccount,Brooks-Lewis,Books,9948,0,-9948,3,7,Thu,0
id255489,2025-07-24,SavingsBank,Walton-Garcia,Telephone,2422,0,-2422,3,7,Thu,0
id621707,2025-07-24,Cash,Accountant,Hire,4635,0,-4635,3,7,Thu,0
id943552,2025-07-24,Cash,Pratt Woods and Cummings,Dinner,7713,0,-7713,3,7,Thu,0
id846942,2025-07-25,CheckingAccount,Cruz-Ryan,Books,6745,0,-6745,3,7,Fri,0
id314342,2025-07-26,Cash,Hayden Santiago and Charles,House,3950,0,-3950,3,7,Sat,0
id582661,2025-07-26,Cash,Rasmussen-Barker,Tax,2223,0,-2223,3,7,Sat,0
id609059,2025-07-26,SavingsBank,Interest,Interest,0,1604,1604,3,7,Sat,0
id952657,2025-07-26,SavingsBank,Cab,Hire,2019,0,-2019,3,7,Sat,0
id956255,2025-07-26,Cash,Simpson Cisneros and Gomez,House,9141,0,-9141,3,7,Sat,0
id734625,2025-07-26,SavingsBank,Jenkins Ltd,School,4125,0,-4125,3,7,Sat,0
id645637,2025-07-27,Cash,Sharp Davis and Mayo,School,6708,0,-6708,3,7,Sun,0
id522471,2025-07-27,CreditCard,Hartman Ltd,Dinner,9079,0,-9079,3,7,Sun,0
id518226,2025-07-27,CheckingAccount,Gregory Inc,Telephone,2169,0,-2169,3,7,Sun,0
id975661,2025-07-27,CreditCard,Blackburn Hudson and Floyd,Tax,3780,0,-3780,3,7,Sun,0
id702567,2025-07-27,SavingsBank,Mcclure Group,Books,6995,0,-6995,3,7,Sun,0
id791569,2025-07-27,CheckingAccount,Cab,Hire,2774,0,-2774,3,7,Sun,0
id183363,2025-07-27,Cash,Anderson LLC,Internet,6060,0,-6060,3,7,Sun,0
id258185,2025-07-27,SavingsBank,Ross Inc,Dinner,3159,0,-3159,3,7,Sun,0
id901828,2025-07-27,Cash,Fowler Hobbs and Chang,School,5848,0,-5848,3,7,Sun,0
id234595,2025-07-27,SavingsBank,Dennis Moreno and Thompson,Fuel,8684,0,-8684,3,7,Sun,0
id602213,2025-07-27,SavingsBank,Salary,Salary,0,68925,68925,3,7,Sun,0
id637475,2025-07-27,Cash,Ward-Hobbs,Grocery,825,0,-825,3,7,Sun,0
id295712,2025-07-28,CreditCard,Carroll Briggs and Rose,Insurance,4300,0,-4300,3,7,Mon,0
id858231,2025-07-28,SavingsBank,Dividend,Dividend,0,8614,8614,3,7,Mon,0
id297109,2025-07-28,CreditCard,Brock-Gates,Books,989,0,-989,3,7,Mon,0
id655503,2025-07-28,CheckingAccount,Accountant,Hire,4245,0,-4245,3,7,Mon,0
id707854,2025-07-28,CheckingAccount,Good-Gibson,Investment,5617,0,-5617,3,7,Mon,1
id601055,2025-07-28,CreditCard,Robertson-Chaney,Books,1202,0,-1202,3,7,Mon,0
id398340,2025-07-28,Cash,Huber Inc,House,1727,0,-1727,3,7,Mon,0
id269682,2025-07-28,SavingsBank,Salary,Salary,0,52980,52980,3,7,Mon,0
id479117,2025-07-29,CheckingAccount,Travis Group,Tax,3999,0,-3999,3,7,Tue,0
id956278,2025-07-29,SavingsBank,Interest,Interest,0,5188,5188,3,7,Tue,0
id841509,2025-07-29,SavingsBank,Interest,Interest,0,2682,2682,3,7,Tue,0
id312352,2025-07-29,SavingsBank,Gibson-Martinez,House,681,0,-681,3,7,Tue,0
id800261,2025-07-30,CheckingAccount,Bailey Bailey and Taylor,Insurance,965,0,-965,3,7,Wed,0
id908946,2025-07-30,Cash,Moore Group,House,8911,0,-8911,3,7,Wed,0
id989558,2025-07-30,SavingsBank,Gordon-Cohen,Fuel,9369,0,-9369,3,7,Wed,0
id686041,2025-07-30,CreditCard,Meyer Robertson and Wheeler,House,3345,0,-3345,3,7,Wed,0
id411167,2025-07-30,SavingsBank,Ramirez Bass and Prince,Dinner,7736,0,-7736,3,7,Wed,0
id841885,2025-07-30,Cash,Rogers-Burke,School,3073,0,-3073,3,7,Wed,0
id766767,2025-07-30,CheckingAccount,Peterson Taylor and Hill,Insurance,6791,0,-6791,3,7,Wed,0
id140963,2025-07-31,SavingsBank,Accountant,Hire,8571,0,-8571,3,7,Thu,0
id596655,2025-07-31,SavingsBank,Salary,Salary,0,21945,21945,3,7,Thu,0
id830727,2025-07-31,CreditCard,Cab,Hire,3541,0,-3541,3,7,Thu,0
id891654,2025-07-31,CheckingAccount,Small Butler and Conway,Investment,9145,0,-9145,3,7,Thu,1
id419786,2025-07-31,SavingsBank,Chambers PLC,House,232,0,-232,3,7,Thu,0
id241229,2025-07-31,CheckingAccount,Ferrell-Neal,Books,7746,0,-7746,3,7,Thu,0
id294757,2025-07-31,SavingsBank,Mccarthy-Oconnor,Investment,4001,0,-4001,3,7,Thu,1
id389162,2025-07-31,SavingsBank,Cleaning,Hire,1099,0,-1099,3,7,Thu,0
id845666,2025-07-31,SavingsBank,Maddox PLC,School,4183,0,-4183,3,7,Thu,0
id703626,2025-08-01,Cash,Kennedy-Zuniga,Dinner,6320,0,-6320,3,8,Fri,0
id733148,2025-08-01,CreditCard,Dixon-Robinson,Telephone,9940,0,-9940,3,8,Fri,0
id962940,2025-08-01,Cash,Driver,Hire,1749,0,-1749,3,8,Fri,0
id845193,2025-08-01,CreditCard,House Todd and Warner,Grocery,7904,0,-7904,3,8,Fri,0
id721288,2025-08-01,Cash,Flores Group,Books,5721,0,-5721,3,8,Fri,0
id852804,2025-08-01,CreditCard,Cab,Hire,7286,0,-7286,3,8,Fri,0
id341635,2025-08-02,SavingsBank,Cox PLC,Dinner,5285,0,-5285,3,8,Sat,0
id738057,2025-08-02,SavingsBank,Ortega-Taylor,Telephone,4178,0,-4178,3,8,Sat,0
id419981,2025-08-02,CreditCard,Hubbard-Lee,Investment,9315,0,-9315,3,8,Sat,1
id769565,2025-08-02,Cash,Cleaning,Hire,8853,0,-8853,3,8,Sat,0
id286366,2025-08-02,CreditCard,Moore Adams and Hill,School,2356,0,-2356,3,8,Sat,0
id877590,2025-08-02,Cash,Norris-Rios,Books,5068,0,-5068,3,8,Sat,0
id411018,2025-08-02,SavingsBank,Meyer PLC,Telephone,8084,0,-8084,3,8,Sat,0
id674458,2025-08-03,CheckingAccount,Anderson LLC,Fuel,8216,0,-8216,3,8,Sun,0
id309084,2025-08-03,SavingsBank,Richardson-Clark,Dinner,779,0,-779,3,8,Sun,0
id809869,2025-08-03,Cash,Padilla White and Alexander,Books,5861,0,-5861,3,8,Sun,0
id617526,2025-08-03,CheckingAccount,Sanchez-Rose,School,9062,0,-9062,3,8,Sun,0
id958930,2025-08-03,Cash,Armstrong-Pham,Grocery,5034,0,-5034,3,8,Sun,0
id527399,2025-08-03,SavingsBank,Dividend,Dividend,0,3476,3476,3,8,Sun,0
id508342,2025-08-03,CreditCard,Lawrence King and Moore,Telephone,2740,0,-2740,3,8,Sun,0
id757768,2025-08-03,CreditCard,Weaver Hernandez and Johnson,Investment,2023,0,-2023,3,8,Sun,1
id479085,2025-08-03,CreditCard,Brown-Barr,House,1246,0,-1246,3,8,Sun,0
id131401,2025-08-04,SavingsBank,Rivas-Jackson,Grocery,8885,0,-8885,3,8,Mon,0
id389540,2025-08-04,CreditCard,Mejia Cohen and Wallace,Telephone,1036,0,-1036,3,8,Mon,0
id959834,2025-08-04,CreditCard,Suarez-Harrington,Dinner,9147,0,-9147,3,8,Mon,0
id141915,2025-08-04,Cash,Martinez Ltd,Books,3119,0,-3119,3,8,Mon,0
id727203,2025-08-04,SavingsBank,Reilly-Crane,Investment,8079,0,-8079,3,8,Mon,1
id147390,2025-08-04,SavingsBank,Cunningham-Welch,Fuel,5559,0,-5559,3,8,Mon,0
id334144,2025-08-04,CreditCard,Cab,Hire,2376,0,-2376,3,8,Mon,0
id340656,2025-08-04,CheckingAccount,Gonzalez Lopez and Hayes,Tax,1412,0,-1412,3,8,Mon,0
id755609,2025-08-04,CheckingAccount,Estrada and Sons,House,4741,0,-4741,3,8,Mon,0
id516174,2025-08-04,CheckingAccount,Dean-Boyle,Dinner,4101,0,-4101,3,8,Mon,0
id572498,2025-08-04,Cash,Wade-Rojas,Tax,9733,0,-9733,3,8,Mon,0
id212137,2025-08-05,SavingsBank,Salary,Salary,0,26670,26670,3,8,Tue,0
id994920,2025-08-05,Cash,Knapp Patterson and Reed,Telephone,4392,0,-4392,3,8,Tue,0
id988202,2025-08-05,CheckingAccount,Coleman-Bell,House,3099,0,-3099,3,8,Tue,0
id327838,2025-08-05,CheckingAccount,Marshall-Frank,Telephone,3833,0,-3833,3,8,Tue,0
id913374,2025-08-06,CheckingAccount,Davis LLC,Fuel,3241,0,-3241,3,8,Wed,0
id464257,2025-08-06,Cash,Cohen Alvarez and Johnson,Dinner,6540,0,-6540,3,8,Wed,0
id670287,2025-08-06,CreditCard,Smith Wilkerson and Wallace,Internet,5313,0,-5313,3,8,Wed,0
id987709,2025-08-06,Cash,Collier and Sons,School,147,0,-147,3,8,Wed,0
id757068,2025-08-06,CheckingAccount,Marsh-Jimenez,Investment,3986,0,-3986,3,8,Wed,1
id310294,2025-08-06,SavingsBank,Thomas-Hurley,Insurance,155,0,-155,3,8,Wed,0
id976192,2025-08-06,CheckingAccount,Solis LLC,Investment,5312,0,-5312,3,8,Wed,1
id912689,2025-08-06,CreditCard,Murphy-Kelly,House,5670,0,-5670,3,8,Wed,0
id440169,2025-08-07,SavingsBank,Dividend,Dividend,0,9111,9111,3,8,Thu,0
id369344,2025-08-07,SavingsBank,Salary,Salary,0,2025,2025,3,8,Thu,0
id373826,2025-08-07,SavingsBank,Davis-Bruce,School,5266,0,-5266,3,8,Thu,0
id521009,2025-08-07,SavingsBank,Hill Blevins and Murphy,Dinner,7030,0,-7030,3,8,Thu,0
id396072,2025-08-07,CreditCard,Sampson Ltd,Internet,703,0,-703,3,8,Thu,0
id116598,2025-08-07,SavingsBank,Dividend,Dividend,0,2277,2277,3,8,Thu,0
id808271,2025-08-07,Cash,Davis Peterson and Rodgers,Dinner,2537,0,-2537,3,8,Thu,0
id567341,2025-08-07,Cash,Smith-Price,Tax,8863,0,-8863,3,8,Thu,0
id322129,2025-08-07,CreditCard,Lang Richards and Fitzpatrick,Internet,519,0,-519,3,8,Thu,0
id567687,2025-08-08,CreditCard,Stevenson-Cunningham,Dinner,8217,0,-8217,3,8,Fri,0
id948586,2025-08-08,CheckingAccount,Wallace and Sons,Telephone,4253,0,-4253,3,8,Fri,0
id898557,2025-08-09,SavingsBank,Interest,Interest,0,9716,9716,3,8,Sat,0
id431317,2025-08-09,CreditCard,Mckinney LLC,Telephone,4721,0,-4721,3,8,Sat,0
id345964,2025-08-09,CheckingAccount,Higgins Group,Tax,2532,0,-2532,3,8,Sat,0
id380395,2025-08-09,SavingsBank,Maynard Anderson and Davis,Books,7237,0,-7237,3,8,Sat,0
id462290,2025-08-09,Cash,Williams-Glover,Tax,6107,0,-6107,3,8,Sat,0
id796581,2025-08-10,CheckingAccount,Smith Martin and Hardin,Dinner,6221,0,-6221,3,8,Sun,0
id754478,2025-08-10,Cash,Lozano Roberts and Farmer,Tax,2725,0,-2725,3,8,Sun,0
id781588,2025-08-10,CreditCard,Davis-Lewis,Insurance,2122,0,-2122,3,8,Sun,0
id724401,2025-08-10,CheckingAccount,Robinson Garcia and Mitchell,Tax,4889,0,-4889,3,8,Sun,0
id683369,2025-08-10,Cash,Brown LLC,House,7992,0,-7992,3,8,Sun,0
id993750,2025-08-10,SavingsBank,Dividend,Dividend,0,6081,6081,3,8,Sun,0
id338715,2025-08-10,SavingsBank,Pacheco David and Bradley,Insurance,8011,0,-8011,3,8,Sun,0
id454098,2025-08-11,Cash,Gray-Webb,School,7084,0,-7084,3,8,Mon,0
id766113,2025-08-11,SavingsBank,Ward Diaz and Morris,Investment,4922,0,-4922,3,8,Mon,1
id515250,2025-08-11,CreditCard,Castro Price and Rios,House,4013,0,-4013,3,8,Mon,0
id681783,2025-08-11,Cash,Cab,Hire,2958,0,-2958,3,8,Mon,0
id224109,2025-08-11,Cash,Allison Bond and Edwards,Tax,6187,0,-6187,3,8,Mon,0
id128939,2025-08-11,SavingsBank,Baker-Vazquez,Books,8458,0,-8458,3,8,Mon,0
id690740,2025-08-12,CreditCard,Accountant,Hire,8842,0,-8842,3,8,Tue,0
id716324,2025-08-12,SavingsBank,Salary,Salary,0,115035,115035,3,8,Tue,0
id779687,2025-08-12,SavingsBank,Williams Brewer and Sanchez,Dinner,1436,0,-1436,3,8,Tue,0
id499919,2025-08-12,CreditCard,Harrison Group,Fuel,1559,0,-1559,3,8,Tue,0
id765840,2025-08-12,Cash,Bush Hurley and Benson,Internet,3774,0,-3774,3,8,Tue,0
id283549,2025-08-12,CreditCard,Tyler Lewis and Martin,Books,1159,0,-1159,3,8,Tue,0
id721628,2025-08-13,CreditCard,Strong LLC,Insurance,6100,0,-6100,3,8,Wed,0
id418395,2025-08-13,Cash,Reed-Schultz,Tax,293,0,-293,3,8,Wed,0
id440048,2025-08-13,Cash,Ross-Garcia,Tax,8979,0,-8979,3,8,Wed,0
id466551,2025-08-13,CheckingAccount,Taylor Group,Grocery,4060,0,-4060,3,8,Wed,0
id993977,2025-08-13,CreditCard,Turner Group,Books,3274,0,-3274,3,8,Wed,0
id168913,2025-08-14,CreditCard,Smith PLC,School,4745,0,-4745,3,8,Thu,0
id750492,2025-08-14,CreditCard,Smith Pearson and Mcbride,Telephone,3576,0,-3576,3,8,Thu,0
id194127,2025-08-14,CheckingAccount,Lowery-Mendez,Tax,9695,0,-9695,3,8,Thu,0
id544838,2025-08-14,Cash,Cleaning,Hire,4506,0,-4506,3,8,Thu,0
id583087,2025-08-14,Cash,Cruz Ltd,Fuel,1836,0,-1836,3,8,Thu,0
id200630,2025-08-14,Cash,Guzman-Pruitt,Investment,5185,0,-5185,3,8,Thu,1
id969397,2025-08-14,CheckingAccount,Accountant,Hire,5149,0,-5149,3,8,Thu,0
id529829,2025-08-14,CreditCard,Freeman LLC,School,7408,0,-7408,3,8,Thu,0
id714273,2025-08-14,Cash,Porter Group,Internet,9750,0,-9750,3,8,Thu,0
id259198,2025-08-14,Cash,Cleaning,Hire,1023,0,-1023,3,8,Thu,0
id564050,2025-08-15,CheckingAccount,Stevens Group,Books,8360,0,-8360,3,8,Fri,0
id627736,2025-08-15,CheckingAccount,Rocha PLC,Internet,3029,0,-3029,3,8,Fri,0
id153382,2025-08-15,Cash,Accountant,Hire,7531,0,-7531,3,8,Fri,0
id992150,2025-08-15,CreditCard,Hernandez Ltd,Investment,8956,0,-8956,3,8,Fri,1
id349699,2025-08-15,SavingsBank,Interest,Interest,0,5097,5097,3,8,Fri,0
id610691,2025-08-15,Cash,Chaney-Glass,Tax,4123,0,-4123,3,8,Fri,0
id139452,2025-08-15,SavingsBank,Curtis-Clark,School,7233,0,-7233,3,8,Fri,0
id887935,2025-08-15,CreditCard,Brooks Ltd,House,305,0,-305,3,8,Fri,0
id999151,2025-08-16,Cash,Munoz and Sons,Fuel,7301,0,-7301,3,8,Sat,0
id170745,2025-08-16,CreditCard,Jackson Group,House,3366,0,-3366,3,8,Sat,0
id726128,2025-08-16,CheckingAccount,Baxter-Welch,Investment,7501,0,-7501,3,8,Sat,1
id731474,2025-08-16,SavingsBank,Accountant,Hire,2120,0,-2120,3,8,Sat,0
id404886,2025-08-16,SavingsBank,Interest,Interest,0,4181,4181,3,8,Sat,0
id884459,2025-08-16,CheckingAccount,Petersen Ltd,House,4146,0,-4146,3,8,Sat,0
id995566,2025-08-16,CreditCard,Cisneros and Sons,Tax,339,0,-339,3,8,Sat,0
id733099,2025-08-16,CreditCard,Williams LLC,Grocery,9709,0,-9709,3,8,Sat,0
id119335,2025-08-17,SavingsBank,Salary,Salary,0,24660,24660,3,8,Sun,0
id818065,2025-08-17,Cash,Anderson Group,Dinner,4273,0,-4273,3,8,Sun,0
id641457,2025-08-17,Cash,Little Ltd,Tax,7540,0,-7540,3,8,Sun,0
id344639,2025-08-17,SavingsBank,Gamble-Stone,Internet,9857,0,-9857,3,8,Sun,0
id119519,2025-08-18,SavingsBank,Acosta Reyes and Clark,Investment,6921,0,-6921,3,8,Mon,1
id311426,2025-08-18,SavingsBank,Flynn Ltd,Tax,4867,0,-4867,3,8,Mon,0
id508211,2025-08-18,CheckingAccount,Washington PLC,Telephone,6092,0,-6092,3,8,Mon,0
id136868,2025-08-18,CreditCard,Henry Inc,Books,1838,0,-1838,3,8,Mon,0
id634074,2025-08-18,CheckingAccount,West Mathews and Sanders,School,1337,0,-1337,3,8,Mon,0
id398557,2025-08-18,Cash,James Harding and Callahan,Telephone,2274,0,-2274,3,8,Mon,0
id818141,2025-08-18,Cash,Keller Ltd,House,7976,0,-7976,3,8,Mon,0
id202314,2025-08-18,SavingsBank,Butler LLC,Investment,171,0,-171,3,8,Mon,1
id446630,2025-08-19,SavingsBank,Salary,Salary,0,4950,4950,3,8,Tue,0
id999319,2025-08-19,SavingsBank,Dividend,Dividend,0,276,276,3,8,Tue,0
id788072,2025-08-19,CreditCard,Thompson-Mcintyre,Internet,1747,0,-1747,3,8,Tue,0
id654534,2025-08-19,CheckingAccount,Pierce-Adams,House,7135,0,-7135,3,8,Tue,0
id396575,2025-08-20,CreditCard,Cab,Hire,181,0,-181,3,8,Wed,0
id510564,2025-08-20,Cash,Spencer and Sons,Grocery,4713,0,-4713,3,8,Wed,0
id927410,2025-08-20,SavingsBank,Salary,Salary,0,128865,128865,3,8,Wed,0
id735960,2025-08-20,Cash,Martinez Kirby and Gomez,Books,4764,0,-4764,3,8,Wed,0
id557511,2025-08-20,CreditCard,Griffin Hayes and Smith,Dinner,3077,0,-3077,3,8,Wed,0
id807236,2025-08-20,Cash,Rivera Woods and Mcgrath,Investment,1370,0,-1370,3,8,Wed,1
id253532,2025-08-20,Cash,Jarvis Nguyen and Hernandez,Telephone,288,0,-288,3,8,Wed,0
id438988,2025-08-20,CreditCard,Anderson-Nguyen,Internet,9087,0,-9087,3,8,Wed,0
id219162,2025-08-21,CheckingAccount,Hogan Schmidt and Mason,School,9066,0,-9066,3,8,Thu,0
id936753,2025-08-21,CheckingAccount,Flores PLC,Internet,6865,0,-6865,3,8,Thu,0
id952123,2025-08-21,SavingsBank,Hanson Group,Grocery,8211,0,-8211,3,8,Thu,0
id252724,2025-08-21,CreditCard,Bryant-Maldonado,Insurance,2063,0,-2063,3,8,Thu,0
id243895,2025-08-21,SavingsBank,Reyes and Sons,School,7925,0,-7925,3,8,Thu,0
id254487,2025-08-21,CheckingAccount,Reed-Clarke,Grocery,1405,0,-1405,3,8,Thu,0
id888953,2025-08-21,CreditCard,Cleaning,Hire,4901,0,-4901,3,8,Thu,0
id326710,2025-08-21,CheckingAccount,Pace LLC,Tax,1108,0,-1108,3,8,Thu,0
id133164,2025-08-21,CheckingAccount,Leonard Guerra and Lee,School,8235,0,-8235,3,8,Thu,0
id451372,2025-08-21,Cash,Parks-Johnson,Internet,923,0,-923,3,8,Thu,0
id257200,2025-08-21,CreditCard,Morgan-Turner,House,9625,0,-9625,3,8,Thu,0
id796343,2025-08-21,CreditCard,Martinez Lee and Pham,Books,1561,0,-1561,3,8,Thu,0
id434071,2025-08-21,CreditCard,Gonzalez-Anderson,Books,2629,0,-2629,3,8,Thu,0
id209451,2025-08-22,Cash,Weaver Lewis and Mitchell,School,9743,0,-9743,3,8,Fri,0
id750494,2025-08-22,CheckingAccount,Hess Williams and Woods,Internet,3793,0,-3793,3,8,Fri,0
id560098,2025-08-22,Cash,Cooper-Allen,Fuel,3302,0,-3302,3,8,Fri,0
id479890,2025-08-22,CheckingAccount,Gonzalez LLC,Insurance,2938,0,-2938,3,8,Fri,0
id902182,2025-08-22,Cash,White Group,School,3597,0,-3597,3,8,Fri,0
id354635,2025-08-23,CreditCard,Burke Jones and Richards,School,9418,0,-9418,3,8,Sat,0
id465502,2025-08-23,CreditCard,Atkins Wall and Khan,Investment,9408,0,-9408,3,8,Sat,1
id201870,2025-08-23,SavingsBank,Jenkins PLC,Tax,2028,0,-2028,3,8,Sat,0
id357320,2025-08-23,CreditCard,Gray and Sons,Internet,3648,0,-3648,3,8,Sat,0
id381437,2025-08-23,SavingsBank,Smith-Smith,Telephone,2999,0,-2999,3,8,Sat,0
id785009,2025-08-23,CheckingAccount,Savage Ballard and Webb,Investment,7940,0,-7940,3,8,Sat,1
id209599,2025-08-23,Cash,Williams Inc,Insurance,3070,0,-3070,3,8,Sat,0
id142096,2025-08-24,CheckingAccount,Armstrong LLC,House,9936,0,-9936,3,8,Sun,0
id349200,2025-08-24,CheckingAccount,Shaw and Sons,Dinner,4324,0,-4324,3,8,Sun,0
id564669,2025-08-24,CheckingAccount,Thompson Group,School,3129,0,-3129,3,8,Sun,0
id186711,2025-08-24,SavingsBank,Interest,Interest,0,3738,3738,3,8,Sun,0
id199434,2025-08-24,CreditCard,Accountant,Hire,9114,0,-9114,3,8,Sun,0
id359932,2025-08-24,CreditCard,Smith LLC,Internet,3965,0,-3965,3,8,Sun,0
id345467,2025-08-25,CreditCard,Bradshaw Mayo and Rodriguez,House,6982,0,-6982,3,8,Mon,0
id555041,2025-08-25,CreditCard,Thomas-Reed,Internet,1381,0,-1381,3,8,Mon,0
id313002,2025-08-25,SavingsBank,Dunn Sloan and Mckay,Tax,4947,0,-4947,3,8,Mon,0
id700925,2025-08-25,SavingsBank,Dividend,Dividend,0,4727,4727,3,8,Mon,0
id630773,2025-08-25,CreditCard,Smith Francis and Miller,Insurance,2911,0,-2911,3,8,Mon,0
id310445,2025-08-25,CreditCard,Hunt Ltd,Internet,6941,0,-6941,3,8,Mon,0
id950016,2025-08-25,CheckingAccount,Weiss Blair and Ritter,Dinner,8129,0,-8129,3,8,Mon,0
id714000,2025-08-26,CreditCard,Smith Stanton and Gardner,School,2112,0,-2112,3,8,Tue,0
id531092,2025-08-26,CreditCard,Morgan Case and Smith,Grocery,3612,0,-3612,3,8,Tue,0
id761904,2025-08-26,CreditCard,Sims Inc,Investment,1704,0,-1704,3,8,Tue,1
id344147,2025-08-26,SavingsBank,Rowe-Lopez,Books,9562,0,-9562,3,8,Tue,0
id569385,2025-08-26,SavingsBank,White and Sons,Tax,3848,0,-3848,3,8,Tue,0
id390903,2025-08-26,CreditCard,Taylor-Walker,Dinner,4584,0,-4584,3,8,Tue,0
id224135,2025-08-26,CheckingAccount,Meyer-Murray,Books,6118,0,-6118,3,8,Tue,0
id689513,2025-08-26,CheckingAccount,Palmer-Carter,Telephone,3060,0,-3060,3,8,Tue,0
id667607,2025-08-27,CheckingAccount,Benjamin-Brown,Telephone,3245,0,-3245,3,8,Wed,0
id265320,2025-08-27,CreditCard,Brooks LLC,Insurance,7043,0,-7043,3,8,Wed,0
id246997,2025-08-27,Cash,Rhodes Taylor and Obrien,Internet,1121,0,-1121,3,8,Wed,0
id692636,2025-08-27,Cash,Smith Inc,Dinner,9225,0,-9225,3,8,Wed,0
id801173,2025-08-27,CheckingAccount,Lopez-White,Fuel,435,0,-435,3,8,Wed,0
id890874,2025-08-27,CreditCard,Kennedy-Byrd,Internet,4863,0,-4863,3,8,Wed,0
id111586,2025-08-28,CheckingAccount,Hunter and Sons,Grocery,5391,0,-5391,3,8,Thu,0
id755479,2025-08-28,Cash,Higgins-Nelson,Investment,5244,0,-5244,3,8,Thu,1
id789407,2025-08-28,CreditCard,Robbins PLC,Fuel,561,0,-561,3,8,Thu,0
id700290,2025-08-28,CheckingAccount,Moore PLC,Telephone,3279,0,-3279,3,8,Thu,0
id806298,2025-08-28,CheckingAccount,Cleaning,Hire,1011,0,-1011,3,8,Thu,0
id772334,2025-08-29,SavingsBank,Newman PLC,Grocery,1183,0,-1183,3,8,Fri,0
id391593,2025-08-29,Cash,Turner Lee and Wilson,Fuel,5023,0,-5023,3,8,Fri,0
id371631,2025-08-29,SavingsBank,Keith Zimmerman and Smith,House,3714,0,-3714,3,8,Fri,0
id828320,2025-08-30,Cash,Gardner Black and Miller,Dinner,380,0,-380,3,8,Sat,0
id532775,2025-08-30,Cash,Osborne-Riley,Telephone,6925,0,-6925,3,8,Sat,0
id196591,2025-08-30,CreditCard,Oconnell Schultz and Smith,Investment,9157,0,-9157,3,8,Sat,1
id645918,2025-08-30,CreditCard,Nunez Stokes and Davis,Internet,8642,0,-8642,3,8,Sat,0
id306371,2025-08-30,CreditCard,Cleaning,Hire,9508,0,-9508,3,8,Sat,0
id857381,2025-08-31,Cash,Mccoy-Oconnor,Internet,5433,0,-5433,3,8,Sun,0
id853555,2025-08-31,Cash,Cab,Hire,9775,0,-9775,3,8,Sun,0
id280173,2025-08-31,Cash,Rice Inc,School,9308,0,-9308,3,8,Sun,0
id391690,2025-08-31,SavingsBank,Gilbert Group,Telephone,8878,0,-8878,3,8,Sun,0
id812370,2025-09-01,SavingsBank,Cleaning,Hire,1216,0,-1216,3,9,Mon,0
id822696,2025-09-02,Cash,Jones Gonzales and Mcdonald,Tax,6120,0,-6120,3,9,Tue,0
id612484,2025-09-02,CheckingAccount,Wheeler Group,Internet,9861,0,-9861,3,9,Tue,0
id393110,2025-09-02,CreditCard,Mcclain Ltd,Dinner,6406,0,-6406,3,9,Tue,0
id274826,2025-09-02,SavingsBank,Dividend,Dividend,0,777,777,3,9,Tue,0
id671755,2025-09-02,CheckingAccount,Booth Hall and Brown,Books,1720,0,-1720,3,9,Tue,0
id144733,2025-09-02,Cash,Lee LLC,Dinner,5265,0,-5265,3,9,Tue,0
id577867,2025-09-02,Cash,Shah Ramirez and Turner,Fuel,2762,0,-2762,3,9,Tue,0
id181367,2025-09-02,CheckingAccount,Douglas-Frazier,Dinner,7279,0,-7279,3,9,Tue,0
id122184,2025-09-02,CreditCard,Perez-Pena,Tax,5419,0,-5419,3,9,Tue,0
id340149,2025-09-03,Cash,Stone LLC,Insurance,2509,0,-2509,3,9,Wed,0
id989050,2025-09-03,CheckingAccount,Wood Gonzalez and Snyder,Insurance,3980,0,-3980,3,9,Wed,0
id954581,2025-09-03,Cash,Thompson-Sherman,Books,8812,0,-8812,3,9,Wed,0
id288086,2025-09-03,Cash,Bell-Long,School,9245,0,-9245,3,9,Wed,0
id278582,2025-09-03,CheckingAccount,Stafford LLC,Dinner,2617,0,-2617,3,9,Wed,0
id791368,2025-09-03,SavingsBank,Dividend,Dividend,0,3170,3170,3,9,Wed,0
id443090,2025-09-04,CheckingAccount,Accountant,Hire,5947,0,-5947,3,9,Thu,0
id920807,2025-09-04,CheckingAccount,Diaz and Sons,Fuel,9349,0,-9349,3,9,Thu,0
id328108,2025-09-04,CreditCard,Terry-Robinson,Tax,3002,0,-3002,3,9,Thu,0
id646353,2025-09-04,Cash,Lee Turner and Scott,Grocery,6938,0,-6938,3,9,Thu,0
id140626,2025-09-04,SavingsBank,Parker Inc,Investment,445,0,-445,3,9,Thu,1
id378989,2025-09-04,SavingsBank,Ortiz LLC,Internet,2657,0,-2657,3,9,Thu,0
id871541,2025-09-04,CheckingAccount,Hall-Shaw,Telephone,4364,0,-4364,3,9,Thu,0
id380325,2025-09-04,SavingsBank,Walsh Group,Investment,6930,0,-6930,3,9,Thu,1
id291162,2025-09-04,CreditCard,Green-Young,Dinner,1777,0,-1777,3,9,Thu,0
id620358,2025-09-04,CreditCard,Flowers-Johnson,Insurance,8331,0,-8331,3,9,Thu,0
id747770,2025-09-05,CheckingAccount,Drake Inc,House,8848,0,-8848,3,9,Fri,0
id436158,2025-09-05,SavingsBank,James Allison and Adams,School,6352,0,-6352,3,9,Fri,0
id452281,2025-09-05,CheckingAccount,Scott Inc,Tax,5792,0,-5792,3,9,Fri,0
id134882,2025-09-05,SavingsBank,Phelps Walker and Salinas,Internet,5117,0,-5117,3,9,Fri,0
id534926,2025-09-05,CheckingAccount,Taylor-Barrett,Internet,2262,0,-2262,3,9,Fri,0
id401141,2025-09-05,Cash,Webster Ramirez and James,Tax,7984,0,-7984,3,9,Fri,0
id245279,2025-09-05,Cash,Luna Manning and Lee,School,208,0,-208,3,9,Fri,0
id267208,2025-09-06,CheckingAccount,Mcdaniel PLC,Tax,5861,0,-5861,3,9,Sat,0
id408156,2025-09-06,Cash,Smith Inc,Telephone,9903,0,-9903,3,9,Sat,0
id730190,2025-09-06,Cash,Lewis Martinez and Ellis,Dinner,7721,0,-7721,3,9,Sat,0
id357354,2025-09-06,CheckingAccount,Johnson Ltd,Internet,6287,0,-6287,3,9,Sat,0
id945354,2025-09-06,SavingsBank,Walton-Morris,Dinner,1867,0,-1867,3,9,Sat,0
id522999,2025-09-06,SavingsBank,Conner Inc,School,8379,0,-8379,3,9,Sat,0
id733746,2025-09-06,SavingsBank,Thomas Parker and Reeves,Internet,9102,0,-9102,3,9,Sat,0
id723766,2025-09-06,CheckingAccount,Munoz-Smith,Tax,8131,0,-8131,3,9,Sat,0
id443054,2025-09-06,Cash,Brown Bennett and Martin,Tax,6875,0,-6875,3,9,Sat,0
id496070,2025-09-07,Cash,Ford Joseph and Hopkins,House,7867,0,-7867,3,9,Sun,0
id837034,2025-09-07,CheckingAccount,Cole Roberts and Stevens,Tax,4340,0,-4340,3,9,Sun,0
id985908,2025-09-07,Cash,Cab,Hire,2384,0,-2384,3,9,Sun,0
id668532,2025-09-07,CreditCard,Walsh Jones and Obrien,School,1645,0,-1645,3,9,Sun,0
id791737,2025-09-07,SavingsBank,Murphy and Sons,Internet,9602,0,-9602,3,9,Sun,0
id490318,2025-09-07,Cash,Bell-Murphy,Dinner,5122,0,-5122,3,9,Sun,0
id736382,2025-09-07,SavingsBank,Interest,Interest,0,6743,6743,3,9,Sun,0
id989457,2025-09-07,CreditCard,Cab,Hire,5735,0,-5735,3,9,Sun,0
id498739,2025-09-08,Cash,Anderson Jackson and Richardson,Tax,3517,0,-3517,3,9,Mon,0
id230320,2025-09-08,CheckingAccount,Wilson Smith and Green,Internet,5533,0,-5533,3,9,Mon,0
id478844,2025-09-08,SavingsBank,George-Poole,Grocery,2453,0,-2453,3,9,Mon,0
id333216,2025-09-08,SavingsBank,Jacobs Peterson and Brown,Books,5818,0,-5818,3,9,Mon,0
id209579,2025-09-08,CreditCard,Patel-Rodriguez,Internet,6115,0,-6115,3,9,Mon,0
id549016,2025-09-08,CreditCard,Barker Schroeder and Mercado,House,4216,0,-4216,3,9,Mon,0
id788583,2025-09-08,Cash,Thomas and Sons,House,652,0,-652,3,9,Mon,0
id480113,2025-09-09,SavingsBank,Schultz Johnson and Olson,School,6012,0,-6012,3,9,Tue,0
id357984,2025-09-09,CheckingAccount,Gray Inc,Dinner,4532,0,-4532,3,9,Tue,0
id279490,2025-09-09,CheckingAccount,Howard and Sons,Investment,9950,0,-9950,3,9,Tue,1
id941043,2025-09-09,SavingsBank,Miller and Sons,Fuel,1004,0,-1004,3,9,Tue,0
id908255,2025-09-09,CheckingAccount,Wilkinson LLC,Grocery,7410,0,-7410,3,9,Tue,0
id994882,2025-09-09,CheckingAccount,Stewart-Tucker,Fuel,7891,0,-7891,3,9,Tue,0
id827405,2025-09-09,SavingsBank,Dividend,Dividend,0,3777,3777,3,9,Tue,0
id144256,2025-09-09,CreditCard,Lopez PLC,Dinner,5693,0,-5693,3,9,Tue,0
id282733,2025-09-09,CreditCard,Moore Group,House,7233,0,-7233,3,9,Tue,0
id343581,2025-09-10,CreditCard,Wilson-Jordan,Dinner,1706,0,-1706,3,9,Wed,0
id886118,2025-09-10,CreditCard,Martin-Cooper,Books,2569,0,-2569,3,9,Wed,0
id363489,2025-09-10,CreditCard,Williams and Sons,Internet,4083,0,-4083,3,9,Wed,0
id307186,2025-09-10,SavingsBank,Johnson Jacobs and Villarreal,Books,9418,0,-9418,3,9,Wed,0
id896460,2025-09-10,CheckingAccount,House PLC,School,9060,0,-9060,3,9,Wed,0
id961539,2025-09-10,SavingsBank,Jenkins and Sons,School,4867,0,-4867,3,9,Wed,0
id977435,2025-09-10,Cash,Gordon Allen and Ellis,House,4237,0,-4237,3,9,Wed,0
id268233,2025-09-11,CheckingAccount,Woods Wright and Rodriguez,Investment,6773,0,-6773,3,9,Thu,1
id510906,2025-09-11,CheckingAccount,Moore Group,School,349,0,-349,3,9,Thu,0
id668922,2025-09-11,CreditCard,Sanchez Callahan and Casey,Insurance,1972,0,-1972,3,9,Thu,0
id456121,2025-09-11,CheckingAccount,Vasquez Mercado and Wilkins,Internet,1884,0,-1884,3,9,Thu,0
id806206,2025-09-11,CreditCard,Ryan-Nguyen,Tax,2115,0,-2115,3,9,Thu,0
id862117,2025-09-12,SavingsBank,Salary,Salary,0,143730,143730,3,9,Fri,0
id406085,2025-09-12,CreditCard,Sanchez Wells and Burke,House,7860,0,-7860,3,9,Fri,0
id440929,2025-09-12,Cash,Jones Haney and Martinez,Tax,4824,0,-4824,3,9,Fri,0
id141461,2025-09-13,SavingsBank,Carlson Gonzales and Mendez,Insurance,4002,0,-4002,3,9,Sat,0
id517812,2025-09-13,CreditCard,Driver,Hire,5793,0,-5793,3,9,Sat,0
id813397,2025-09-13,Cash,Butler Lindsey and Nunez,House,3148,0,-3148,3,9,Sat,0
id304423,2025-09-13,Cash,Schultz Group,House,383,0,-383,3,9,Sat,0
id542496,2025-09-13,SavingsBank,Thomas-Frank,Insurance,8764,0,-8764,3,9,Sat,0
id705653,2025-09-13,Cash,Cab,Hire,7422,0,-7422,3,9,Sat,0
id656031,2025-09-14,CreditCard,Fox Perez and Horn,House,7521,0,-7521,3,9,Sun,0
id798783,2025-09-14,CreditCard,Mckinney-Snow,House,7657,0,-7657,3,9,Sun,0
id876718,2025-09-14,CheckingAccount,Martinez-Turner,Fuel,1038,0,-1038,3,9,Sun,0
id520336,2025-09-14,CreditCard,Accountant,Hire,976,0,-976,3,9,Sun,0
id959373,2025-09-14,SavingsBank,Mills-Henry,Internet,2555,0,-2555,3,9,Sun,0
id871366,2025-09-14,Cash,Walker-Ochoa,School,7742,0,-7742,3,9,Sun,0
id454604,2025-09-14,CreditCard,Houston Inc,Insurance,1991,0,-1991,3,9,Sun,0
id414202,2025-09-14,CreditCard,Wong-Anderson,Grocery,5262,0,-5262,3,9,Sun,0
id278064,2025-09-15,CheckingAccount,Kim Group,Telephone,5843,0,-5843,3,9,Mon,0
id697937,2025-09-15,SavingsBank,Hill Torres and Castro,Tax,4737,0,-4737,3,9,Mon,0
id735279,2025-09-15,SavingsBank,Odonnell Bradford and Nelson,Dinner,8033,0,-8033,3,9,Mon,0
id291663,2025-09-15,CheckingAccount,Sims-Anderson,Books,5102,0,-5102,3,9,Mon,0
id534376,2025-09-15,CheckingAccount,Ryan-Young,Investment,8992,0,-8992,3,9,Mon,1
id544410,2025-09-15,CreditCard,Montoya-Carlson,Fuel,2101,0,-2101,3,9,Mon,0
id647864,2025-09-15,CheckingAccount,Brown Group,Internet,2730,0,-2730,3,9,Mon,0
id467717,2025-09-15,SavingsBank,Mitchell-Murphy,School,9493,0,-9493,3,9,Mon,0
id298695,2025-09-16,Cash,Smith-Hamilton,Books,219,0,-219,3,9,Tue,0
id120015,2025-09-16,Cash,Walsh Smith and Salazar,Tax,4106,0,-4106,3,9,Tue,0
id432847,2025-09-16,SavingsBank,Salary,Salary,0,48210,48210,3,9,Tue,0
id765930,2025-09-16,CheckingAccount,Hobbs and Sons,School,1419,0,-1419,3,9,Tue,0
id891270,2025-09-16,CreditCard,Moon LLC,Fuel,3467,0,-3467,3,9,Tue,0
id501546,2025-09-16,CheckingAccount,Sawyer-Terrell,School,486,0,-486,3,9,Tue,0
id786042,2025-09-17,CreditCard,Walker Group,Dinner,7667,0,-7667,3,9,Wed,0
id488676,2025-09-17,Cash,Walton Dalton and Horton,Internet,2326,0,-2326,3,9,Wed,0
id823112,2025-09-17,CheckingAccount,Castro and Sons,House,4570,0,-4570,3,9,Wed,0
id404634,2025-09-17,CreditCard,Herrera Group,Telephone,5799,0,-5799,3,9,Wed,0
id986915,2025-09-17,Cash,Sampson Group,Books,2780,0,-2780,3,9,Wed,0
id967673,2025-09-17,CheckingAccount,Smith-Peters,Internet,5528,0,-5528,3,9,Wed,0
id824750,2025-09-17,CreditCard,Carrillo-Gonzalez,Telephone,2966,0,-2966,3,9,Wed,0
id706487,2025-09-17,CreditCard,Bennett Inc,Grocery,7260,0,-7260,3,9,Wed,0
id618906,2025-09-17,Cash,Matthews-Hill,Grocery,262,0,-262,3,9,Wed,0
id192385,2025-09-17,CreditCard,Flores-Ward,School,6419,0,-6419,3,9,Wed,0
id513464,2025-09-18,SavingsBank,Miller-Jacobs,Telephone,4123,0,-4123,3,9,Thu,0
id378105,2025-09-18,SavingsBank,Interest,Interest,0,7645,7645,3,9,Thu,0
id818197,2025-09-18,CheckingAccount,King Scott and Long,Books,7212,0,-7212,3,9,Thu,0
id957361,2025-09-18,CreditCard,Barker Group,Insurance,6374,0,-6374,3,9,Thu,0
id879729,2025-09-18,Cash,Nielsen-Castillo,Dinner,5102,0,-5102,3,9,Thu,0
id534654,2025-09-19,Cash,Porter-Fuller,Grocery,3743,0,-3743,3,9,Fri,0
id165176,2025-09-19,CheckingAccount,Lang-Jackson,House,2978,0,-2978,3,9,Fri,0
id447895,2025-09-19,CreditCard,Hill PLC,Tax,7189,0,-7189,3,9,Fri,0
id678062,2025-09-19,CreditCard,Wood-Ray,Internet,2370,0,-2370,3,9,Fri,0
id530891,2025-09-19,CreditCard,Garcia Group,Tax,9103,0,-9103,3,9,Fri,0
id977200,2025-09-19,CreditCard,Long-Ellis,School,6620,0,-6620,3,9,Fri,0
id571440,2025-09-19,Cash,Jackson Acevedo and Wong,Dinner,5157,0,-5157,3,9,Fri,0
id787168,2025-09-19,SavingsBank,Fischer-Morris,Tax,3005,0,-3005,3,9,Fri,0
id420410,2025-09-19,Cash,Richard-Smith,Tax,7877,0,-7877,3,9,Fri,0
id467386,2025-09-20,CheckingAccount,Wise-Thornton,Books,8134,0,-8134,3,9,Sat,0
id371397,2025-09-20,CheckingAccount,Lopez Group,Dinner,5294,0,-5294,3,9,Sat,0
id911776,2025-09-20,CheckingAccount,Harris PLC,Fuel,728,0,-728,3,9,Sat,0
id966585,2025-09-20,Cash,Cole Group,Grocery,3799,0,-3799,3,9,Sat,0
id256918,2025-09-20,SavingsBank,Mcbride-Owens,House,6063,0,-6063,3,9,Sat,0
id378432,2025-09-21,Cash,Bowman and Sons,House,1336,0,-1336,3,9,Sun,0
id929025,2025-09-21,CheckingAccount,Rodriguez Kennedy and Reed,Investment,5893,0,-5893,3,9,Sun,1
id137912,2025-09-21,SavingsBank,Mcdonald Ltd,Insurance,6261,0,-6261,3,9,Sun,0
id407380,2025-09-22,SavingsBank,Curtis and Sons,Internet,2641,0,-2641,3,9,Mon,0
id127593,2025-09-22,Cash,James Inc,Grocery,6482,0,-6482,3,9,Mon,0
id898279,2025-09-22,CreditCard,Rodriguez Alexander and Williams,Dinner,3901,0,-3901,3,9,Mon,0
id901004,2025-09-22,SavingsBank,Brady Inc,Fuel,4017,0,-4017,3,9,Mon,0
id112973,2025-09-22,Cash,Greer-Copeland,Books,9468,0,-9468,3,9,Mon,0
id351165,2025-09-22,CheckingAccount,Miller PLC,Telephone,5279,0,-5279,3,9,Mon,0
id850537,2025-09-22,SavingsBank,Dividend,Dividend,0,1696,1696,3,9,Mon,0
id391524,2025-09-22,Cash,Lopez and Sons,School,6365,0,-6365,3,9,Mon,0
id871610,2025-09-22,CheckingAccount,Hammond Pena and Woods,Dinner,2421,0,-2421,3,9,Mon,0
id495710,2025-09-23,SavingsBank,Salary,Salary,0,104295,104295,3,9,Tue,0
id598210,2025-09-23,SavingsBank,Wong-Walter,School,8401,0,-8401,3,9,Tue,0
id304225,2025-09-23,Cash,Harris and Sons,Internet,9963,0,-9963,3,9,Tue,0
id765253,2025-09-23,Cash,Williams Wiley and Barnes,Grocery,826,0,-826,3,9,Tue,0
id247371,2025-09-23,CreditCard,Cab,Hire,8483,0,-8483,3,9,Tue,0
id454385,2025-09-23,CheckingAccount,Miranda Williams and Alvarez,School,8648,0,-8648,3,9,Tue,0
id588510,2025-09-24,CreditCard,Collins-Miller,Investment,5460,0,-5460,3,9,Wed,1
id602132,2025-09-24,CreditCard,Cab,Hire,7800,0,-7800,3,9,Wed,0
id314361,2025-09-24,SavingsBank,Bell PLC,Books,2690,0,-2690,3,9,Wed,0
id826633,2025-09-24,Cash,Walton and Sons,School,2695,0,-2695,3,9,Wed,0
id672535,2025-09-25,Cash,Bullock-Harris,Investment,7859,0,-7859,3,9,Thu,1
id896915,2025-09-25,CreditCard,Colon Higgins and Haney,Dinner,5640,0,-5640,3,9,Thu,0
id393525,2025-09-25,Cash,Rivera Gray and Hill,Investment,886,0,-886,3,9,Thu,1
id247279,2025-09-25,CheckingAccount,Henry-Ford,House,4251,0,-4251,3,9,Thu,0
id912480,2025-09-25,CreditCard,Cleaning,Hire,9062,0,-9062,3,9,Thu,0
id935105,2025-09-25,SavingsBank,Smith PLC,House,6652,0,-6652,3,9,Thu,0
id977171,2025-09-25,CheckingAccount,Johnson Moore and Romero,Internet,4845,0,-4845,3,9,Thu,0
id654696,2025-09-25,Cash,Strong-Mullins,Books,848,0,-848,3,9,Thu,0
id178320,2025-09-25,SavingsBank,Interest,Interest,0,2030,2030,3,9,Thu,0
id886027,2025-09-25,SavingsBank,Salary,Salary,0,27000,27000,3,9,Thu,0
id157963,2025-09-25,CheckingAccount,Obrien Weaver and Daugherty,Insurance,3702,0,-3702,3,9,Thu,0
id391915,2025-09-26,SavingsBank,Salary,Salary,0,28125,28125,3,9,Fri,0
id594226,2025-09-26,CheckingAccount,Owen Ltd,Books,8265,0,-8265,3,9,Fri,0
id994215,2025-09-26,CreditCard,Taylor Nelson and Roberson,Telephone,177,0,-177,3,9,Fri,0
id867106,2025-09-26,CheckingAccount,Clark Peters and Gordon,Books,5263,0,-5263,3,9,Fri,0
id578248,2025-09-26,SavingsBank,Salary,Salary,0,130470,130470,3,9,Fri,0
id454474,2025-09-26,CheckingAccount,Murray PLC,Fuel,5176,0,-5176,3,9,Fri,0
id926486,2025-09-26,CreditCard,Evans Jones and Vasquez,Insurance,1310,0,-1310,3,9,Fri,0
id957606,2025-09-26,SavingsBank,Dividend,Dividend,0,4802,4802,3,9,Fri,0
id191457,2025-09-26,Cash,Lee LLC,House,5230,0,-5230,3,9,Fri,0
id935303,2025-09-26,CreditCard,Martinez-Sherman,Fuel,6899,0,-6899,3,9,Fri,0
id473420,2025-09-26,SavingsBank,Briggs LLC,House,2299,0,-2299,3,9,Fri,0
id126305,2025-09-27,CheckingAccount,Jensen-Robinson,Fuel,212,0,-212,3,9,Sat,0
id847480,2025-09-27,SavingsBank,Barr Inc,Investment,8902,0,-8902,3,9,Sat,1
id686637,2025-09-27,CreditCard,Kelly PLC,House,226,0,-226,3,9,Sat,0
id990981,2025-09-28,CheckingAccount,Santiago-Terry,Internet,2511,0,-2511,3,9,Sun,0
id487176,2025-09-28,CreditCard,Griffin LLC,Books,6879,0,-6879,3,9,Sun,0
id997146,2025-09-28,SavingsBank,Salary,Salary,0,124380,124380,3,9,Sun,0
id143157,2025-09-28,CreditCard,Howard Silva and Carrillo,Internet,2163,0,-2163,3,9,Sun,0
id354263,2025-09-28,Cash,Ross-Brock,Fuel,2208,0,-2208,3,9,Sun,0
id476222,2025-09-28,CheckingAccount,Dennis Burns and Olson,House,143,0,-143,3,9,Sun,0
id121315,2025-09-28,SavingsBank,Rodriguez Roy and Sawyer,Telephone,4638,0,-4638,3,9,Sun,0
id473527,2025-09-28,CheckingAccount,Johnston-Harris,Insurance,5743,0,-5743,3,9,Sun,0
id736930,2025-09-29,CreditCard,Cab,Hire,4649,0,-4649,3,9,Mon,0
id453894,2025-09-29,CheckingAccount,Phelps-King,Dinner,7106,0,-7106,3,9,Mon,0
id184674,2025-09-29,CreditCard,Hicks-Whitehead,Internet,8838,0,-8838,3,9,Mon,0
id698954,2025-09-29,SavingsBank,Dividend,Dividend,0,9286,9286,3,9,Mon,0
id898954,2025-09-29,CreditCard,Leonard-Miles,Grocery,2250,0,-2250,3,9,Mon,0
id304568,2025-09-29,Cash,Murphy Jordan and Briggs,Books,2373,0,-2373,3,9,Mon,0
id295397,2025-09-29,CreditCard,Young and Sons,Grocery,3085,0,-3085,3,9,Mon,0
id998471,2025-09-29,Cash,Goodwin Group,House,5299,0,-5299,3,9,Mon,0
id245207,2025-09-29,CreditCard,Meza-Mahoney,Investment,773,0,-773,3,9,Mon,1
id414787,2025-09-29,SavingsBank,Dividend,Dividend,0,1382,1382,3,9,Mon,0
id442262,2025-09-29,CreditCard,Caldwell Ltd,School,8309,0,-8309,3,9,Mon,0
id788273,2025-09-30,SavingsBank,Dividend,Dividend,0,5096,5096,3,9,Tue,0
id670434,2025-09-30,CheckingAccount,Smith Ltd,Dinner,9773,0,-9773,3,9,Tue,0
id249634,2025-09-30,CheckingAccount,Jones and Sons,House,1240,0,-1240,3,9,Tue,0
id967807,2025-09-30,SavingsBank,Brooks Ltd,Books,6420,0,-6420,3,9,Tue,0
id694030,2025-09-30,Cash,Thornton Thomas and Brown,Telephone,7269,0,-7269,3,9,Tue,0
id505551,2025-09-30,CreditCard,Baker LLC,Investment,9193,0,-9193,3,9,Tue,1
id356761,2025-09-30,CreditCard,Stein Walters and Atkinson,Grocery,3458,0,-3458,3,9,Tue,0
id405227,2025-09-30,CreditCard,Perez and Sons,Internet,8709,0,-8709,3,9,Tue,0
id875525,2025-09-30,CheckingAccount,Sheppard-Morse,Telephone,7222,0,-7222,3,9,Tue,0
id550092,2025-10-01,CheckingAccount,Curtis PLC,Tax,1077,0,-1077,4,10,Wed,0
id257866,2025-10-01,SavingsBank,Interest,Interest,0,5140,5140,4,10,Wed,0
id263083,2025-10-01,Cash,Gonzalez Inc,House,6139,0,-6139,4,10,Wed,0
id182743,2025-10-01,CheckingAccount,Nolan-Hernandez,Internet,3715,0,-3715,4,10,Wed,0
id801234,2025-10-01,CreditCard,Davidson PLC,Fuel,8809,0,-8809,4,10,Wed,0
id522172,2025-10-01,Cash,Cab,Hire,4786,0,-4786,4,10,Wed,0
id709274,2025-10-01,Cash,Huber Crawford and Bryan,Insurance,8951,0,-8951,4,10,Wed,0
id836888,2025-10-02,CheckingAccount,Gray Ltd,Grocery,8003,0,-8003,4,10,Thu,0
id342199,2025-10-02,CheckingAccount,Nolan Farrell and Olson,Tax,6980,0,-6980,4,10,Thu,0
id493245,2025-10-02,CreditCard,Browning LLC,Grocery,6654,0,-6654,4,10,Thu,0
id357963,2025-10-02,Cash,Spears Doyle and Reyes,Dinner,9317,0,-9317,4,10,Thu,0
id458613,2025-10-02,SavingsBank,Gomez-Hernandez,Internet,7529,0,-7529,4,10,Thu,0
id471603,2025-10-02,Cash,Roman-Walters,Insurance,7607,0,-7607,4,10,Thu,0
id237052,2025-10-02,Cash,Jackson-Quinn,Grocery,7271,0,-7271,4,10,Thu,0
id970767,2025-10-02,CreditCard,Hernandez Inc,House,3029,0,-3029,4,10,Thu,0
id932780,2025-10-03,CreditCard,Watkins Burton and Hernandez,Internet,6945,0,-6945,4,10,Fri,0
id243445,2025-10-03,SavingsBank,Cruz Wilson and Whitehead,House,8283,0,-8283,4,10,Fri,0
id902612,2025-10-03,SavingsBank,Perry-Hernandez,Investment,2145,0,-2145,4,10,Fri,1
id526977,2025-10-03,SavingsBank,Bryan Ltd,Telephone,8069,0,-8069,4,10,Fri,0
id549795,2025-10-03,CheckingAccount,Bullock Fields and Bennett,Books,2073,0,-2073,4,10,Fri,0
id505935,2025-10-03,CreditCard,Scott LLC,Tax,9086,0,-9086,4,10,Fri,0
id297281,2025-10-03,CreditCard,Choi-Jones,Internet,845,0,-845,4,10,Fri,0
id641910,2025-10-04,Cash,Hansen Inc,Tax,3687,0,-3687,4,10,Sat,0
id192032,2025-10-04,CreditCard,Nguyen-Riddle,Fuel,8483,0,-8483,4,10,Sat,0
id617314,2025-10-04,CreditCard,Bolton Inc,Tax,1480,0,-1480,4,10,Sat,0
id891078,2025-10-04,CreditCard,Sanchez-Thomas,Fuel,2614,0,-2614,4,10,Sat,0
id752294,2025-10-04,CheckingAccount,Douglas Ltd,Books,7796,0,-7796,4,10,Sat,0
id911042,2025-10-04,CreditCard,Sweeney Moore and Parker,Books,3928,0,-3928,4,10,Sat,0
id976411,2025-10-04,SavingsBank,Reid PLC,Tax,271,0,-271,4,10,Sat,0
id719068,2025-10-04,CreditCard,Ross-Swanson,Tax,1429,0,-1429,4,10,Sat,0
id442324,2025-10-04,SavingsBank,Dividend,Dividend,0,2263,2263,4,10,Sat,0
id386592,2025-10-04,Cash,Carter Cuevas and Gentry,House,1434,0,-1434,4,10,Sat,0
id321960,2025-10-04,SavingsBank,Maynard Kelly and Cannon,Telephone,9205,0,-9205,4,10,Sat,0
id508054,2025-10-04,Cash,Pham Lopez and Ramirez,School,8621,0,-8621,4,10,Sat,0
id846070,2025-10-04,Cash,Chapman-Smith,Telephone,4752,0,-4752,4,10,Sat,0
id651373,2025-10-04,CheckingAccount,Vasquez Hernandez and Lynch,House,3994,0,-3994,4,10,Sat,0
id177242,2025-10-05,SavingsBank,Miller Lozano and Young,Fuel,4603,0,-4603,4,10,Sun,0
id453456,2025-10-05,CheckingAccount,Palmer Mayer and Hughes,Fuel,7941,0,-7941,4,10,Sun,0
id470751,2025-10-05,CheckingAccount,Cooper Group,Internet,2686,0,-2686,4,10,Sun,0
id201366,2025-10-05,CheckingAccount,Palmer Campbell and Haas,Internet,7578,0,-7578,4,10,Sun,0
id958525,2025-10-05,Cash,Hays-Barnes,Tax,7856,0,-7856,4,10,Sun,0
id834717,2025-10-05,Cash,Wagner Carr and Beck,Internet,888,0,-888,4,10,Sun,0
id505919,2025-10-05,CheckingAccount,Lewis Inc,Books,9378,0,-9378,4,10,Sun,0
id120447,2025-10-05,CheckingAccount,Jackson Torres and Gonzales,Telephone,2623,0,-2623,4,10,Sun,0
id655992,2025-10-05,CreditCard,Stevens Anderson and Martinez,Dinner,570,0,-570,4,10,Sun,0
id669255,2025-10-06,SavingsBank,Salary,Salary,0,115200,115200,4,10,Mon,0
id587983,2025-10-06,SavingsBank,Salary,Salary,0,85905,85905,4,10,Mon,0
id842706,2025-10-06,CheckingAccount,Lee and Sons,Fuel,1419,0,-1419,4,10,Mon,0
id929440,2025-10-06,Cash,Martinez-Thompson,Internet,1094,0,-1094,4,10,Mon,0
id206062,2025-10-06,CreditCard,Campbell and Sons,Telephone,2662,0,-2662,4,10,Mon,0
id417603,2025-10-06,SavingsBank,Vasquez Edwards and Mclean,Telephone,1863,0,-1863,4,10,Mon,0
id334913,2025-10-06,Cash,Carpenter PLC,Grocery,3880,0,-3880,4,10,Mon,0
id658563,2025-10-06,Cash,Taylor Blanchard and Roberts,Telephone,8923,0,-8923,4,10,Mon,0
id683571,2025-10-06,SavingsBank,Interest,Interest,0,8399,8399,4,10,Mon,0
id522872,2025-10-07,CheckingAccount,Williams Group,House,4301,0,-4301,4,10,Tue,0
id674673,2025-10-07,CreditCard,Callahan Ltd,School,2229,0,-2229,4,10,Tue,0
id594682,2025-10-07,Cash,Haley Ferguson and Brown,Investment,9895,0,-9895,4,10,Tue,1
id490293,2025-10-07,Cash,Wolfe and Sons,Grocery,753,0,-753,4,10,Tue,0
id334701,2025-10-07,Cash,Wang Group,Tax,830,0,-830,4,10,Tue,0
id792083,2025-10-07,Cash,Thompson Glover and Moses,Fuel,5293,0,-5293,4,10,Tue,0
id512713,2025-10-07,SavingsBank,Manning-Doyle,Grocery,6034,0,-6034,4,10,Tue,0
id708915,2025-10-07,SavingsBank,Brock Woodard and Le,Internet,9177,0,-9177,4,10,Tue,0
id592374,2025-10-07,CheckingAccount,Lewis Jordan and Boyd,House,737,0,-737,4,10,Tue,0
id826582,2025-10-08,CheckingAccount,Howard Williams and Juarez,Grocery,460,0,-460,4,10,Wed,0
id317324,2025-10-08,CreditCard,Mason Martinez and Reeves,Grocery,9672,0,-9672,4,10,Wed,0
id712821,2025-10-08,CheckingAccount,Jordan-Cuevas,Telephone,877,0,-877,4,10,Wed,0
id208397,2025-10-08,Cash,Driver,Hire,2582,0,-2582,4,10,Wed,0
id750141,2025-10-08,CheckingAccount,Lamb Ltd,Internet,7680,0,-7680,4,10,Wed,0
id200970,2025-10-08,CheckingAccount,Hahn Hughes and Gates,Dinner,5784,0,-5784,4,10,Wed,0
id503296,2025-10-09,Cash,Camacho Ward and Park,Internet,9563,0,-9563,4,10,Thu,0
id761783,2025-10-09,CreditCard,Hebert Ltd,House,6079,0,-6079,4,10,Thu,0
id483334,2025-10-09,CreditCard,Russell Group,Books,5805,0,-5805,4,10,Thu,0
id784148,2025-10-09,CheckingAccount,Ramirez-Smith,Telephone,897,0,-897,4,10,Thu,0
id211410,2025-10-09,SavingsBank,Jordan-Benton,House,1406,0,-1406,4,10,Thu,0
id787190,2025-10-09,CheckingAccount,Smith-Simpson,Internet,9489,0,-9489,4,10,Thu,0
id422176,2025-10-09,CheckingAccount,Gill Inc,Grocery,8767,0,-8767,4,10,Thu,0
id734498,2025-10-09,Cash,Patel Williams and Downs,Books,9847,0,-9847,4,10,Thu,0
id833328,2025-10-09,CheckingAccount,Driver,Hire,6684,0,-6684,4,10,Thu,0
id361595,2025-10-09,CreditCard,Blake Jackson and Summers,Internet,2983,0,-2983,4,10,Thu,0
id472660,2025-10-09,CreditCard,Green-White,Insurance,7409,0,-7409,4,10,Thu,0
id693755,2025-10-09,SavingsBank,Green-Fitzpatrick,Dinner,9592,0,-9592,4,10,Thu,0
id618754,2025-10-10,Cash,Sanchez-Salazar,Insurance,1627,0,-1627,4,10,Fri,0
id235463,2025-10-10,CreditCard,Torres Copeland and Mcbride,Books,3883,0,-3883,4,10,Fri,0
id893412,2025-10-10,SavingsBank,Arias Weeks and Cox,House,7451,0,-7451,4,10,Fri,0
id988891,2025-10-10,Cash,Huffman-Rose,School,9106,0,-9106,4,10,Fri,0
id236443,2025-10-11,CheckingAccount,Salas Melendez and Berg,Fuel,4506,0,-4506,4,10,Sat,0
id785567,2025-10-11,CreditCard,Anderson-Jones,Insurance,6386,0,-6386,4,10,Sat,0
id843812,2025-10-11,SavingsBank,White Beck and Alvarez,House,9254,0,-9254,4,10,Sat,0
id998602,2025-10-11,CreditCard,Cleaning,Hire,3952,0,-3952,4,10,Sat,0
id569521,2025-10-11,CheckingAccount,Cleaning,Hire,5397,0,-5397,4,10,Sat,0
id292107,2025-10-11,Cash,Holmes LLC,Insurance,2331,0,-2331,4,10,Sat,0
id169354,2025-10-11,CheckingAccount,Crawford-Lane,School,2211,0,-2211,4,10,Sat,0
id681239,2025-10-11,CreditCard,Brown Fuller and Cervantes,House,2229,0,-2229,4,10,Sat,0
id717517,2025-10-12,Cash,Singleton LLC,Books,8207,0,-8207,4,10,Sun,0
id672931,2025-10-12,CreditCard,Patterson PLC,Dinner,2742,0,-2742,4,10,Sun,0
id839526,2025-10-12,Cash,Espinoza Ltd,Investment,314,0,-314,4,10,Sun,1
id176213,2025-10-12,CheckingAccount,Chang-Alexander,Internet,9432,0,-9432,4,10,Sun,0
id148658,2025-10-12,SavingsBank,Salary,Salary,0,69315,69315,4,10,Sun,0
id582060,2025-10-12,CreditCard,Richardson Gonzales and Allen,Investment,2858,0,-2858,4,10,Sun,1
id215968,2025-10-12,CreditCard,Hernandez Green and Sexton,Fuel,2698,0,-2698,4,10,Sun,0
id953102,2025-10-13,CreditCard,Jackson and Sons,Dinner,4154,0,-4154,4,10,Mon,0
id535172,2025-10-13,CreditCard,Valenzuela Group,School,7734,0,-7734,4,10,Mon,0
id365485,2025-10-13,CreditCard,Collins-Nelson,Fuel,6311,0,-6311,4,10,Mon,0
id712495,2025-10-13,CheckingAccount,Garcia Hoover and Moore,School,1105,0,-1105,4,10,Mon,0
id225178,2025-10-13,Cash,Cooper-Riley,Books,9387,0,-9387,4,10,Mon,0
id981101,2025-10-14,Cash,Nguyen Myers and Flynn,Fuel,3146,0,-3146,4,10,Tue,0
id523821,2025-10-14,CheckingAccount,Hernandez-Johnson,Insurance,6834,0,-6834,4,10,Tue,0
id446846,2025-10-14,CheckingAccount,Miller Monroe and Reed,Fuel,8203,0,-8203,4,10,Tue,0
id165820,2025-10-14,Cash,Yu-Wood,Tax,6943,0,-6943,4,10,Tue,0
id940869,2025-10-14,CreditCard,Green-Lindsey,Telephone,3399,0,-3399,4,10,Tue,0
id706507,2025-10-15,Cash,Hernandez Beck and Moore,Grocery,5303,0,-5303,4,10,Wed,0
id474926,2025-10-15,Cash,Doyle-Beck,Fuel,8031,0,-8031,4,10,Wed,0
id883296,2025-10-15,Cash,Pacheco-Perez,Insurance,1025,0,-1025,4,10,Wed,0
id910937,2025-10-15,SavingsBank,Interest,Interest,0,4527,4527,4,10,Wed,0
id851174,2025-10-15,SavingsBank,Griffin-Ortiz,Tax,1624,0,-1624,4,10,Wed,0
id155479,2025-10-15,CheckingAccount,Mcclain and Sons,Insurance,2882,0,-2882,4,10,Wed,0
id801883,2025-10-15,Cash,Scott Price and Cunningham,School,9705,0,-9705,4,10,Wed,0
id235367,2025-10-15,Cash,Walsh Banks and Taylor,Books,1565,0,-1565,4,10,Wed,0
id930296,2025-10-16,CreditCard,Smith-King,Tax,7341,0,-7341,4,10,Thu,0
id574712,2025-10-16,Cash,Steele Ltd,House,8650,0,-8650,4,10,Thu,0
id194705,2025-10-16,Cash,Pittman Coleman and Hodge,Dinner,6534,0,-6534,4,10,Thu,0
id427577,2025-10-16,SavingsBank,Mccoy-Lewis,Insurance,3580,0,-3580,4,10,Thu,0
id201496,2025-10-16,CheckingAccount,Roberts-Smith,Tax,3770,0,-3770,4,10,Thu,0
id754968,2025-10-16,CheckingAccount,Perry Inc,Dinner,5277,0,-5277,4,10,Thu,0
id595236,2025-10-16,CheckingAccount,Lloyd Ltd,Telephone,6066,0,-6066,4,10,Thu,0
id490545,2025-10-16,CheckingAccount,Deleon and Sons,School,984,0,-984,4,10,Thu,0
id787671,2025-10-16,CheckingAccount,Short PLC,Fuel,8001,0,-8001,4,10,Thu,0
id207794,2025-10-16,Cash,Benson Jones and Powers,House,5510,0,-5510,4,10,Thu,0
id853114,2025-10-16,SavingsBank,Logan and Sons,Telephone,3200,0,-3200,4,10,Thu,0
id184532,2025-10-16,SavingsBank,Butler Group,Insurance,1548,0,-1548,4,10,Thu,0
id564282,2025-10-17,CheckingAccount,Riddle-Carlson,Fuel,479,0,-479,4,10,Fri,0
id828940,2025-10-17,CreditCard,Phillips-Daniel,Investment,206,0,-206,4,10,Fri,1
id835844,2025-10-17,SavingsBank,Wood-Lewis,House,888,0,-888,4,10,Fri,0
id752672,2025-10-17,SavingsBank,Jones Group,Books,3561,0,-3561,4,10,Fri,0
id393533,2025-10-17,CreditCard,Hogan Wilson and Roberts,Insurance,129,0,-129,4,10,Fri,0
id328168,2025-10-17,SavingsBank,Salary,Salary,0,12795,12795,4,10,Fri,0
id187922,2025-10-18,SavingsBank,Short-Tran,Tax,5390,0,-5390,4,10,Sat,0
id669526,2025-10-18,SavingsBank,Salary,Salary,0,76965,76965,4,10,Sat,0
id573239,2025-10-18,CheckingAccount,Dalton Wilson and Ford,Dinner,3617,0,-3617,4,10,Sat,0
id270269,2025-10-19,SavingsBank,Morse Parker and Stevens,Internet,4193,0,-4193,4,10,Sun,0
id731536,2025-10-19,CreditCard,Cleaning,Hire,8174,0,-8174,4,10,Sun,0
id967254,2025-10-19,Cash,Cunningham Giles and Harris,Tax,4625,0,-4625,4,10,Sun,0
id413147,2025-10-19,CreditCard,Larson Miller and Edwards,Tax,8013,0,-8013,4,10,Sun,0
id208647,2025-10-19,SavingsBank,Day PLC,Investment,4892,0,-4892,4,10,Sun,1
id342268,2025-10-19,Cash,Duffy-Salazar,House,2583,0,-2583,4,10,Sun,0
id697155,2025-10-19,CheckingAccount,Ortega-Lawrence,Dinner,7218,0,-7218,4,10,Sun,0
id400519,2025-10-20,CreditCard,Duncan-Lewis,Grocery,830,0,-830,4,10,Mon,0
id199545,2025-10-20,Cash,Nunez LLC,Investment,2054,0,-2054,4,10,Mon,1
id179743,2025-10-20,SavingsBank,Townsend Inc,Insurance,1467,0,-1467,4,10,Mon,0
id387728,2025-10-20,SavingsBank,Dividend,Dividend,0,3433,3433,4,10,Mon,0
id726998,2025-10-20,CheckingAccount,Figueroa-Chase,Telephone,281,0,-281,4,10,Mon,0
id452120,2025-10-20,CheckingAccount,Morris Stewart and Martin,Dinner,7897,0,-7897,4,10,Mon,0
id166118,2025-10-20,CheckingAccount,Gross Hopkins and Brown,Books,3879,0,-3879,4,10,Mon,0
id805198,2025-10-20,CheckingAccount,Watkins-Armstrong,Tax,9136,0,-9136,4,10,Mon,0
id912165,2025-10-21,Cash,Banks-Page,Fuel,5239,0,-5239,4,10,Tue,0
id263022,2025-10-21,CreditCard,Bradley Brown and James,Dinner,8025,0,-8025,4,10,Tue,0
id195319,2025-10-21,Cash,Ruiz Group,Dinner,8926,0,-8926,4,10,Tue,0
id830089,2025-10-21,CheckingAccount,Martin PLC,Books,539,0,-539,4,10,Tue,0
id913498,2025-10-21,CreditCard,Lewis Flores and Baxter,Fuel,8177,0,-8177,4,10,Tue,0
id696468,2025-10-21,CreditCard,Cab,Hire,4555,0,-4555,4,10,Tue,0
id239383,2025-10-22,CheckingAccount,Clark and Sons,Dinner,6240,0,-6240,4,10,Wed,0
id184952,2025-10-22,CreditCard,Reed-Johnson,School,716,0,-716,4,10,Wed,0
id807892,2025-10-22,Cash,Cab,Hire,4363,0,-4363,4,10,Wed,0
id670379,2025-10-22,CreditCard,Perry PLC,Tax,3756,0,-3756,4,10,Wed,0
id499732,2025-10-22,Cash,Long LLC,Grocery,4256,0,-4256,4,10,Wed,0
id369773,2025-10-22,SavingsBank,Interest,Interest,0,2618,2618,4,10,Wed,0
id942734,2025-10-22,SavingsBank,Carpenter-Thomas,Grocery,2785,0,-2785,4,10,Wed,0
id715183,2025-10-22,CheckingAccount,Brandt Inc,Internet,9085,0,-9085,4,10,Wed,0
id956122,2025-10-23,Cash,Accountant,Hire,5410,0,-5410,4,10,Thu,0
id713558,2025-10-23,SavingsBank,Moran Hodges and Campbell,Internet,396,0,-396,4,10,Thu,0
id922052,2025-10-23,Cash,Francis Hebert and Washington,Dinner,7016,0,-7016,4,10,Thu,0
id792483,2025-10-23,CreditCard,Jones Ltd,School,2654,0,-2654,4,10,Thu,0
id525801,2025-10-23,SavingsBank,Knapp Wood and Turner,Fuel,2709,0,-2709,4,10,Thu,0
id690144,2025-10-23,CheckingAccount,Phillips PLC,House,296,0,-296,4,10,Thu,0
id479371,2025-10-24,CreditCard,Beard Roberts and George,House,9370,0,-9370,4,10,Fri,0
id221103,2025-10-24,CheckingAccount,Cohen Harris and Edwards,Internet,8458,0,-8458,4,10,Fri,0
id538242,2025-10-24,CheckingAccount,Butler-Serrano,Insurance,2939,0,-2939,4,10,Fri,0
id737136,2025-10-24,SavingsBank,Thompson-Dunlap,Grocery,1929,0,-1929,4,10,Fri,0
id307896,2025-10-24,CreditCard,Walsh Holland and Miller,Tax,3654,0,-3654,4,10,Fri,0
id323109,2025-10-25,CheckingAccount,Dean LLC,Dinner,4949,0,-4949,4,10,Sat,0
id427326,2025-10-25,Cash,Thompson-Brown,Dinner,6818,0,-6818,4,10,Sat,0
id516578,2025-10-25,Cash,Johnson-Mills,Tax,4955,0,-4955,4,10,Sat,0
id406453,2025-10-25,CheckingAccount,Davidson Group,Books,669,0,-669,4,10,Sat,0
id470094,2025-10-25,Cash,Calhoun Richardson and Hammond,Fuel,7275,0,-7275,4,10,Sat,0
id160441,2025-10-25,CheckingAccount,Robles-Brady,Fuel,5634,0,-5634,4,10,Sat,0
id726704,2025-10-25,CheckingAccount,Curtis Inc,Insurance,3819,0,-3819,4,10,Sat,0
id445638,2025-10-25,Cash,Blake Taylor and Williams,Books,1546,0,-1546,4,10,Sat,0
id565165,2025-10-25,CheckingAccount,Gonzalez Castro and Davis,Dinner,1485,0,-1485,4,10,Sat,0
id294739,2025-10-26,CreditCard,Myers LLC,Investment,2023,0,-2023,4,10,Sun,1
id822559,2025-10-26,CreditCard,Tucker-Larson,Fuel,3416,0,-3416,4,10,Sun,0
id639968,2025-10-26,SavingsBank,Dividend,Dividend,0,1525,1525,4,10,Sun,0
id276216,2025-10-26,CreditCard,Chan Waller and Fisher,Internet,297,0,-297,4,10,Sun,0
id960156,2025-10-26,Cash,Barr-Graves,House,4504,0,-4504,4,10,Sun,0
id301992,2025-10-27,CheckingAccount,Edwards Anderson and Smith,Internet,1502,0,-1502,4,10,Mon,0
id649861,2025-10-27,Cash,Cleaning,Hire,5349,0,-5349,4,10,Mon,0
id933358,2025-10-27,SavingsBank,Lee Ltd,Telephone,8425,0,-8425,4,10,Mon,0
id887652,2025-10-27,SavingsBank,Watson-Johnson,Investment,2117,0,-2117,4,10,Mon,1
id144820,2025-10-27,Cash,Montgomery Dennis and Wilson,House,6450,0,-6450,4,10,Mon,0
id256604,2025-10-27,Cash,Smith PLC,Telephone,1393,0,-1393,4,10,Mon,0
id318296,2025-10-27,SavingsBank,Salary,Salary,0,82980,82980,4,10,Mon,0
id968404,2025-10-27,Cash,Lucas Group,Investment,5977,0,-5977,4,10,Mon,1
id919919,2025-10-27,SavingsBank,Driver,Hire,2817,0,-2817,4,10,Mon,0
id664994,2025-10-27,CreditCard,Kelley-Anderson,Internet,2486,0,-2486,4,10,Mon,0
id406667,2025-10-27,SavingsBank,Salary,Salary,0,109350,109350,4,10,Mon,0
id834917,2025-10-27,CreditCard,Faulkner-Manning,Grocery,9039,0,-9039,4,10,Mon,0
id688169,2025-10-27,Cash,Brooks Inc,School,6202,0,-6202,4,10,Mon,0
id371678,2025-10-27,Cash,Lewis Ltd,School,3146,0,-3146,4,10,Mon,0
id230530,2025-10-28,SavingsBank,Salary,Salary,0,56085,56085,4,10,Tue,0
id750584,2025-10-28,Cash,Willis PLC,Grocery,6312,0,-6312,4,10,Tue,0
id726965,2025-10-28,CreditCard,Mcdowell Edwards and Ward,Telephone,4314,0,-4314,4,10,Tue,0
id373269,2025-10-29,CreditCard,Mullins-Roberts,House,8065,0,-8065,4,10,Wed,0
id838070,2025-10-29,CreditCard,Driver,Hire,9879,0,-9879,4,10,Wed,0
id470388,2025-10-29,CreditCard,Cisneros-Pearson,Investment,8739,0,-8739,4,10,Wed,1
id270232,2025-10-29,Cash,Reeves-Nichols,Investment,4656,0,-4656,4,10,Wed,1
id858846,2025-10-29,SavingsBank,Dividend,Dividend,0,9229,9229,4,10,Wed,0
id953092,2025-10-29,CreditCard,Arellano Inc,Internet,4854,0,-4854,4,10,Wed,0
id124319,2025-10-29,SavingsBank,Casey Reed and Brown,House,8701,0,-8701,4,10,Wed,0
id506650,2025-10-29,CreditCard,Smith Sanders and Warner,Investment,7349,0,-7349,4,10,Wed,1
id953483,2025-10-30,SavingsBank,Carr LLC,Dinner,4403,0,-4403,4,10,Thu,0
id578057,2025-10-30,CreditCard,Accountant,Hire,4051,0,-4051,4,10,Thu,0
id948057,2025-10-30,Cash,Williams-Scott,Books,8891,0,-8891,4,10,Thu,0
id643897,2025-10-30,CheckingAccount,Larson PLC,Investment,8868,0,-8868,4,10,Thu,1
id806696,2025-10-30,SavingsBank,Huff Robinson and Thompson,Grocery,7207,0,-7207,4,10,Thu,0
id375770,2025-10-30,Cash,Johnson Moreno and Gutierrez,Dinner,9507,0,-9507,4,10,Thu,0
id481036,2025-10-30,Cash,Wheeler LLC,Insurance,2764,0,-2764,4,10,Thu,0
id701758,2025-10-31,CreditCard,Moore Guerrero and Bradshaw,Dinner,5488,0,-5488,4,10,Fri,0
id186673,2025-10-31,CheckingAccount,Green-Scott,Fuel,442,0,-442,4,10,Fri,0
id854038,2025-10-31,SavingsBank,Salary,Salary,0,117750,117750,4,10,Fri,0
id570133,2025-10-31,SavingsBank,Warren Group,School,5884,0,-5884,4,10,Fri,0
id956209,2025-10-31,Cash,Bray Ltd,Books,120,0,-120,4,10,Fri,0
id971376,2025-10-31,CheckingAccount,Harris-Larson,House,1989,0,-1989,4,10,Fri,0
id188702,2025-11-01,CreditCard,Walters Zuniga and Guzman,Dinner,9695,0,-9695,4,11,Sat,0
id973682,2025-11-01,Cash,Conrad and Sons,Insurance,6146,0,-6146,4,11,Sat,0
id463673,2025-11-01,CheckingAccount,Ali-Garcia,Books,4191,0,-4191,4,11,Sat,0
id619376,2025-11-01,CreditCard,Bailey Rivera and Doyle,Investment,1053,0,-1053,4,11,Sat,1
id485662,2025-11-01,Cash,Neal-Ibarra,Fuel,9592,0,-9592,4,11,Sat,0
id988931,2025-11-01,CreditCard,Solomon Smith and Cook,Books,7784,0,-7784,4,11,Sat,0
id800437,2025-11-01,CreditCard,Dalton-Fox,Telephone,3241,0,-3241,4,11,Sat,0
id128972,2025-11-01,SavingsBank,Lane Inc,House,2474,0,-2474,4,11,Sat,0
id270691,2025-11-01,CheckingAccount,Walker PLC,House,433,0,-433,4,11,Sat,0
id411434,2025-11-01,CheckingAccount,Walls Group,Telephone,9890,0,-9890,4,11,Sat,0
id819542,2025-11-02,CreditCard,Mitchell Keller and Silva,Internet,8879,0,-8879,4,11,Sun,0
id140263,2025-11-02,Cash,Golden Ltd,Dinner,5603,0,-5603,4,11,Sun,0
id651194,2025-11-02,CreditCard,Swanson Wilson and Richards,Tax,4539,0,-4539,4,11,Sun,0
id811543,2025-11-02,CheckingAccount,Rodriguez and Sons,Telephone,2920,0,-2920,4,11,Sun,0
id555516,2025-11-02,Cash,Walton PLC,Dinner,6767,0,-6767,4,11,Sun,0
id238713,2025-11-02,Cash,Williams-Walker,Fuel,8002,0,-8002,4,11,Sun,0
id248609,2025-11-02,CheckingAccount,Nunez Wilson and Fisher,Internet,5934,0,-5934,4,11,Sun,0
id478475,2025-11-03,Cash,Jones-Smith,School,8974,0,-8974,4,11,Mon,0
id114972,2025-11-03,SavingsBank,Roberts Nunez and Ray,Tax,6977,0,-6977,4,11,Mon,0
id635115,2025-11-03,Cash,Mccormick-Thomas,School,6424,0,-6424,4,11,Mon,0
id292152,2025-11-03,CheckingAccount,Brown Ltd,Internet,3820,0,-3820,4,11,Mon,0
id462992,2025-11-04,Cash,Gordon Cunningham and Kline,Investment,9189,0,-9189,4,11,Tue,1
id382802,2025-11-04,CheckingAccount,Baker-Bailey,Internet,3831,0,-3831,4,11,Tue,0
id556909,2025-11-04,Cash,Perkins-Peterson,Telephone,1631,0,-1631,4,11,Tue,0
id759708,2025-11-04,Cash,Bass-Perez,Dinner,9074,0,-9074,4,11,Tue,0
id259985,2025-11-04,CreditCard,Stewart Group,Books,9797,0,-9797,4,11,Tue,0
id370446,2025-11-05,Cash,Donaldson and Sons,House,8166,0,-8166,4,11,Wed,0
id780633,2025-11-05,Cash,Martin Melton and Singleton,Tax,6388,0,-6388,4,11,Wed,0
id502742,2025-11-05,SavingsBank,Salary,Salary,0,72105,72105,4,11,Wed,0
id770634,2025-11-05,Cash,Chambers Deleon and Williams,Books,2088,0,-2088,4,11,Wed,0
id810318,2025-11-05,SavingsBank,Ware-Torres,Insurance,8900,0,-8900,4,11,Wed,0
id318352,2025-11-05,CreditCard,Santos Daniel and Clay,Dinner,9012,0,-9012,4,11,Wed,0
id550962,2025-11-06,CreditCard,Cleaning,Hire,2567,0,-2567,4,11,Thu,0
id573090,2025-11-06,CreditCard,Le Scott and Bartlett,Investment,2291,0,-2291,4,11,Thu,1
id870203,2025-11-06,SavingsBank,Cleaning,Hire,9415,0,-9415,4,11,Thu,0
id488496,2025-11-06,Cash,Sanchez Martin and Fields,Insurance,190,0,-190,4,11,Thu,0
id619296,2025-11-06,CreditCard,Harris Boyd and Gibson,School,8599,0,-8599,4,11,Thu,0
id242294,2025-11-06,Cash,Morrison and Sons,Insurance,4284,0,-4284,4,11,Thu,0
id334585,2025-11-06,Cash,Clay-Fernandez,Telephone,5840,0,-5840,4,11,Thu,0
id274782,2025-11-06,SavingsBank,Hill Group,Grocery,6728,0,-6728,4,11,Thu,0
id255637,2025-11-07,CheckingAccount,Mcintyre Cook and Wright,School,4417,0,-4417,4,11,Fri,0
id644557,2025-11-07,CreditCard,Zuniga Savage and Mills,Internet,9785,0,-9785,4,11,Fri,0
id199038,2025-11-07,CheckingAccount,Neal LLC,Investment,4875,0,-4875,4,11,Fri,1
id764326,2025-11-07,Cash,Bell-Keller,Tax,7656,0,-7656,4,11,Fri,0
id572542,2025-11-07,Cash,Morris-Barnett,Tax,2929,0,-2929,4,11,Fri,0
id892378,2025-11-07,Cash,Cleaning,Hire,4007,0,-4007,4,11,Fri,0
id591787,2025-11-08,CreditCard,Noble Daniels and King,House,203,0,-203,4,11,Sat,0
id145884,2025-11-08,CreditCard,Reynolds Silva and Elliott,School,396,0,-396,4,11,Sat,0
id745903,2025-11-08,SavingsBank,Interest,Interest,0,5142,5142,4,11,Sat,0
id865792,2025-11-08,CreditCard,White Group,Books,1038,0,-1038,4,11,Sat,0
id783450,2025-11-09,SavingsBank,Brown Gonzalez and Mccoy,Insurance,9480,0,-9480,4,11,Sun,0
id573242,2025-11-09,Cash,Cooper LLC,School,5607,0,-5607,4,11,Sun,0
id951308,2025-11-09,Cash,Thompson Fisher and Brown,Fuel,1535,0,-1535,4,11,Sun,0
id394801,2025-11-09,Cash,Coleman Marshall and Arnold,Investment,9615,0,-9615,4,11,Sun,1
id666492,2025-11-09,CheckingAccount,Miller Garcia and Santos,Dinner,3611,0,-3611,4,11,Sun,0
id744994,2025-11-10,Cash,Banks Shelton and Miller,Investment,5268,0,-5268,4,11,Mon,1
id389655,2025-11-10,Cash,Brown and Sons,Telephone,5617,0,-5617,4,11,Mon,0
id750691,2025-11-10,Cash,Schwartz Ltd,Fuel,8173,0,-8173,4,11,Mon,0
id316836,2025-11-10,CheckingAccount,Price-Robinson,School,2527,0,-2527,4,11,Mon,0
id765027,2025-11-10,CreditCard,Manning Mckay and Brewer,Books,4948,0,-4948,4,11,Mon,0
id638454,2025-11-10,CreditCard,Johnson Boyd and Garza,Tax,2149,0,-2149,4,11,Mon,0
id567054,2025-11-10,CheckingAccount,Nielsen-Ross,Insurance,7499,0,-7499,4,11,Mon,0
id707356,2025-11-10,CheckingAccount,Ramirez-White,Books,1125,0,-1125,4,11,Mon,0
id771778,2025-11-10,CreditCard,Jones Inc,Books,4244,0,-4244,4,11,Mon,0
id734146,2025-11-10,CreditCard,Moody Ltd,Grocery,7635,0,-7635,4,11,Mon,0
id436485,2025-11-10,SavingsBank,Dividend,Dividend,0,9839,9839,4,11,Mon,0
id537459,2025-11-11,SavingsBank,Meyer Group,House,981,0,-981,4,11,Tue,0
id932784,2025-11-11,CreditCard,Parker Montoya and Thompson,Dinner,4387,0,-4387,4,11,Tue,0
id473581,2025-11-11,CreditCard,Jones LLC,Fuel,6214,0,-6214,4,11,Tue,0
id433104,2025-11-11,CreditCard,Oconnor-Hernandez,Internet,9817,0,-9817,4,11,Tue,0
id974123,2025-11-12,Cash,Joseph Ltd,House,6355,0,-6355,4,11,Wed,0
id998608,2025-11-12,Cash,Shelton Wright and Gallagher,Telephone,2064,0,-2064,4,11,Wed,0
id208434,2025-11-12,Cash,Jennings Miller and Gonzalez,Investment,3702,0,-3702,4,11,Wed,1
id448654,2025-11-12,CheckingAccount,Aguilar Bauer and Keller,Investment,7021,0,-7021,4,11,Wed,1
id199706,2025-11-13,Cash,Smith Grant and Lynch,Grocery,3175,0,-3175,4,11,Thu,0
id309226,2025-11-13,CheckingAccount,Taylor LLC,House,8010,0,-8010,4,11,Thu,0
id495252,2025-11-13,CreditCard,Brown and Sons,Insurance,6424,0,-6424,4,11,Thu,0
id583397,2025-11-13,Cash,Mcbride Murphy and Mitchell,Telephone,7680,0,-7680,4,11,Thu,0
id611583,2025-11-13,SavingsBank,Jenkins-Williams,House,7129,0,-7129,4,11,Thu,0
id210148,2025-11-13,Cash,Webster-Gardner,Insurance,8523,0,-8523,4,11,Thu,0
id911205,2025-11-13,SavingsBank,Finley LLC,Grocery,4724,0,-4724,4,11,Thu,0
id713339,2025-11-13,Cash,Bowen Inc,Telephone,1544,0,-1544,4,11,Thu,0
id169552,2025-11-13,Cash,Cab,Hire,9961,0,-9961,4,11,Thu,0
id456539,2025-11-13,Cash,Leonard Hamilton and Grant,House,8534,0,-8534,4,11,Thu,0
id325945,2025-11-14,Cash,Cleaning,Hire,2663,0,-2663,4,11,Fri,0
id821509,2025-11-14,SavingsBank,Conley Inc,Dinner,5492,0,-5492,4,11,Fri,0
id786913,2025-11-14,SavingsBank,Alvarado LLC,Investment,555,0,-555,4,11,Fri,1
id490940,2025-11-14,Cash,Robertson Davis and Harmon,House,3085,0,-3085,4,11,Fri,0
id838804,2025-11-14,Cash,Pearson Fernandez and Mcclain,Fuel,340,0,-340,4,11,Fri,0
id972816,2025-11-15,CheckingAccount,Brown Fitzgerald and Allen,Grocery,1375,0,-1375,4,11,Sat,0
id304047,2025-11-15,CheckingAccount,Torres James and Wilson,Tax,5840,0,-5840,4,11,Sat,0
id449363,2025-11-15,Cash,Vang Simmons and Miller,Grocery,2530,0,-2530,4,11,Sat,0
id928636,2025-11-15,CreditCard,Martinez Carson and Vaughan,Fuel,5560,0,-5560,4,11,Sat,0
id985652,2025-11-15,SavingsBank,Dividend,Dividend,0,1883,1883,4,11,Sat,0
id854816,2025-11-15,SavingsBank,Salary,Salary,0,50595,50595,4,11,Sat,0
id687845,2025-11-16,Cash,Johnson Romero and Torres,Telephone,2520,0,-2520,4,11,Sun,0
id174403,2025-11-16,Cash,Holmes-Mclean,Grocery,4653,0,-4653,4,11,Sun,0
id464539,2025-11-16,SavingsBank,Baker Group,Grocery,9808,0,-9808,4,11,Sun,0
id701127,2025-11-16,Cash,Hogan PLC,Telephone,9770,0,-9770,4,11,Sun,0
id445727,2025-11-16,CheckingAccount,Brown Group,School,2347,0,-2347,4,11,Sun,0
id210786,2025-11-16,CreditCard,Meadows-Garrison,School,9625,0,-9625,4,11,Sun,0
id124684,2025-11-16,CheckingAccount,Jordan Snyder and Frost,Books,484,0,-484,4,11,Sun,0
id600600,2025-11-16,Cash,Morton Mcgrath and Raymond,Insurance,7697,0,-7697,4,11,Sun,0
id871966,2025-11-16,SavingsBank,Clay Barrett and Martin,Fuel,7697,0,-7697,4,11,Sun,0
id916316,2025-11-16,CheckingAccount,Cunningham Taylor and Solis,Investment,9175,0,-9175,4,11,Sun,1
id791903,2025-11-16,Cash,Reyes Inc,Telephone,2994,0,-2994,4,11,Sun,0
id252269,2025-11-17,SavingsBank,Dividend,Dividend,0,6801,6801,4,11,Mon,0
id512674,2025-11-17,Cash,Lynch-Russell,Books,3714,0,-3714,4,11,Mon,0
id520383,2025-11-17,CreditCard,Cab,Hire,7565,0,-7565,4,11,Mon,0
id438962,2025-11-17,CheckingAccount,Sanchez and Sons,Internet,2276,0,-2276,4,11,Mon,0
id595804,2025-11-17,CheckingAccount,Torres LLC,Books,1910,0,-1910,4,11,Mon,0
id855606,2025-11-17,CreditCard,Meyers Inc,Internet,7451,0,-7451,4,11,Mon,0
id957950,2025-11-17,CreditCard,Perry Brown and Reyes,House,961,0,-961,4,11,Mon,0
id851127,2025-11-18,CreditCard,Driver,Hire,7631,0,-7631,4,11,Tue,0
id394028,2025-11-18,SavingsBank,Interest,Interest,0,8615,8615,4,11,Tue,0
id837874,2025-11-18,CheckingAccount,Morrison Ramos and Hernandez,Tax,4393,0,-4393,4,11,Tue,0
id765814,2025-11-18,CreditCard,Young Ltd,House,8985,0,-8985,4,11,Tue,0
id892240,2025-11-18,CheckingAccount,Wang Inc,Tax,3463,0,-3463,4,11,Tue,0
id164093,2025-11-19,Cash,Schmidt-Mcconnell,Fuel,6354,0,-6354,4,11,Wed,0
id482646,2025-11-19,CheckingAccount,Lowery-Hensley,Investment,4552,0,-4552,4,11,Wed,1
id975609,2025-11-20,SavingsBank,Wilson Ltd,Grocery,9951,0,-9951,4,11,Thu,0
id722293,2025-11-20,CheckingAccount,Jones-Harris,Tax,418,0,-418,4,11,Thu,0
id656798,2025-11-20,CheckingAccount,Taylor PLC,Books,4540,0,-4540,4,11,Thu,0
id498282,2025-11-21,SavingsBank,Cleaning,Hire,1976,0,-1976,4,11,Fri,0
id581732,2025-11-21,Cash,Ortiz and Sons,Tax,5965,0,-5965,4,11,Fri,0
id506944,2025-11-21,CreditCard,Driver,Hire,3478,0,-3478,4,11,Fri,0
id326678,2025-11-21,CreditCard,Burton-Ford,Insurance,984,0,-984,4,11,Fri,0
id441639,2025-11-21,CreditCard,Morrow-Turner,Fuel,3861,0,-3861,4,11,Fri,0
id345198,2025-11-21,SavingsBank,Salary,Salary,0,37125,37125,4,11,Fri,0
id371060,2025-11-21,CreditCard,Jordan-Wheeler,Dinner,6167,0,-6167,4,11,Fri,0
id749220,2025-11-21,CreditCard,Cab,Hire,5083,0,-5083,4,11,Fri,0
id265154,2025-11-22,SavingsBank,Powers Ltd,Internet,3494,0,-3494,4,11,Sat,0
id755076,2025-11-22,SavingsBank,Salary,Salary,0,142440,142440,4,11,Sat,0
id527054,2025-11-22,Cash,Harmon PLC,Dinner,930,0,-930,4,11,Sat,0
id866166,2025-11-22,CheckingAccount,Cab,Hire,9712,0,-9712,4,11,Sat,0
id702083,2025-11-22,SavingsBank,Mendoza and Sons,Internet,2686,0,-2686,4,11,Sat,0
id299171,2025-11-22,CheckingAccount,Potter Flynn and Martinez,Investment,6893,0,-6893,4,11,Sat,1
id197063,2025-11-22,CheckingAccount,Robertson Anderson and Anderson,Telephone,1650,0,-1650,4,11,Sat,0
id756796,2025-11-22,CreditCard,Jones Johnston and Rogers,Telephone,7273,0,-7273,4,11,Sat,0
id763950,2025-11-22,Cash,Fitzpatrick-Roberts,School,5055,0,-5055,4,11,Sat,0
id370210,2025-11-22,SavingsBank,Blake Thompson and Lam,Investment,1256,0,-1256,4,11,Sat,1
id112662,2025-11-22,CreditCard,Perez Group,Dinner,2099,0,-2099,4,11,Sat,0
id741086,2025-11-23,CheckingAccount,Carlson Ltd,Telephone,1278,0,-1278,4,11,Sun,0
id788656,2025-11-23,CreditCard,Driver,Hire,7653,0,-7653,4,11,Sun,0
id461278,2025-11-23,Cash,Bishop-Fuller,Fuel,4488,0,-4488,4,11,Sun,0
id935061,2025-11-23,Cash,Accountant,Hire,6394,0,-6394,4,11,Sun,0
id735362,2025-11-23,CheckingAccount,Taylor King and Frank,Books,5650,0,-5650,4,11,Sun,0
id927028,2025-11-24,SavingsBank,Salary,Salary,0,145665,145665,4,11,Mon,0
id768397,2025-11-24,Cash,Thomas-Brown,House,1766,0,-1766,4,11,Mon,0
id369381,2025-11-24,SavingsBank,Quinn Butler and Hernandez,Insurance,8164,0,-8164,4,11,Mon,0
id246611,2025-11-24,SavingsBank,Brandt-Dunn,Books,2594,0,-2594,4,11,Mon,0
id479347,2025-11-25,CreditCard,Crawford Morris and Carter,Grocery,7629,0,-7629,4,11,Tue,0
id804066,2025-11-25,SavingsBank,Roth Inc,Fuel,1546,0,-1546,4,11,Tue,0
id933000,2025-11-25,CreditCard,Burke PLC,Telephone,6223,0,-6223,4,11,Tue,0
id356070,2025-11-25,SavingsBank,Dividend,Dividend,0,8960,8960,4,11,Tue,0
id508854,2025-11-25,SavingsBank,Wallace Group,House,8642,0,-8642,4,11,Tue,0
id127138,2025-11-25,Cash,Anderson LLC,Grocery,1380,0,-1380,4,11,Tue,0
id647819,2025-11-25,CreditCard,Mcdaniel-Mann,Telephone,5284,0,-5284,4,11,Tue,0
id340468,2025-11-25,CreditCard,Cooper-Williams,Insurance,8572,0,-8572,4,11,Tue,0
id690926,2025-11-25,Cash,Donaldson Garrett and Bowen,Tax,8605,0,-8605,4,11,Tue,0
id220295,2025-11-25,Cash,Taylor-Davis,House,8887,0,-8887,4,11,Tue,0
id377507,2025-11-26,Cash,Aguilar-Young,Investment,5833,0,-5833,4,11,Wed,1
id712187,2025-11-26,SavingsBank,Davis LLC,House,7284,0,-7284,4,11,Wed,0
id733356,2025-11-26,Cash,Irwin James and Lewis,Grocery,638,0,-638,4,11,Wed,0
id944764,2025-11-26,CreditCard,Russell and Sons,Grocery,4874,0,-4874,4,11,Wed,0
id576655,2025-11-26,CheckingAccount,Robinson PLC,Dinner,6802,0,-6802,4,11,Wed,0
id432039,2025-11-26,CreditCard,Ramirez Group,Insurance,2325,0,-2325,4,11,Wed,0
id845943,2025-11-26,CreditCard,Herring PLC,Grocery,1912,0,-1912,4,11,Wed,0
id460550,2025-11-26,Cash,Neal and Sons,Grocery,7324,0,-7324,4,11,Wed,0
id270391,2025-11-27,SavingsBank,Morgan Sellers and Colon,Grocery,6452,0,-6452,4,11,Thu,0
id839969,2025-11-27,CreditCard,Weeks Miller and Roberts,Investment,5863,0,-5863,4,11,Thu,1
id496202,2025-11-27,CreditCard,Oconnor-Baker,Internet,9485,0,-9485,4,11,Thu,0
id265839,2025-11-27,CreditCard,Torres PLC,Fuel,6465,0,-6465,4,11,Thu,0
id681321,2025-11-28,SavingsBank,Taylor-Andrade,School,5793,0,-5793,4,11,Fri,0
id217941,2025-11-28,Cash,Pham French and Martinez,Telephone,7573,0,-7573,4,11,Fri,0
id580764,2025-11-28,SavingsBank,Taylor-Johnson,Internet,8185,0,-8185,4,11,Fri,0
id228407,2025-11-28,SavingsBank,Dividend,Dividend,0,482,482,4,11,Fri,0
id847821,2025-11-28,CheckingAccount,Accountant,Hire,9674,0,-9674,4,11,Fri,0
id499035,2025-11-29,SavingsBank,Vance Townsend and Day,Insurance,7295,0,-7295,4,11,Sat,0
id992075,2025-11-29,CreditCard,Hill-Moore,House,7847,0,-7847,4,11,Sat,0
id778468,2025-11-29,CreditCard,Miranda Cherry and Hall,Telephone,6578,0,-6578,4,11,Sat,0
id158090,2025-11-29,CheckingAccount,Snyder Flowers and Martinez,Dinner,2663,0,-2663,4,11,Sat,0
id218889,2025-11-29,SavingsBank,Salary,Salary,0,34320,34320,4,11,Sat,0
id748671,2025-11-29,CheckingAccount,Murphy Group,House,8140,0,-8140,4,11,Sat,0
id276131,2025-11-29,CreditCard,Hess Melendez and Thompson,House,3132,0,-3132,4,11,Sat,0
id599529,2025-11-29,CreditCard,Cab,Hire,6904,0,-6904,4,11,Sat,0
id433238,2025-11-29,CreditCard,Castro Ltd,Dinner,4601,0,-4601,4,11,Sat,0
id477572,2025-11-29,Cash,Garcia Hurst and Harrell,Internet,265,0,-265,4,11,Sat,0
id280375,2025-11-30,CreditCard,Weaver Morgan and Tran,Investment,9153,0,-9153,4,11,Sun,1
id602806,2025-11-30,CheckingAccount,Moreno-Roberts,Dinner,2583,0,-2583,4,11,Sun,0
id295688,2025-11-30,CheckingAccount,Nguyen-Morgan,Investment,1841,0,-1841,4,11,Sun,1
id264854,2025-11-30,SavingsBank,Dividend,Dividend,0,8626,8626,4,11,Sun,0
id486314,2025-12-01,SavingsBank,Cortez-Juarez,Dinner,6173,0,-6173,4,12,Mon,0
id830448,2025-12-01,CheckingAccount,Wheeler Calhoun and Doyle,Tax,8535,0,-8535,4,12,Mon,0
id683777,2025-12-01,Cash,Martin Ltd,School,9449,0,-9449,4,12,Mon,0
id663822,2025-12-01,CreditCard,Collins-Fitzgerald,House,5677,0,-5677,4,12,Mon,0
id229441,2025-12-01,SavingsBank,Thomas Ltd,Investment,7712,0,-7712,4,12,Mon,1
id549831,2025-12-01,CheckingAccount,Harvey-Garner,Investment,3221,0,-3221,4,12,Mon,1
id385822,2025-12-01,SavingsBank,Carter Wilkinson and Fischer,Tax,700,0,-700,4,12,Mon,0
id640279,2025-12-01,CheckingAccount,Accountant,Hire,2938,0,-2938,4,12,Mon,0
id283948,2025-12-01,CheckingAccount,Norman Group,Telephone,4776,0,-4776,4,12,Mon,0
id987238,2025-12-01,CreditCard,Rojas and Sons,Fuel,6458,0,-6458,4,12,Mon,0
id830147,2025-12-02,CheckingAccount,Jones Schultz and Craig,School,7351,0,-7351,4,12,Tue,0
id167492,2025-12-02,CheckingAccount,Cleaning,Hire,1414,0,-1414,4,12,Tue,0
id271601,2025-12-02,CreditCard,Cortez Maldonado and Gomez,House,5397,0,-5397,4,12,Tue,0
id853522,2025-12-02,CreditCard,Vaughn and Sons,Fuel,5510,0,-5510,4,12,Tue,0
id167012,2025-12-02,Cash,Cab,Hire,2432,0,-2432,4,12,Tue,0
id299099,2025-12-03,Cash,Perkins PLC,Books,9335,0,-9335,4,12,Wed,0
id150873,2025-12-03,Cash,Swanson-Larson,Fuel,8414,0,-8414,4,12,Wed,0
id880123,2025-12-03,SavingsBank,Salary,Salary,0,36585,36585,4,12,Wed,0
id191927,2025-12-03,CheckingAccount,Gray and Sons,Dinner,4337,0,-4337,4,12,Wed,0
id761514,2025-12-03,Cash,Cleaning,Hire,8278,0,-8278,4,12,Wed,0
id857694,2025-12-04,CreditCard,Bradford LLC,Investment,5061,0,-5061,4,12,Thu,1
id153069,2025-12-04,SavingsBank,Gill-Reed,School,864,0,-864,4,12,Thu,0
id315823,2025-12-04,CreditCard,Accountant,Hire,2878,0,-2878,4,12,Thu,0
id961054,2025-12-04,Cash,Parrish-Henderson,Dinner,479,0,-479,4,12,Thu,0
id765918,2025-12-04,CreditCard,Abbott Ltd,Telephone,5631,0,-5631,4,12,Thu,0
id221763,2025-12-05,CreditCard,Harris Chan and Allen,School,2276,0,-2276,4,12,Fri,0
id236048,2025-12-05,SavingsBank,Harris Esparza and Ryan,Grocery,3514,0,-3514,4,12,Fri,0
id255466,2025-12-05,CreditCard,Miller-Ford,Telephone,6892,0,-6892,4,12,Fri,0
id917064,2025-12-05,CheckingAccount,Krause-Moses,Fuel,6642,0,-6642,4,12,Fri,0
id558332,2025-12-05,CreditCard,Robinson-Wells,Insurance,4729,0,-4729,4,12,Fri,0
id814627,2025-12-05,Cash,Elliott-Smith,Books,4364,0,-4364,4,12,Fri,0
id873194,2025-12-05,CheckingAccount,Shaw-Garcia,Tax,9795,0,-9795,4,12,Fri,0
id526354,2025-12-05,CreditCard,Logan Little and Lynch,Tax,6567,0,-6567,4,12,Fri,0
id222758,2025-12-06,CheckingAccount,Jones Hamilton and Bernard,Fuel,616,0,-616,4,12,Sat,0
id585928,2025-12-06,CreditCard,Hancock-Hunt,Grocery,1382,0,-1382,4,12,Sat,0
id970067,2025-12-06,CheckingAccount,Driver,Hire,9977,0,-9977,4,12,Sat,0
id396209,2025-12-06,SavingsBank,Russell-Turner,Tax,1394,0,-1394,4,12,Sat,0
id379144,2025-12-06,CreditCard,Cleaning,Hire,6877,0,-6877,4,12,Sat,0
id924227,2025-12-06,CreditCard,Carr Williams and Moore,Telephone,5586,0,-5586,4,12,Sat,0
id690443,2025-12-06,CreditCard,Webster Ltd,Grocery,1207,0,-1207,4,12,Sat,0
id983578,2025-12-06,CheckingAccount,Medina Group,Tax,9139,0,-9139,4,12,Sat,0
id736948,2025-12-06,Cash,Mckinney Ltd,Tax,6494,0,-6494,4,12,Sat,0
id450533,2025-12-06,SavingsBank,Perkins Garner and Malone,Investment,1190,0,-1190,4,12,Sat,1
id510902,2025-12-06,CreditCard,Stewart and Sons,Telephone,3883,0,-3883,4,12,Sat,0
id495997,2025-12-07,CheckingAccount,Henderson-Clarke,Grocery,2288,0,-2288,4,12,Sun,0
id925148,2025-12-07,SavingsBank,Caldwell-Dominguez,Fuel,5452,0,-5452,4,12,Sun,0
id644806,2025-12-07,CheckingAccount,Chavez Dixon and Simpson,Investment,4162,0,-4162,4,12,Sun,1
id647653,2025-12-07,SavingsBank,Walker LLC,Investment,2109,0,-2109,4,12,Sun,1
id601059,2025-12-07,CreditCard,Long Quinn and Roman,Insurance,1376,0,-1376,4,12,Sun,0
id232454,2025-12-07,CreditCard,Gibson PLC,Insurance,7297,0,-7297,4,12,Sun,0
id862957,2025-12-07,CheckingAccount,Roth-Woodward,Telephone,4245,0,-4245,4,12,Sun,0
id194837,2025-12-07,CreditCard,Williams Harris and Ramirez,Insurance,9830,0,-9830,4,12,Sun,0
id370932,2025-12-07,CheckingAccount,Sanchez Strong and Hall,Telephone,9246,0,-9246,4,12,Sun,0
id276538,2025-12-08,CreditCard,Phillips Baker and Smith,Books,896,0,-896,4,12,Mon,0
id518289,2025-12-08,CreditCard,Young Inc,School,2036,0,-2036,4,12,Mon,0
id846120,2025-12-08,SavingsBank,Lawrence Jones and Moreno,Internet,5517,0,-5517,4,12,Mon,0
id883858,2025-12-08,Cash,Cantu Ltd,School,7199,0,-7199,4,12,Mon,0
id179457,2025-12-08,CreditCard,Porter and Sons,Books,9646,0,-9646,4,12,Mon,0
id587712,2025-12-08,SavingsBank,Gonzalez Owen and York,Books,5290,0,-5290,4,12,Mon,0
id213976,2025-12-09,SavingsBank,Lee-Adams,Dinner,3635,0,-3635,4,12,Tue,0
id663147,2025-12-09,CreditCard,Miller Reese and Bryant,House,9389,0,-9389,4,12,Tue,0
id310521,2025-12-09,Cash,Garza Inc,Tax,369,0,-369,4,12,Tue,0
id883256,2025-12-09,SavingsBank,Williams Jacobson and Carr,Books,9034,0,-9034,4,12,Tue,0
id264332,2025-12-09,CheckingAccount,Ford LLC,Books,5111,0,-5111,4,12,Tue,0
id329646,2025-12-09,SavingsBank,Williams Ltd,Books,7534,0,-7534,4,12,Tue,0
id867442,2025-12-09,CreditCard,Robertson-Griffin,House,779,0,-779,4,12,Tue,0
id955054,2025-12-09,SavingsBank,Harrison Inc,House,7406,0,-7406,4,12,Tue,0
id770385,2025-12-10,CreditCard,Marks Tran and Robertson,Fuel,3742,0,-3742,4,12,Wed,0
id751238,2025-12-10,CreditCard,Pearson Inc,Investment,1395,0,-1395,4,12,Wed,1
id457347,2025-12-10,CreditCard,Blair Ltd,Tax,8717,0,-8717,4,12,Wed,0
id656129,2025-12-10,Cash,Hickman-Marquez,Tax,242,0,-242,4,12,Wed,0
id679365,2025-12-10,CreditCard,Mccann Brown and Rowe,School,2777,0,-2777,4,12,Wed,0
id811641,2025-12-10,CreditCard,Harvey LLC,Insurance,8486,0,-8486,4,12,Wed,0
id363365,2025-12-10,SavingsBank,Dickerson PLC,House,711,0,-711,4,12,Wed,0
id764331,2025-12-11,CreditCard,Ramirez LLC,Grocery,5920,0,-5920,4,12,Thu,0
id158359,2025-12-11,SavingsBank,Villanueva LLC,Internet,5493,0,-5493,4,12,Thu,0
id930645,2025-12-11,Cash,Gallegos and Sons,Insurance,5155,0,-5155,4,12,Thu,0
id297914,2025-12-11,CreditCard,Brown-Chavez,Grocery,299,0,-299,4,12,Thu,0
id130638,2025-12-11,Cash,Walters Russell and Smith,Grocery,9061,0,-9061,4,12,Thu,0
id306280,2025-12-11,CreditCard,Huffman LLC,Tax,8128,0,-8128,4,12,Thu,0
id592770,2025-12-12,SavingsBank,Ramos Ltd,Dinner,2698,0,-2698,4,12,Fri,0
id872837,2025-12-12,CheckingAccount,Key Group,Grocery,7522,0,-7522,4,12,Fri,0
id520317,2025-12-12,SavingsBank,Salary,Salary,0,120570,120570,4,12,Fri,0
id772270,2025-12-12,CheckingAccount,Moore PLC,School,2263,0,-2263,4,12,Fri,0
id206720,2025-12-12,CreditCard,Driver,Hire,5551,0,-5551,4,12,Fri,0
id718965,2025-12-12,CreditCard,Driver,Hire,8591,0,-8591,4,12,Fri,0
id829548,2025-12-12,SavingsBank,Torres Bailey and Williams,Fuel,2201,0,-2201,4,12,Fri,0
id937892,2025-12-12,CheckingAccount,Matthews-Reed,Telephone,171,0,-171,4,12,Fri,0
id865604,2025-12-12,CreditCard,Robertson Inc,Books,2721,0,-2721,4,12,Fri,0
id691062,2025-12-12,CheckingAccount,Wood Santiago and Robertson,School,6941,0,-6941,4,12,Fri,0
id753559,2025-12-12,SavingsBank,Howell Ltd,Books,3749,0,-3749,4,12,Fri,0
id902978,2025-12-12,Cash,Padilla and Sons,Telephone,4040,0,-4040,4,12,Fri,0
id996424,2025-12-12,CreditCard,Stuart-Chavez,Investment,7515,0,-7515,4,12,Fri,1
id652283,2025-12-13,CheckingAccount,Accountant,Hire,4184,0,-4184,4,12,Sat,0
id677903,2025-12-13,CreditCard,Gray LLC,Grocery,8002,0,-8002,4,12,Sat,0
id259972,2025-12-13,SavingsBank,Russell Carrillo and Wright,Dinner,2264,0,-2264,4,12,Sat,0
id578155,2025-12-13,SavingsBank,Accountant,Hire,9175,0,-9175,4,12,Sat,0
id364120,2025-12-13,CreditCard,Morris-Wilson,Dinner,5750,0,-5750,4,12,Sat,0
id240418,2025-12-13,CreditCard,Richmond Pearson and Stone,Tax,1501,0,-1501,4,12,Sat,0
id160789,2025-12-13,Cash,David Jackson and Jackson,Investment,7401,0,-7401,4,12,Sat,1
id601619,2025-12-13,SavingsBank,Watts PLC,Grocery,3338,0,-3338,4,12,Sat,0
id754242,2025-12-13,CreditCard,Hubbard Herrera and Morgan,Books,4464,0,-4464,4,12,Sat,0
id805070,2025-12-13,SavingsBank,Mcdonald Simpson and Williams,Fuel,7167,0,-7167,4,12,Sat,0
id463230,2025-12-14,Cash,Lawson-Hudson,Grocery,9054,0,-9054,4,12,Sun,0
id509992,2025-12-14,CheckingAccount,Valdez Castro and Hicks,Grocery,9145,0,-9145,4,12,Sun,0
id358816,2025-12-14,CheckingAccount,Morgan Inc,Grocery,9057,0,-9057,4,12,Sun,0
id661413,2025-12-14,CreditCard,Burnett Newton and Pope,School,3432,0,-3432,4,12,Sun,0
id142648,2025-12-14,SavingsBank,Cab,Hire,7339,0,-7339,4,12,Sun,0
id696786,2025-12-14,Cash,Cuevas Group,Insurance,1892,0,-1892,4,12,Sun,0
id165005,2025-12-14,Cash,Roberson-Miller,Internet,3746,0,-3746,4,12,Sun,0
id917556,2025-12-15,CheckingAccount,Smith-Gregory,Investment,8469,0,-8469,4,12,Mon,1
id367923,2025-12-15,Cash,Holmes-Smith,Grocery,4281,0,-4281,4,12,Mon,0
id376189,2025-12-15,Cash,Cleaning,Hire,548,0,-548,4,12,Mon,0
id973805,2025-12-15,Cash,Clark PLC,Internet,3173,0,-3173,4,12,Mon,0
id952876,2025-12-15,Cash,Accountant,Hire,1622,0,-1622,4,12,Mon,0
id994551,2025-12-15,SavingsBank,Salary,Salary,0,59325,59325,4,12,Mon,0
id744627,2025-12-15,SavingsBank,Smith Brown and Conley,Insurance,8937,0,-8937,4,12,Mon,0
id635905,2025-12-15,CreditCard,Cab,Hire,1387,0,-1387,4,12,Mon,0
id946277,2025-12-15,SavingsBank,Dividend,Dividend,0,5094,5094,4,12,Mon,0
id714163,2025-12-16,Cash,Baker-Wright,Investment,7866,0,-7866,4,12,Tue,1
id378277,2025-12-16,CreditCard,Stokes Goodwin and Butler,Telephone,4435,0,-4435,4,12,Tue,0
id381126,2025-12-16,SavingsBank,Cox Sandoval and Montgomery,Telephone,9976,0,-9976,4,12,Tue,0
id378008,2025-12-16,Cash,Salinas Scott and Smith,Investment,398,0,-398,4,12,Tue,1
id975770,2025-12-16,CreditCard,Richardson Henderson and Morales,Internet,3762,0,-3762,4,12,Tue,0
id418550,2025-12-16,SavingsBank,Walker Li and Evans,Insurance,1150,0,-1150,4,12,Tue,0
id497087,2025-12-16,CreditCard,Horton Blackwell and Davis,Dinner,3708,0,-3708,4,12,Tue,0
id573581,2025-12-17,Cash,Lawson Group,Fuel,6611,0,-6611,4,12,Wed,0
id268112,2025-12-17,CheckingAccount,Krueger Lyons and Garcia,Books,8135,0,-8135,4,12,Wed,0
id629829,2025-12-17,CreditCard,Brown-Nelson,School,5206,0,-5206,4,12,Wed,0
id575339,2025-12-17,SavingsBank,Dividend,Dividend,0,8983,8983,4,12,Wed,0
id290142,2025-12-17,CreditCard,Douglas PLC,Insurance,8425,0,-8425,4,12,Wed,0
id880626,2025-12-17,Cash,Obrien Wiley and Cantu,Internet,1406,0,-1406,4,12,Wed,0
id179388,2025-12-17,SavingsBank,Rojas-Monroe,Books,4806,0,-4806,4,12,Wed,0
id947807,2025-12-17,SavingsBank,Dividend,Dividend,0,8046,8046,4,12,Wed,0
id783082,2025-12-17,Cash,Frazier Group,House,9675,0,-9675,4,12,Wed,0
id941355,2025-12-17,SavingsBank,Lyons Phelps and Delacruz,Grocery,5761,0,-5761,4,12,Wed,0
id242391,2025-12-18,CheckingAccount,Taylor Burgess and Miranda,Dinner,2039,0,-2039,4,12,Thu,0
id791984,2025-12-18,SavingsBank,Phillips Cole and Harris,Insurance,4168,0,-4168,4,12,Thu,0
id595453,2025-12-18,CreditCard,Martin-Hobbs,Books,5903,0,-5903,4,12,Thu,0
id864089,2025-12-18,SavingsBank,Interest,Interest,0,3150,3150,4,12,Thu,0
id953920,2025-12-18,CreditCard,Skinner Hamilton and Becker,Investment,6553,0,-6553,4,12,Thu,1
id605829,2025-12-18,CreditCard,Driver,Hire,4834,0,-4834,4,12,Thu,0
id735798,2025-12-18,CreditCard,Johnston Wagner and Haynes,Investment,9032,0,-9032,4,12,Thu,1
id915123,2025-12-18,CheckingAccount,Scott Group,Dinner,9502,0,-9502,4,12,Thu,0
id859010,2025-12-18,CheckingAccount,Solis LLC,School,7445,0,-7445,4,12,Thu,0
id424522,2025-12-18,CreditCard,Cab,Hire,7538,0,-7538,4,12,Thu,0
id396118,2025-12-18,Cash,Richardson-Dawson,Insurance,6444,0,-6444,4,12,Thu,0
id172594,2025-12-19,SavingsBank,Salary,Salary,0,32010,32010,4,12,Fri,0
id425315,2025-12-19,SavingsBank,Interest,Interest,0,4665,4665,4,12,Fri,0
id224371,2025-12-19,CheckingAccount,Garza Fuller and Lester,Books,5691,0,-5691,4,12,Fri,0
id315194,2025-12-19,CreditCard,Lopez Cummings and Golden,Insurance,7654,0,-7654,4,12,Fri,0
id483673,2025-12-19,SavingsBank,Dividend,Dividend,0,9298,9298,4,12,Fri,0
id887931,2025-12-19,CreditCard,Glenn PLC,Insurance,6340,0,-6340,4,12,Fri,0
id143428,2025-12-19,CheckingAccount,Williams-Gomez,Internet,4039,0,-4039,4,12,Fri,0
id751202,2025-12-19,SavingsBank,Salary,Salary,0,39090,39090,4,12,Fri,0
id623494,2025-12-20,CreditCard,Mora Inc,Fuel,7915,0,-7915,4,12,Sat,0
id974703,2025-12-20,Cash,Smith Inc,House,1365,0,-1365,4,12,Sat,0
id301841,2025-12-20,SavingsBank,Hubbard-Morse,Investment,9607,0,-9607,4,12,Sat,1
id400751,2025-12-20,CreditCard,Fisher Long and Jacobs,Internet,1927,0,-1927,4,12,Sat,0
id996892,2025-12-21,SavingsBank,Herrera Group,Dinner,9582,0,-9582,4,12,Sun,0
id353149,2025-12-21,CheckingAccount,Jones Carlson and Gonzalez,Insurance,7220,0,-7220,4,12,Sun,0
id774645,2025-12-21,Cash,Bell Burgess and Gonzalez,Insurance,8968,0,-8968,4,12,Sun,0
id131976,2025-12-21,CreditCard,George and Sons,Books,6094,0,-6094,4,12,Sun,0
id992188,2025-12-21,CheckingAccount,Watson and Sons,Telephone,7122,0,-7122,4,12,Sun,0
id501843,2025-12-21,Cash,Martinez Ltd,Grocery,9347,0,-9347,4,12,Sun,0
id995661,2025-12-21,CreditCard,Price Ltd,House,5276,0,-5276,4,12,Sun,0
id564919,2025-12-21,CreditCard,Accountant,Hire,5225,0,-5225,4,12,Sun,0
id696356,2025-12-21,Cash,Lawson-Gomez,Grocery,8956,0,-8956,4,12,Sun,0
id895030,2025-12-21,Cash,Hoffman Nelson and Mendoza,Tax,5918,0,-5918,4,12,Sun,0
id301778,2025-12-22,CheckingAccount,Anderson-Clark,Telephone,4389,0,-4389,4,12,Mon,0
id933369,2025-12-22,Cash,Baxter PLC,Telephone,2760,0,-2760,4,12,Mon,0
id471606,2025-12-22,SavingsBank,Ramirez Garza and Mathis,Insurance,9203,0,-9203,4,12,Mon,0
id517608,2025-12-22,SavingsBank,Payne-Stafford,Fuel,9840,0,-9840,4,12,Mon,0
id206919,2025-12-22,CheckingAccount,Sherman and Sons,Dinner,3307,0,-3307,4,12,Mon,0
id461007,2025-12-22,SavingsBank,Cervantes LLC,Grocery,7677,0,-7677,4,12,Mon,0
id976694,2025-12-22,Cash,Stokes Moreno and Nichols,Books,3786,0,-3786,4,12,Mon,0
id352590,2025-12-22,SavingsBank,Dividend,Dividend,0,7970,7970,4,12,Mon,0
id640558,2025-12-22,CheckingAccount,Carson Group,Dinner,7976,0,-7976,4,12,Mon,0
id218707,2025-12-22,SavingsBank,Erickson Group,Books,7306,0,-7306,4,12,Mon,0
id305559,2025-12-22,Cash,Velez PLC,School,9816,0,-9816,4,12,Mon,0
id240695,2025-12-22,CreditCard,Weber Wise and Miranda,Books,6552,0,-6552,4,12,Mon,0
id169537,2025-12-22,CheckingAccount,Silva Wood and Cook,Dinner,3776,0,-3776,4,12,Mon,0
id331643,2025-12-23,CheckingAccount,Mills-Rojas,School,2903,0,-2903,4,12,Tue,0
id302410,2025-12-23,Cash,Douglas Schneider and Vega,Internet,5915,0,-5915,4,12,Tue,0
id716491,2025-12-23,CreditCard,Montes Flores and Campbell,Internet,6077,0,-6077,4,12,Tue,0
id916021,2025-12-23,CheckingAccount,Castillo James and Jones,Tax,6371,0,-6371,4,12,Tue,0
id316667,2025-12-23,Cash,Johnson Ltd,Insurance,4971,0,-4971,4,12,Tue,0
id675820,2025-12-23,CheckingAccount,Hamilton Harper and Jackson,School,5383,0,-5383,4,12,Tue,0
id525502,2025-12-24,SavingsBank,Accountant,Hire,8652,0,-8652,4,12,Wed,0
id303219,2025-12-24,CreditCard,Marsh and Sons,Fuel,7940,0,-7940,4,12,Wed,0
id121784,2025-12-24,CreditCard,Hernandez Parrish and Carpenter,Investment,4719,0,-4719,4,12,Wed,1
id958177,2025-12-24,SavingsBank,Johnson-Myers,Insurance,9071,0,-9071,4,12,Wed,0
id547491,2025-12-24,CheckingAccount,Wilson and Sons,Dinner,7125,0,-7125,4,12,Wed,0
id869896,2025-12-24,CheckingAccount,Moses Group,Tax,1876,0,-1876,4,12,Wed,0
id686758,2025-12-25,CheckingAccount,Lynch-James,Grocery,4627,0,-4627,4,12,Thu,0
id878842,2025-12-25,Cash,Nguyen-Gibson,Internet,7893,0,-7893,4,12,Thu,0
id347484,2025-12-25,SavingsBank,Howard Ibarra and Peters,House,3938,0,-3938,4,12,Thu,0
id463256,2025-12-25,CreditCard,Ramsey-Smith,Books,6368,0,-6368,4,12,Thu,0
id781277,2025-12-25,CheckingAccount,Reynolds LLC,Books,1178,0,-1178,4,12,Thu,0
id457885,2025-12-25,SavingsBank,Dividend,Dividend,0,2874,2874,4,12,Thu,0
id705991,2025-12-25,SavingsBank,Interest,Interest,0,8309,8309,4,12,Thu,0
id819409,2025-12-25,SavingsBank,Murphy PLC,Dinner,4142,0,-4142,4,12,Thu,0
id725796,2025-12-25,CreditCard,Johnson Nixon and Benson,Dinner,8114,0,-8114,4,12,Thu,0
id440190,2025-12-26,CheckingAccount,Anderson Gonzalez and Thomas,House,1460,0,-1460,4,12,Fri,0
id871779,2025-12-26,CheckingAccount,Wise Russell and Baker,Dinner,430,0,-430,4,12,Fri,0
id954663,2025-12-26,CreditCard,Hart Miles and Brown,School,2615,0,-2615,4,12,Fri,0
id909029,2025-12-26,Cash,Johnson Group,House,8630,0,-8630,4,12,Fri,0
id485893,2025-12-26,CreditCard,Davidson Ltd,Internet,5353,0,-5353,4,12,Fri,0
id481601,2025-12-26,SavingsBank,Clark-Harper,Investment,4853,0,-4853,4,12,Fri,1
id203911,2025-12-26,CheckingAccount,Driver,Hire,7692,0,-7692,4,12,Fri,0
id556093,2025-12-26,CreditCard,Montgomery-Hopkins,Insurance,7043,0,-7043,4,12,Fri,0
id893587,2025-12-27,SavingsBank,Salary,Salary,0,48105,48105,4,12,Sat,0
id874241,2025-12-27,CheckingAccount,Ayers-Martinez,Investment,9282,0,-9282,4,12,Sat,1
id751535,2025-12-27,CreditCard,Fritz Johnson and Gonzalez,Dinner,6653,0,-6653,4,12,Sat,0
id273377,2025-12-27,SavingsBank,Miller Carter and Booth,Investment,9723,0,-9723,4,12,Sat,1
id659567,2025-12-28,CreditCard,Wall Inc,School,6254,0,-6254,4,12,Sun,0
id258917,2025-12-28,CheckingAccount,Phillips-Sosa,Insurance,6342,0,-6342,4,12,Sun,0
id457476,2025-12-28,Cash,Brown Ltd,Books,1742,0,-1742,4,12,Sun,0
id770497,2025-12-28,CreditCard,Camacho Ltd,Telephone,6479,0,-6479,4,12,Sun,0
id994574,2025-12-28,SavingsBank,Hicks-Copeland,Insurance,7686,0,-7686,4,12,Sun,0
id581011,2025-12-28,SavingsBank,Hall-Richardson,Investment,3108,0,-3108,4,12,Sun,1
id675316,2025-12-28,CreditCard,Sims-Kirby,School,4637,0,-4637,4,12,Sun,0
id797624,2025-12-29,Cash,Davis-Nichols,Internet,6676,0,-6676,4,12,Mon,0
id357978,2025-12-29,Cash,Anderson Ltd,Internet,2059,0,-2059,4,12,Mon,0
id803024,2025-12-29,CreditCard,Baker and Sons,Books,5912,0,-5912,4,12,Mon,0
id119666,2025-12-29,SavingsBank,Tyler Carr and Lane,Fuel,626,0,-626,4,12,Mon,0
id891269,2025-12-29,Cash,Morales and Sons,Fuel,4409,0,-4409,4,12,Mon,0
id635072,2025-12-30,CheckingAccount,Rich Inc,Books,8498,0,-8498,4,12,Tue,0
id380264,2025-12-31,CreditCard,Todd-Whitaker,House,7610,0,-7610,4,12,Wed,0
id693267,2025-12-31,Cash,Cook Yang and Ware,Dinner,8336,0,-8336,4,12,Wed,0
id651636,2025-12-31,CheckingAccount,Davis Park and Montgomery,Insurance,4960,0,-4960,4,12,Wed,0
id720439,2025-12-31,CreditCard,Norris Stone and Berger,Telephone,1414,0,-1414,4,12,Wed,0
id610762,2025-12-31,CheckingAccount,Miles PLC,Investment,8177,0,-8177,4,12,Wed,1
id606115,2025-12-31,CheckingAccount,Martin and Sons,Fuel,5593,0,-5593,4,12,Wed,0
id157983,2025-12-31,CheckingAccount,Hartman-Davis,School,4975,0,-4975,4,12,Wed,0
id364559,2025-12-31,SavingsBank,Rose-Kennedy,Investment,9419,0,-9419,4,12,Wed,1
id669432,2025-12-31,Cash,Crosby Reid and Kramer,Internet,1636,0,-1636,4,12,Wed,0
id662120,2025-12-31,CreditCard,Barry LLC,Internet,8765,0,-8765,4,12,Wed,0
id573446,2025-12-31,Cash,Le Owens and Wong,Grocery,6583,0,-6583,4,12,Wed,0
id928676,2026-01-01,SavingsBank,Interest,Interest,0,8917,8917,1,1,Thu,0
id505415,2026-01-01,CreditCard,Wong-Jackson,Grocery,7708,0,-7708,1,1,Thu,0
id570172,2026-01-01,Cash,Wright Wilson and Owens,Internet,6774,0,-6774,1,1,Thu,0
id470875,2026-01-01,Cash,Carson Ltd,Dinner,8398,0,-8398,1,1,Thu,0
id462425,2026-01-01,SavingsBank,Salary,Salary,0,117360,117360,1,1,Thu,0
id547822,2026-01-01,CreditCard,Deleon-Sanchez,Insurance,4104,0,-4104,1,1,Thu,0
id690912,2026-01-01,CreditCard,Chapman Calhoun and Hoffman,Books,4598,0,-4598,1,1,Thu,0
id244528,2026-01-02,SavingsBank,Dividend,Dividend,0,8369,8369,1,1,Fri,0
id674045,2026-01-02,Cash,Farmer PLC,Fuel,2022,0,-2022,1,1,Fri,0
id269375,2026-01-02,CreditCard,Baker Parsons and Parker,Investment,7464,0,-7464,1,1,Fri,1
id510502,2026-01-02,SavingsBank,Lopez Jackson and Brown,Investment,2365,0,-2365,1,1,Fri,1
id641810,2026-01-02,Cash,Rios Bean and Patterson,Dinner,5180,0,-5180,1,1,Fri,0
id293559,2026-01-02,SavingsBank,Jimenez-Escobar,Books,3471,0,-3471,1,1,Fri,0
id620032,2026-01-02,CheckingAccount,Hansen and Sons,Internet,8389,0,-8389,1,1,Fri,0
id345947,2026-01-02,SavingsBank,Dividend,Dividend,0,4045,4045,1,1,Fri,0
id750786,2026-01-03,CheckingAccount,Floyd Odom and Dorsey,Grocery,336,0,-336,1,1,Sat,0
id135619,2026-01-03,CreditCard,Berg Lopez and Cervantes,Books,2790,0,-2790,1,1,Sat,0
id798976,2026-01-03,CheckingAccount,Green-Glover,Telephone,6345,0,-6345,1,1,Sat,0
id993072,2026-01-03,CreditCard,Heath Group,Telephone,8466,0,-8466,1,1,Sat,0
id619363,2026-01-03,CheckingAccount,Cleaning,Hire,4049,0,-4049,1,1,Sat,0
id968855,2026-01-03,CreditCard,Alexander Inc,School,9402,0,-9402,1,1,Sat,0
id943472,2026-01-03,CheckingAccount,Rodriguez-Adams,Grocery,8156,0,-8156,1,1,Sat,0
id735959,2026-01-04,CheckingAccount,Cleaning,Hire,3707,0,-3707,1,1,Sun,0
id824068,2026-01-04,Cash,Hernandez-Sullivan,House,5049,0,-5049,1,1,Sun,0
id520565,2026-01-04,CheckingAccount,Cook-Walsh,Dinner,1073,0,-1073,1,1,Sun,0
id225464,2026-01-04,SavingsBank,Salary,Salary,0,75915,75915,1,1,Sun,0
id765981,2026-01-04,CreditCard,Lee-Haney,Insurance,8362,0,-8362,1,1,Sun,0
id786838,2026-01-04,CheckingAccount,Schneider-Hayes,Books,2937,0,-2937,1,1,Sun,0
id667744,2026-01-04,CreditCard,Randolph-Wells,Insurance,3000,0,-3000,1,1,Sun,0
id996472,2026-01-04,CheckingAccount,Evans and Sons,Investment,1759,0,-1759,1,1,Sun,1
id208656,2026-01-05,SavingsBank,Dividend,Dividend,0,8934,8934,1,1,Mon,0
id766953,2026-01-05,SavingsBank,Pena-Donovan,School,5586,0,-5586,1,1,Mon,0
id520401,2026-01-05,CheckingAccount,Farley Colon and Morrow,Dinner,7655,0,-7655,1,1,Mon,0
id167103,2026-01-05,CreditCard,Simpson LLC,Fuel,3498,0,-3498,1,1,Mon,0
id934845,2026-01-05,Cash,Brown Ltd,Grocery,4300,0,-4300,1,1,Mon,0
id364822,2026-01-05,Cash,Lambert-Brown,School,2492,0,-2492,1,1,Mon,0
id771726,2026-01-05,CheckingAccount,Perry PLC,Grocery,4647,0,-4647,1,1,Mon,0
id346180,2026-01-05,CheckingAccount,Williams Inc,Telephone,5364,0,-5364,1,1,Mon,0
id713595,2026-01-05,SavingsBank,Short and Sons,Dinner,1269,0,-1269,1,1,Mon,0
id428155,2026-01-05,CheckingAccount,Alexander Wade and Howard,Telephone,2474,0,-2474,1,1,Mon,0
id837821,2026-01-06,SavingsBank,Lee Jimenez and Hines,Investment,5670,0,-5670,1,1,Tue,1
id637729,2026-01-06,CreditCard,Driver,Hire,6813,0,-6813,1,1,Tue,0
id764592,2026-01-06,SavingsBank,Davis and Sons,Grocery,6048,0,-6048,1,1,Tue,0
id983101,2026-01-06,CheckingAccount,Graham Ltd,Telephone,9348,0,-9348,1,1,Tue,0
id908196,2026-01-07,SavingsBank,Powers Riley and Prince,Investment,8637,0,-8637,1,1,Wed,1
id730164,2026-01-07,CreditCard,Pope Abbott and Young,House,7755,0,-7755,1,1,Wed,0
id849074,2026-01-07,Cash,Crawford Group,House,9335,0,-9335,1,1,Wed,0
id787654,2026-01-07,Cash,Driver,Hire,5509,0,-5509,1,1,Wed,0
id647674,2026-01-07,CreditCard,Mendez-Perez,Investment,2189,0,-2189,1,1,Wed,1
id868284,2026-01-07,CheckingAccount,Cab,Hire,6084,0,-6084,1,1,Wed,0
id732598,2026-01-07,Cash,Bonilla-Pacheco,Insurance,200,0,-200,1,1,Wed,0
id831890,2026-01-07,Cash,Lang PLC,Grocery,6750,0,-6750,1,1,Wed,0
id576709,2026-01-07,CheckingAccount,Duncan-Garcia,Books,9675,0,-9675,1,1,Wed,0
id625840,2026-01-08,CreditCard,Garcia Brown and Newman,Tax,7248,0,-7248,1,1,Thu,0
id811166,2026-01-08,Cash,Fitzpatrick and Sons,Insurance,2167,0,-2167,1,1,Thu,0
id257645,2026-01-08,CheckingAccount,Snow Robinson and Taylor,Books,170,0,-170,1,1,Thu,0
id643939,2026-01-08,CreditCard,Gutierrez Ltd,Grocery,9286,0,-9286,1,1,Thu,0
id998296,2026-01-08,Cash,Campbell LLC,Fuel,6493,0,-6493,1,1,Thu,0
id992820,2026-01-09,Cash,Jones Group,House,3866,0,-3866,1,1,Fri,0
id163842,2026-01-09,CheckingAccount,Cab,Hire,9490,0,-9490,1,1,Fri,0
id803343,2026-01-09,Cash,Shelton-Wiggins,Tax,6601,0,-6601,1,1,Fri,0
id739132,2026-01-09,CheckingAccount,Gallagher Sims and Andrews,Dinner,6889,0,-6889,1,1,Fri,0
id942848,2026-01-09,Cash,Fernandez-Thompson,Books,530,0,-530,1,1,Fri,0
id301625,2026-01-09,Cash,Johnson-Smith,Tax,8474,0,-8474,1,1,Fri,0
id509929,2026-01-10,SavingsBank,White-Mckenzie,Telephone,7536,0,-7536,1,1,Sat,0
id465278,2026-01-10,CreditCard,Cobb-Martinez,Books,2053,0,-2053,1,1,Sat,0
id206960,2026-01-10,Cash,Hoffman Group,Grocery,4969,0,-4969,1,1,Sat,0
id164433,2026-01-10,CreditCard,Henderson-Campos,School,7081,0,-7081,1,1,Sat,0
id443695,2026-01-10,SavingsBank,Vasquez-Allen,Books,4303,0,-4303,1,1,Sat,0
id614710,2026-01-11,CreditCard,Parker Murphy and Brooks,Grocery,8777,0,-8777,1,1,Sun,0
id698409,2026-01-11,CreditCard,Brown Baker and Lynn,Books,8608,0,-8608,1,1,Sun,0
id200574,2026-01-11,SavingsBank,Dividend,Dividend,0,2934,2934,1,1,Sun,0
id948786,2026-01-11,Cash,Ayala Ware and Burke,Tax,1127,0,-1127,1,1,Sun,0
id977641,2026-01-12,SavingsBank,Interest,Interest,0,9948,9948,1,1,Mon,0
id581113,2026-01-12,CreditCard,Fields and Sons,Books,4296,0,-4296,1,1,Mon,0
id688330,2026-01-12,CheckingAccount,Williams Group,Tax,3941,0,-3941,1,1,Mon,0
id523405,2026-01-12,SavingsBank,Alvarado Johnson and Jones,Dinner,3932,0,-3932,1,1,Mon,0
id856863,2026-01-12,CreditCard,Bailey-Campbell,School,2619,0,-2619,1,1,Mon,0
id728216,2026-01-12,Cash,Davis Rodriguez and Thomas,Telephone,7256,0,-7256,1,1,Mon,0
id200024,2026-01-12,Cash,Knight-Hendrix,Books,2981,0,-2981,1,1,Mon,0
id960348,2026-01-12,Cash,Acosta Booth and Ross,Insurance,2907,0,-2907,1,1,Mon,0
id571498,2026-01-13,CheckingAccount,Smith Johnston and Mckay,Investment,6404,0,-6404,1,1,Tue,1
id253831,2026-01-13,SavingsBank,Cab,Hire,4284,0,-4284,1,1,Tue,0
id959795,2026-01-13,CheckingAccount,Powell Group,Grocery,7186,0,-7186,1,1,Tue,0
id966768,2026-01-13,Cash,Cooper Group,Books,2367,0,-2367,1,1,Tue,0
id959725,2026-01-13,CreditCard,Bell Group,Internet,9269,0,-9269,1,1,Tue,0
id212405,2026-01-13,CheckingAccount,Rose PLC,School,6409,0,-6409,1,1,Tue,0
id381713,2026-01-13,CreditCard,Bryant Mata and Rowland,School,8104,0,-8104,1,1,Tue,0
id929950,2026-01-13,CreditCard,Taylor Mercado and Gilbert,Fuel,3047,0,-3047,1,1,Tue,0
id166681,2026-01-14,CreditCard,Herrera Collins and Cooley,House,4350,0,-4350,1,1,Wed,0
id356243,2026-01-14,CreditCard,Cleaning,Hire,1960,0,-1960,1,1,Wed,0
id999196,2026-01-14,SavingsBank,Anderson Moreno and Hernandez,House,9484,0,-9484,1,1,Wed,0
id182676,2026-01-14,CheckingAccount,Lee PLC,Tax,663,0,-663,1,1,Wed,0
id925201,2026-01-14,CreditCard,Miller Wu and Myers,House,822,0,-822,1,1,Wed,0
id182285,2026-01-15,SavingsBank,Dividend,Dividend,0,1491,1491,1,1,Thu,0
id594803,2026-01-15,SavingsBank,Salary,Salary,0,74925,74925,1,1,Thu,0
id291763,2026-01-15,CreditCard,Johnston-Serrano,Dinner,4880,0,-4880,1,1,Thu,0
id273623,2026-01-15,Cash,Villarreal-Duncan,Investment,5974,0,-5974,1,1,Thu,1
id153694,2026-01-15,CheckingAccount,Gonzales-Bryant,House,2799,0,-2799,1,1,Thu,0
id142103,2026-01-15,Cash,Johnson-Garza,Tax,8650,0,-8650,1,1,Thu,0
id367892,2026-01-15,CheckingAccount,Flynn-Anderson,Books,1963,0,-1963,1,1,Thu,0
id662979,2026-01-15,CheckingAccount,Brown and Sons,Telephone,9335,0,-9335,1,1,Thu,0
id380311,2026-01-15,CreditCard,Jackson Hess and Stout,Grocery,9541,0,-9541,1,1,Thu,0
id914017,2026-01-15,CreditCard,Accountant,Hire,9605,0,-9605,1,1,Thu,0
id215486,2026-01-15,CheckingAccount,Harrison-Conrad,Telephone,8098,0,-8098,1,1,Thu,0
id385977,2026-01-15,Cash,Cabrera Ltd,Books,1124,0,-1124,1,1,Thu,0
id117010,2026-01-15,CheckingAccount,Gutierrez Monroe and Clark,School,1913,0,-1913,1,1,Thu,0
id178353,2026-01-15,Cash,Rocha Miller and Jones,Internet,1858,0,-1858,1,1,Thu,0
id592050,2026-01-15,SavingsBank,Robles-Cuevas,Telephone,9493,0,-9493,1,1,Thu,0
id185721,2026-01-16,CheckingAccount,Johnson Wilson and Mcbride,Internet,1546,0,-1546,1,1,Fri,0
id615702,2026-01-16,SavingsBank,Gonzales Wolfe and Wright,School,987,0,-987,1,1,Fri,0
id206751,2026-01-16,SavingsBank,Salary,Salary,0,3360,3360,1,1,Fri,0
id523540,2026-01-16,CreditCard,Robinson Kelly and Grant,Internet,618,0,-618,1,1,Fri,0
id987192,2026-01-16,SavingsBank,James Ltd,Insurance,436,0,-436,1,1,Fri,0
id638203,2026-01-16,SavingsBank,Mata PLC,Telephone,9350,0,-9350,1,1,Fri,0
id822239,2026-01-16,SavingsBank,Salary,Salary,0,49020,49020,1,1,Fri,0
id639034,2026-01-17,CreditCard,Kelly Ltd,School,4090,0,-4090,1,1,Sat,0
id167945,2026-01-17,CheckingAccount,Roberts-Murphy,Grocery,8038,0,-8038,1,1,Sat,0
id963624,2026-01-17,SavingsBank,Dividend,Dividend,0,5151,5151,1,1,Sat,0
id969631,2026-01-18,CheckingAccount,Williams Liu and Stone,Dinner,4417,0,-4417,1,1,Sun,0
id420122,2026-01-18,CreditCard,Salinas Hughes and Rice,Telephone,2478,0,-2478,1,1,Sun,0
id119119,2026-01-18,CheckingAccount,Roberts-Mccann,Grocery,6733,0,-6733,1,1,Sun,0
id160283,2026-01-18,Cash,Russell and Sons,Dinner,9976,0,-9976,1,1,Sun,0
id244784,2026-01-18,SavingsBank,Dividend,Dividend,0,780,780,1,1,Sun,0
id329433,2026-01-19,CheckingAccount,Harper Jensen and Ali,School,6246,0,-6246,1,1,Mon,0
id980189,2026-01-19,SavingsBank,Allen LLC,House,9969,0,-9969,1,1,Mon,0
id114668,2026-01-19,CreditCard,Herring-Butler,Dinner,7061,0,-7061,1,1,Mon,0
id198632,2026-01-19,Cash,Dunn Ltd,School,7662,0,-7662,1,1,Mon,0
id630699,2026-01-19,CheckingAccount,Johnson Ltd,Fuel,8670,0,-8670,1,1,Mon,0
id716405,2026-01-19,CreditCard,May Kidd and Salazar,Grocery,3072,0,-3072,1,1,Mon,0
id968912,2026-01-19,Cash,Marshall-Roberts,Books,5449,0,-5449,1,1,Mon,0
id342352,2026-01-20,CheckingAccount,Brown Miller and Weaver,Telephone,9194,0,-9194,1,1,Tue,0
id880574,2026-01-20,CreditCard,Gray-Grant,Investment,8303,0,-8303,1,1,Tue,1
id283485,2026-01-20,SavingsBank,Campbell-Decker,Investment,6264,0,-6264,1,1,Tue,1
id119481,2026-01-20,Cash,Kelley-Rice,Insurance,6517,0,-6517,1,1,Tue,0
id995562,2026-01-21,CheckingAccount,Lee Armstrong and Kemp,Telephone,5319,0,-5319,1,1,Wed,0
id375500,2026-01-21,CreditCard,Bowers-Taylor,Grocery,5361,0,-5361,1,1,Wed,0
id613594,2026-01-21,Cash,Smith Brown and Harrison,Books,1820,0,-1820,1,1,Wed,0
id781069,2026-01-21,CheckingAccount,Nelson-Marsh,Internet,6280,0,-6280,1,1,Wed,0
id389133,2026-01-21,CheckingAccount,Morris-Murphy,Investment,3469,0,-3469,1,1,Wed,1
id302188,2026-01-21,CheckingAccount,Hampton PLC,Fuel,1726,0,-1726,1,1,Wed,0
id610817,2026-01-21,SavingsBank,Myers Horton and Miller,Tax,1137,0,-1137,1,1,Wed,0
id393212,2026-01-21,Cash,Brown Ltd,Internet,3651,0,-3651,1,1,Wed,0
id136012,2026-01-21,Cash,Peters PLC,Dinner,9233,0,-9233,1,1,Wed,0
id859245,2026-01-21,CheckingAccount,Bennett-Noble,Insurance,5616,0,-5616,1,1,Wed,0
id895861,2026-01-21,CheckingAccount,Patel Inc,House,5703,0,-5703,1,1,Wed,0
id392789,2026-01-22,CheckingAccount,Jacobson-Morris,Books,706,0,-706,1,1,Thu,0
id342550,2026-01-22,Cash,Perez and Sons,Grocery,1477,0,-1477,1,1,Thu,0
id131982,2026-01-22,CreditCard,Martinez and Sons,Investment,8069,0,-8069,1,1,Thu,1
id291934,2026-01-22,CreditCard,Cleaning,Hire,8389,0,-8389,1,1,Thu,0
id811044,2026-01-22,SavingsBank,Accountant,Hire,6160,0,-6160,1,1,Thu,0
id459437,2026-01-23,CheckingAccount,Patel Group,School,2272,0,-2272,1,1,Fri,0
id590915,2026-01-23,Cash,Rich-Montgomery,Investment,889,0,-889,1,1,Fri,1
id454057,2026-01-23,CreditCard,Frazier Wagner and Kim,House,1581,0,-1581,1,1,Fri,0
id410485,2026-01-23,SavingsBank,Vang-Rodriguez,Books,9181,0,-9181,1,1,Fri,0
id630106,2026-01-23,CheckingAccount,Coleman Lawrence and Wolfe,Dinner,6519,0,-6519,1,1,Fri,0
id178520,2026-01-23,SavingsBank,Cleaning,Hire,9920,0,-9920,1,1,Fri,0
id398597,2026-01-23,CheckingAccount,Herrera Smith and Malone,House,1035,0,-1035,1,1,Fri,0
id595927,2026-01-23,CreditCard,Mcclain Johnson and Shaw,School,134,0,-134,1,1,Fri,0
id207974,2026-01-23,SavingsBank,King-Lee,Internet,9537,0,-9537,1,1,Fri,0
id838844,2026-01-23,CreditCard,Henderson Pope and Harrison,Tax,7302,0,-7302,1,1,Fri,0
id485773,2026-01-23,Cash,Mason Hampton and Brown,Tax,1067,0,-1067,1,1,Fri,0
id674494,2026-01-24,SavingsBank,Dividend,Dividend,0,4473,4473,1,1,Sat,0
id716470,2026-01-24,CreditCard,Clark-Anderson,Investment,8778,0,-8778,1,1,Sat,1
id681000,2026-01-24,CheckingAccount,Gregory-Carr,School,5480,0,-5480,1,1,Sat,0
id602272,2026-01-24,Cash,Taylor Thompson and Jones,Insurance,3953,0,-3953,1,1,Sat,0
id546208,2026-01-25,SavingsBank,Curry-Grant,Telephone,6379,0,-6379,1,1,Sun,0
id719535,2026-01-25,Cash,Montoya and Sons,Tax,8480,0,-8480,1,1,Sun,0
id145339,2026-01-25,Cash,Duran Summers and Johnson,House,6673,0,-6673,1,1,Sun,0
id851721,2026-01-25,CheckingAccount,Cleaning,Hire,467,0,-467,1,1,Sun,0
id364552,2026-01-25,SavingsBank,Stephens-Barnes,Investment,1723,0,-1723,1,1,Sun,1
id217085,2026-01-26,CheckingAccount,Rice-Johnson,Grocery,1815,0,-1815,1,1,Mon,0
id151240,2026-01-26,SavingsBank,Gonzalez-Walter,Books,7177,0,-7177,1,1,Mon,0
id914362,2026-01-26,Cash,Montgomery-Rogers,Insurance,2981,0,-2981,1,1,Mon,0
id566969,2026-01-26,SavingsBank,Salary,Salary,0,53895,53895,1,1,Mon,0
id771806,2026-01-26,Cash,Accountant,Hire,6487,0,-6487,1,1,Mon,0
id652236,2026-01-26,CreditCard,Tapia Kelly and Fuentes,Books,8553,0,-8553,1,1,Mon,0
id718886,2026-01-27,CheckingAccount,Choi LLC,House,1881,0,-1881,1,1,Tue,0
id135981,2026-01-27,CreditCard,Baker Inc,Dinner,9169,0,-9169,1,1,Tue,0
id732978,2026-01-27,CreditCard,Cab,Hire,4030,0,-4030,1,1,Tue,0
id880858,2026-01-27,CreditCard,Williams Ltd,Insurance,1240,0,-1240,1,1,Tue,0
id781987,2026-01-27,Cash,Cohen Thomas and Williams,School,2459,0,-2459,1,1,Tue,0
id827240,2026-01-27,CreditCard,Accountant,Hire,1885,0,-1885,1,1,Tue,0
id187937,2026-01-27,CreditCard,Flores-Williams,Dinner,5736,0,-5736,1,1,Tue,0
id829290,2026-01-27,CheckingAccount,Navarro Group,Grocery,8087,0,-8087,1,1,Tue,0
id433396,2026-01-27,Cash,Berger LLC,Investment,2014,0,-2014,1,1,Tue,1
id179745,2026-01-27,Cash,Acevedo Inc,House,9182,0,-9182,1,1,Tue,0
id288597,2026-01-27,CreditCard,Cab,Hire,6277,0,-6277,1,1,Tue,0
id241738,2026-01-27,Cash,Jenkins-Rodriguez,Insurance,6491,0,-6491,1,1,Tue,0
id870272,2026-01-27,Cash,Brandt-Khan,Dinner,9997,0,-9997,1,1,Tue,0
id313305,2026-01-28,CreditCard,Parker Espinoza and Foley,Internet,1019,0,-1019,1,1,Wed,0
id206133,2026-01-28,CreditCard,Cummings and Sons,Insurance,8779,0,-8779,1,1,Wed,0
id470191,2026-01-28,Cash,Larson Ltd,Internet,5326,0,-5326,1,1,Wed,0
id457431,2026-01-28,SavingsBank,Boyd-Richards,Books,7321,0,-7321,1,1,Wed,0
id846847,2026-01-28,CheckingAccount,Wiggins Inc,Internet,3726,0,-3726,1,1,Wed,0
id387797,2026-01-28,CheckingAccount,Watson-Garrison,Investment,1435,0,-1435,1,1,Wed,1
id902724,2026-01-28,Cash,Johnson Dyer and Swanson,Investment,997,0,-997,1,1,Wed,1
id636246,2026-01-28,SavingsBank,Parker Dunn and Hanson,Telephone,7638,0,-7638,1,1,Wed,0
id857567,2026-01-28,CreditCard,Davis Ltd,Internet,1154,0,-1154,1,1,Wed,0
id984282,2026-01-28,CheckingAccount,Benjamin Merritt and Smith,Investment,9420,0,-9420,1,1,Wed,1
id932983,2026-01-29,CheckingAccount,Sheppard-Tucker,Dinner,6431,0,-6431,1,1,Thu,0
id932852,2026-01-29,SavingsBank,Dividend,Dividend,0,3183,3183,1,1,Thu,0
id261676,2026-01-29,Cash,Harris Nixon and Odom,Fuel,1985,0,-1985,1,1,Thu,0
id615795,2026-01-29,SavingsBank,Mcdonald and Sons,Dinner,5426,0,-5426,1,1,Thu,0
id979908,2026-01-29,CheckingAccount,Smith Cole and Sims,Investment,876,0,-876,1,1,Thu,1
id700511,2026-01-29,SavingsBank,Salary,Salary,0,145125,145125,1,1,Thu,0
id242894,2026-01-29,Cash,Smith-Graves,Fuel,7364,0,-7364,1,1,Thu,0
id615658,2026-01-29,Cash,Cleaning,Hire,1332,0,-1332,1,1,Thu,0
id882196,2026-01-30,SavingsBank,Salary,Salary,0,16575,16575,1,1,Fri,0
id745304,2026-01-30,SavingsBank,Johnson Charles and Garza,Insurance,9216,0,-9216,1,1,Fri,0
id408147,2026-01-30,CreditCard,Perez and Sons,School,9630,0,-9630,1,1,Fri,0
id546036,2026-01-30,SavingsBank,Padilla Group,Telephone,4872,0,-4872,1,1,Fri,0
id246175,2026-01-30,CheckingAccount,Weiss and Sons,Investment,322,0,-322,1,1,Fri,1
id832537,2026-01-30,CreditCard,Martin Guerrero and Walters,Dinner,452,0,-452,1,1,Fri,0
id266772,2026-01-30,CreditCard,Mullen LLC,Insurance,7032,0,-7032,1,1,Fri,0
id330834,2026-01-31,CheckingAccount,Accountant,Hire,9343,0,-9343,1,1,Sat,0
id746798,2026-01-31,CheckingAccount,Cleaning,Hire,3245,0,-3245,1,1,Sat,0
id899663,2026-01-31,SavingsBank,Pacheco Holloway and Weber,Insurance,2318,0,-2318,1,1,Sat,0
id495542,2026-01-31,SavingsBank,Interest,Interest,0,2901,2901,1,1,Sat,0
id396622,2026-01-31,SavingsBank,Salary,Salary,0,85530,85530,1,1,Sat,0
id752165,2026-01-31,CreditCard,Johnson-Mendez,House,9527,0,-9527,1,1,Sat,0
id653083,2026-02-01,SavingsBank,Combs PLC,Books,9852,0,-9852,1,2,Sun,0
id750029,2026-02-01,CreditCard,Castillo Patterson and Henson,House,9095,0,-9095,1,2,Sun,0
id343445,2026-02-01,CheckingAccount,Morris Ltd,Books,2385,0,-2385,1,2,Sun,0
id427379,2026-02-01,CreditCard,Olson Johns and Barr,Insurance,4496,0,-4496,1,2,Sun,0
id510749,2026-02-01,CheckingAccount,Kelly-Weber,School,5744,0,-5744,1,2,Sun,0
id385671,2026-02-01,SavingsBank,Cook Chambers and Camacho,Internet,5114,0,-5114,1,2,Sun,0
id117362,2026-02-01,CheckingAccount,Massey-Casey,Tax,7005,0,-7005,1,2,Sun,0
id486975,2026-02-01,CreditCard,Reid Ltd,Books,6791,0,-6791,1,2,Sun,0
id197095,2026-02-01,SavingsBank,Peterson and Sons,House,6680,0,-6680,1,2,Sun,0
id912946,2026-02-01,CheckingAccount,Palmer Inc,Fuel,1781,0,-1781,1,2,Sun,0
id865551,2026-02-02,CheckingAccount,Cabrera Reynolds and Valdez,Grocery,7653,0,-7653,1,2,Mon,0
id452769,2026-02-02,CreditCard,Moran Miller and Bowman,Tax,7506,0,-7506,1,2,Mon,0
id862888,2026-02-02,CheckingAccount,Edwards and Sons,Books,4492,0,-4492,1,2,Mon,0
id696479,2026-02-02,CreditCard,Sanchez Rangel and Friedman,House,6680,0,-6680,1,2,Mon,0
id872873,2026-02-02,SavingsBank,Dividend,Dividend,0,5462,5462,1,2,Mon,0
id691602,2026-02-02,CheckingAccount,Pham Rivera and May,Tax,3876,0,-3876,1,2,Mon,0
id870813,2026-02-02,CreditCard,Randall Inc,Grocery,2123,0,-2123,1,2,Mon,0
id960562,2026-02-02,SavingsBank,Dividend,Dividend,0,4716,4716,1,2,Mon,0
id564770,2026-02-03,Cash,Sanders-Klein,Insurance,7181,0,-7181,1,2,Tue,0
id809125,2026-02-03,CreditCard,Carney Bailey and Walker,Telephone,150,0,-150,1,2,Tue,0
id449747,2026-02-03,CheckingAccount,Richmond-Garza,Tax,7536,0,-7536,1,2,Tue,0
id250510,2026-02-03,CreditCard,Delgado Harrell and Johnson,House,234,0,-234,1,2,Tue,0
id458073,2026-02-03,SavingsBank,Dividend,Dividend,0,1154,1154,1,2,Tue,0
id689138,2026-02-03,SavingsBank,Dividend,Dividend,0,3776,3776,1,2,Tue,0
id353693,2026-02-03,Cash,Hill Massey and Robinson,Dinner,5356,0,-5356,1,2,Tue,0
id812659,2026-02-03,Cash,Barton Porter and Campbell,Dinner,5526,0,-5526,1,2,Tue,0
id290291,2026-02-03,CheckingAccount,Tran Mcpherson and Murphy,Books,4004,0,-4004,1,2,Tue,0
id917201,2026-02-04,CreditCard,Cleaning,Hire,1549,0,-1549,1,2,Wed,0
id953874,2026-02-04,Cash,Doyle-Olsen,School,3329,0,-3329,1,2,Wed,0
id872387,2026-02-04,CreditCard,Green-Andrews,Books,7494,0,-7494,1,2,Wed,0
id640950,2026-02-04,CheckingAccount,Smith-Stein,Investment,1765,0,-1765,1,2,Wed,1
id389835,2026-02-04,CreditCard,Lopez-Ward,Insurance,6184,0,-6184,1,2,Wed,0
id398263,2026-02-04,SavingsBank,Gates-Baker,School,5486,0,-5486,1,2,Wed,0
id889222,2026-02-04,CheckingAccount,Keller Cobb and Green,Books,6428,0,-6428,1,2,Wed,0
id886839,2026-02-04,Cash,Rodriguez-Warner,Books,4712,0,-4712,1,2,Wed,0
id398575,2026-02-05,SavingsBank,Dividend,Dividend,0,8201,8201,1,2,Thu,0
id548090,2026-02-05,CheckingAccount,Middleton Hoffman and Glover,Tax,7259,0,-7259,1,2,Thu,0
id483790,2026-02-05,CheckingAccount,Myers Ltd,Investment,723,0,-723,1,2,Thu,1
id521407,2026-02-05,CheckingAccount,Bailey LLC,Telephone,3327,0,-3327,1,2,Thu,0
id508851,2026-02-05,Cash,Accountant,Hire,6894,0,-6894,1,2,Thu,0
id678431,2026-02-05,SavingsBank,Whitaker-Sellers,Insurance,1081,0,-1081,1,2,Thu,0
id694659,2026-02-05,CheckingAccount,Cab,Hire,8476,0,-8476,1,2,Thu,0
id254550,2026-02-05,CheckingAccount,Jones PLC,Insurance,6773,0,-6773,1,2,Thu,0
id310857,2026-02-05,CheckingAccount,Johnson LLC,School,6068,0,-6068,1,2,Thu,0
id383595,2026-02-05,CreditCard,Sellers Inc,Tax,3373,0,-3373,1,2,Thu,0
id489167,2026-02-06,CheckingAccount,Smith and Sons,Tax,394,0,-394,1,2,Fri,0
id922359,2026-02-06,SavingsBank,Robbins Group,Fuel,9915,0,-9915,1,2,Fri,0
id411594,2026-02-06,SavingsBank,Interest,Interest,0,8536,8536,1,2,Fri,0
id632769,2026-02-06,SavingsBank,Rodriguez-Ponce,School,7411,0,-7411,1,2,Fri,0
id693798,2026-02-06,SavingsBank,Williams Cowan and Marsh,Telephone,9550,0,-9550,1,2,Fri,0
id371278,2026-02-06,CreditCard,Hunter Johnson and Suarez,Grocery,4860,0,-4860,1,2,Fri,0
id980933,2026-02-06,CreditCard,Compton Brown and Norris,Insurance,483,0,-483,1,2,Fri,0
id499044,2026-02-07,CheckingAccount,Glenn Inc,Grocery,615,0,-615,1,2,Sat,0
id338533,2026-02-07,Cash,Mckinney Snyder and Ryan,Telephone,832,0,-832,1,2,Sat,0
id920115,2026-02-08,CreditCard,Beck-Ellis,Insurance,4387,0,-4387,1,2,Sun,0
id660085,2026-02-08,CheckingAccount,Stein Christensen and Johnson,Insurance,243,0,-243,1,2,Sun,0
id893426,2026-02-08,Cash,Clark Flowers and Rios,Books,6387,0,-6387,1,2,Sun,0
id539979,2026-02-08,SavingsBank,Silva Whitney and Newton,Fuel,8228,0,-8228,1,2,Sun,0
id592612,2026-02-08,Cash,Phillips-Jimenez,Insurance,5229,0,-5229,1,2,Sun,0
id645188,2026-02-08,SavingsBank,Interest,Interest,0,7679,7679,1,2,Sun,0
id519073,2026-02-08,CheckingAccount,Rose Ltd,House,7843,0,-7843,1,2,Sun,0
id446178,2026-02-09,CreditCard,Fisher Esparza and Patel,Internet,1500,0,-1500,1,2,Mon,0
id724522,2026-02-09,CheckingAccount,Williams Ltd,Fuel,2761,0,-2761,1,2,Mon,0
id913465,2026-02-09,SavingsBank,Salary,Salary,0,51870,51870,1,2,Mon,0
id363937,2026-02-09,CheckingAccount,Williams LLC,Investment,7717,0,-7717,1,2,Mon,1
id682385,2026-02-09,SavingsBank,Torres Group,Internet,4629,0,-4629,1,2,Mon,0
id970499,2026-02-09,CreditCard,Barrera LLC,School,4969,0,-4969,1,2,Mon,0
id635675,2026-02-09,CheckingAccount,Moore-Thompson,Internet,6513,0,-6513,1,2,Mon,0
id382472,2026-02-09,CreditCard,Bryant Mitchell and Mitchell,Grocery,7595,0,-7595,1,2,Mon,0
id161201,2026-02-10,Cash,Fleming-Hudson,School,6785,0,-6785,1,2,Tue,0
id670761,2026-02-10,SavingsBank,Rose-Ward,Books,7407,0,-7407,1,2,Tue,0
id271741,2026-02-10,Cash,Crane-Johnson,Grocery,9352,0,-9352,1,2,Tue,0
id924117,2026-02-10,Cash,Cleaning,Hire,5314,0,-5314,1,2,Tue,0
id523457,2026-02-10,CreditCard,Rivers Group,Internet,235,0,-235,1,2,Tue,0
id150706,2026-02-11,CreditCard,Cab,Hire,1108,0,-1108,1,2,Wed,0
id268932,2026-02-11,Cash,Smith-Logan,Tax,6687,0,-6687,1,2,Wed,0
id934964,2026-02-11,CheckingAccount,Martin Martinez and Mckay,Internet,561,0,-561,1,2,Wed,0
id668805,2026-02-11,CreditCard,Jones-Martinez,Investment,6458,0,-6458,1,2,Wed,1
id116905,2026-02-11,Cash,Myers Mckinney and Murray,House,1130,0,-1130,1,2,Wed,0
id349591,2026-02-11,CreditCard,Ross-Serrano,Internet,5341,0,-5341,1,2,Wed,0
id793558,2026-02-12,CreditCard,Hughes-Perry,Investment,671,0,-671,1,2,Thu,1
id631488,2026-02-12,CreditCard,Edwards Garcia and Avila,Books,4048,0,-4048,1,2,Thu,0
id180391,2026-02-12,CheckingAccount,Cross Ramsey and Hart,Telephone,2371,0,-2371,1,2,Thu,0
id597091,2026-02-12,SavingsBank,Yang-Hernandez,Fuel,1272,0,-1272,1,2,Thu,0
id968734,2026-02-12,CreditCard,Hines-Adams,School,5553,0,-5553,1,2,Thu,0
id134017,2026-02-12,CheckingAccount,Cab,Hire,4396,0,-4396,1,2,Thu,0
id303726,2026-02-13,CheckingAccount,Giles-Hamilton,Grocery,5743,0,-5743,1,2,Fri,0
id862434,2026-02-13,SavingsBank,Bailey Owen and Thompson,Fuel,2398,0,-2398,1,2,Fri,0
id306034,2026-02-13,CheckingAccount,Esparza Inc,Dinner,8025,0,-8025,1,2,Fri,0
id601888,2026-02-13,Cash,Morris-Lee,Investment,9690,0,-9690,1,2,Fri,1
id661449,2026-02-14,CheckingAccount,Accountant,Hire,5769,0,-5769,1,2,Sat,0
id357143,2026-02-14,CreditCard,Simpson-Adams,Tax,9720,0,-9720,1,2,Sat,0
id572179,2026-02-15,SavingsBank,Cook and Sons,Investment,7471,0,-7471,1,2,Sun,1
id377494,2026-02-15,SavingsBank,Dividend,Dividend,0,398,398,1,2,Sun,0
id264835,2026-02-15,CreditCard,Willis Inc,Fuel,7789,0,-7789,1,2,Sun,0
id441977,2026-02-15,SavingsBank,Interest,Interest,0,2108,2108,1,2,Sun,0
id695982,2026-02-15,Cash,Banks Fowler and Jackson,Fuel,6992,0,-6992,1,2,Sun,0
id342052,2026-02-15,Cash,Blair Wilson and King,Insurance,3205,0,-3205,1,2,Sun,0
id122081,2026-02-16,SavingsBank,White Miller and Harris,School,7682,0,-7682,1,2,Mon,0
id748911,2026-02-16,CreditCard,Atkinson Johns and Holmes,Dinner,5148,0,-5148,1,2,Mon,0
id981377,2026-02-16,Cash,Acevedo and Sons,Insurance,2542,0,-2542,1,2,Mon,0
id466240,2026-02-16,SavingsBank,Kaufman-Rose,School,4719,0,-4719,1,2,Mon,0
id990517,2026-02-16,CheckingAccount,Garner Inc,School,5158,0,-5158,1,2,Mon,0
id274400,2026-02-16,Cash,Edwards Lyons and Ellison,Investment,7465,0,-7465,1,2,Mon,1
id311480,2026-02-17,Cash,Miller Howard and Fleming,Telephone,1638,0,-1638,1,2,Tue,0
id726872,2026-02-17,CreditCard,Bailey Ltd,Insurance,810,0,-810,1,2,Tue,0
id769118,2026-02-17,Cash,Best Martin and Hickman,Fuel,1097,0,-1097,1,2,Tue,0
id903390,2026-02-17,CreditCard,Miller-Thompson,Telephone,1899,0,-1899,1,2,Tue,0
id677745,2026-02-17,CheckingAccount,Kennedy-Goodwin,Dinner,5859,0,-5859,1,2,Tue,0
id719989,2026-02-17,SavingsBank,Interest,Interest,0,514,514,1,2,Tue,0
id898782,2026-02-18,SavingsBank,Watson Hernandez and Robinson,Grocery,7811,0,-7811,1,2,Wed,0
id756492,2026-02-18,CheckingAccount,Meyer Group,House,1620,0,-1620,1,2,Wed,0
id436468,2026-02-18,Cash,Palmer-Rogers,School,9020,0,-9020,1,2,Wed,0
id431489,2026-02-18,SavingsBank,Salary,Salary,0,78270,78270,1,2,Wed,0
id843906,2026-02-18,SavingsBank,Stewart-Chandler,School,4752,0,-4752,1,2,Wed,0
id736488,2026-02-18,Cash,Lopez Group,Investment,8402,0,-8402,1,2,Wed,1
id504432,2026-02-18,Cash,Cummings Ortiz and Miller,House,6422,0,-6422,1,2,Wed,0
id352896,2026-02-19,Cash,Hill and Sons,Books,8110,0,-8110,1,2,Thu,0
id170717,2026-02-19,Cash,Williams Marshall and Robles,Tax,1447,0,-1447,1,2,Thu,0
id272329,2026-02-19,Cash,Johnson Wood and Sanchez,Investment,7709,0,-7709,1,2,Thu,1
id576231,2026-02-19,Cash,Phillips-Alvarado,Insurance,5555,0,-5555,1,2,Thu,0
id364529,2026-02-19,CreditCard,Stuart Crawford and Garcia,House,4210,0,-4210,1,2,Thu,0
id534524,2026-02-20,CheckingAccount,Lang-Bryan,Internet,9498,0,-9498,1,2,Fri,0
id636469,2026-02-20,SavingsBank,Munoz-Boone,Internet,7733,0,-7733,1,2,Fri,0
id402269,2026-02-20,CheckingAccount,Young Morgan and Yang,Books,8521,0,-8521,1,2,Fri,0
id447675,2026-02-20,Cash,Barrera Group,Fuel,2478,0,-2478,1,2,Fri,0
id326479,2026-02-21,Cash,Rivera Sheppard and Collins,Investment,6222,0,-6222,1,2,Sat,1
id832262,2026-02-21,Cash,Jones-Peterson,Fuel,4034,0,-4034,1,2,Sat,0
id845350,2026-02-21,SavingsBank,Salinas Robertson and Barnett,Internet,2896,0,-2896,1,2,Sat,0
id272373,2026-02-21,Cash,Hensley Group,Dinner,4310,0,-4310,1,2,Sat,0
id474074,2026-02-21,CheckingAccount,Driver,Hire,4804,0,-4804,1,2,Sat,0
id192127,2026-02-21,CreditCard,Welch Inc,Internet,2377,0,-2377,1,2,Sat,0
id563681,2026-02-21,CreditCard,Hughes Herring and Lawrence,School,7597,0,-7597,1,2,Sat,0
id558025,2026-02-22,CheckingAccount,Cab,Hire,4544,0,-4544,1,2,Sun,0
id477634,2026-02-22,CheckingAccount,Garcia Jones and Schwartz,Books,820,0,-820,1,2,Sun,0
id935580,2026-02-22,CheckingAccount,Greene Coleman and House,Investment,5424,0,-5424,1,2,Sun,1
id732909,2026-02-22,Cash,Cross Boyer and Rollins,Investment,5405,0,-5405,1,2,Sun,1
id847350,2026-02-22,CheckingAccount,Driver,Hire,9252,0,-9252,1,2,Sun,0
id154429,2026-02-22,CreditCard,Klein-Gomez,Books,4900,0,-4900,1,2,Sun,0
id240240,2026-02-23,Cash,Daniels Fisher and Miller,House,2886,0,-2886,1,2,Mon,0
id167192,2026-02-23,SavingsBank,Kirby Watkins and Villegas,Dinner,752,0,-752,1,2,Mon,0
id458235,2026-02-23,CheckingAccount,Cleaning,Hire,8157,0,-8157,1,2,Mon,0
id945984,2026-02-23,Cash,Curry PLC,School,9926,0,-9926,1,2,Mon,0
id306746,2026-02-23,CheckingAccount,Livingston Group,Grocery,662,0,-662,1,2,Mon,0
id895423,2026-02-23,Cash,Watson Inc,Internet,6473,0,-6473,1,2,Mon,0
id428460,2026-02-23,CheckingAccount,Meyer PLC,House,7476,0,-7476,1,2,Mon,0
id660631,2026-02-23,CreditCard,Nelson Washington and Bowers,Books,4048,0,-4048,1,2,Mon,0
id991238,2026-02-23,Cash,Adams Rogers and Garcia,Fuel,6782,0,-6782,1,2,Mon,0
id796607,2026-02-23,CreditCard,Harris LLC,Books,4133,0,-4133,1,2,Mon,0
id124316,2026-02-24,CheckingAccount,Perez and Sons,Fuel,8263,0,-8263,1,2,Tue,0
id973856,2026-02-24,Cash,Stokes-Griffin,Fuel,7906,0,-7906,1,2,Tue,0
id627256,2026-02-24,Cash,Cleaning,Hire,3323,0,-3323,1,2,Tue,0
id278915,2026-02-24,SavingsBank,Salary,Salary,0,13575,13575,1,2,Tue,0
id708542,2026-02-24,Cash,Joyce LLC,Grocery,7812,0,-7812,1,2,Tue,0
id944643,2026-02-24,Cash,Norris PLC,Dinner,6648,0,-6648,1,2,Tue,0
id227754,2026-02-24,SavingsBank,Lee LLC,Tax,6635,0,-6635,1,2,Tue,0
id854974,2026-02-24,CheckingAccount,Phillips-Thomas,Investment,7176,0,-7176,1,2,Tue,1
id156442,2026-02-24,Cash,Rodriguez and Sons,Dinner,8316,0,-8316,1,2,Tue,0
id460567,2026-02-24,SavingsBank,Horn-Thomas,Fuel,1541,0,-1541,1,2,Tue,0
id178878,2026-02-25,CheckingAccount,Miranda Gross and Greene,Investment,4662,0,-4662,1,2,Wed,1
id764138,2026-02-25,SavingsBank,Dividend,Dividend,0,4233,4233,1,2,Wed,0
id469794,2026-02-25,CheckingAccount,Cruz LLC,Investment,4010,0,-4010,1,2,Wed,1
id995200,2026-02-25,Cash,Driver,Hire,5216,0,-5216,1,2,Wed,0
id848546,2026-02-25,SavingsBank,Salary,Salary,0,36375,36375,1,2,Wed,0
id458281,2026-02-25,CreditCard,Gallagher Melendez and Clay,School,2700,0,-2700,1,2,Wed,0
id155640,2026-02-25,CheckingAccount,Cantrell-Blackburn,Fuel,5554,0,-5554,1,2,Wed,0
id699279,2026-02-25,SavingsBank,Stone-Rubio,Internet,9575,0,-9575,1,2,Wed,0
id184237,2026-02-25,CheckingAccount,Strickland PLC,Internet,7598,0,-7598,1,2,Wed,0
id444407,2026-02-26,SavingsBank,Holloway Ltd,Investment,5481,0,-5481,1,2,Thu,1
id569821,2026-02-26,CheckingAccount,Nelson PLC,Investment,4621,0,-4621,1,2,Thu,1
id220136,2026-02-26,SavingsBank,Torres Williams and Hernandez,Books,3396,0,-3396,1,2,Thu,0
id503451,2026-02-26,CheckingAccount,Arias Fox and Rollins,Investment,4765,0,-4765,1,2,Thu,1
id379315,2026-02-26,SavingsBank,Melton Patel and Savage,House,4485,0,-4485,1,2,Thu,0
id881138,2026-02-26,Cash,Fletcher PLC,School,6204,0,-6204,1,2,Thu,0
id767949,2026-02-26,SavingsBank,Tanner-Medina,House,2898,0,-2898,1,2,Thu,0
id452327,2026-02-26,Cash,Smith LLC,Insurance,8426,0,-8426,1,2,Thu,0
id213227,2026-02-26,CreditCard,Williams Allen and Davila,Insurance,1075,0,-1075,1,2,Thu,0
id214062,2026-02-26,CreditCard,Lynn-Dominguez,Investment,1400,0,-1400,1,2,Thu,1
id292919,2026-02-27,CheckingAccount,Mckenzie-Bell,Grocery,5222,0,-5222,1,2,Fri,0
id495519,2026-02-28,CreditCard,Hall Archer and Peters,School,7702,0,-7702,1,2,Sat,0
id472930,2026-02-28,SavingsBank,Ayers-Evans,Fuel,3257,0,-3257,1,2,Sat,0
id266568,2026-02-28,Cash,Brooks Williams and King,School,8290,0,-8290,1,2,Sat,0
id440177,2026-02-28,Cash,Underwood Graham and Russo,Tax,480,0,-480,1,2,Sat,0
id627840,2026-02-28,Cash,Accountant,Hire,887,0,-887,1,2,Sat,0
id848289,2026-02-28,SavingsBank,James PLC,Internet,7907,0,-7907,1,2,Sat,0
id510077,2026-02-28,CreditCard,Mercado Group,Insurance,2208,0,-2208,1,2,Sat,0
id130043,2026-02-28,CheckingAccount,White Morrison and Russell,Grocery,5553,0,-5553,1,2,Sat,0
id240557,2026-02-28,SavingsBank,Wells Wu and Roman,Internet,5494,0,-5494,1,2,Sat,0
id515143,2026-02-28,SavingsBank,Savage-Bishop,Telephone,1939,0,-1939,1,2,Sat,0
id755191,2026-03-01,SavingsBank,Daniel and Sons,Insurance,2154,0,-2154,1,3,Sun,0
id673487,2026-03-01,CreditCard,Phillips-Rhodes,Books,3100,0,-3100,1,3,Sun,0
id357512,2026-03-01,CreditCard,Charles Nelson and Prince,Telephone,5078,0,-5078,1,3,Sun,0
id686968,2026-03-01,SavingsBank,Hopkins LLC,Grocery,5575,0,-5575,1,3,Sun,0
id594023,2026-03-01,CheckingAccount,Rocha Walsh and West,Insurance,1035,0,-1035,1,3,Sun,0
id957487,2026-03-01,CheckingAccount,Cummings LLC,Investment,8494,0,-8494,1,3,Sun,1
id682092,2026-03-01,CreditCard,Green-Oliver,Insurance,9705,0,-9705,1,3,Sun,0
id396562,2026-03-02,Cash,Ball Wilson and Jones,Fuel,3323,0,-3323,1,3,Mon,0
id508371,2026-03-02,CheckingAccount,Allen-Moreno,Insurance,7344,0,-7344,1,3,Mon,0
id756142,2026-03-02,SavingsBank,Roberts Ltd,Insurance,4367,0,-4367,1,3,Mon,0
id493258,2026-03-02,CreditCard,Edwards and Sons,Fuel,419,0,-419,1,3,Mon,0
id709717,2026-03-02,Cash,Murphy Chapman and Grant,Grocery,8391,0,-8391,1,3,Mon,0
id520578,2026-03-03,SavingsBank,Interest,Interest,0,339,339,1,3,Tue,0
id252780,2026-03-03,Cash,May Dickerson and Howard,Investment,231,0,-231,1,3,Tue,1
id778957,2026-03-03,CreditCard,Moore-Watts,School,9154,0,-9154,1,3,Tue,0
id168599,2026-03-03,Cash,Watson-Jones,Investment,3104,0,-3104,1,3,Tue,1
id387730,2026-03-03,CheckingAccount,Johnson Edwards and Vasquez,Tax,9191,0,-9191,1,3,Tue,0
id233093,2026-03-03,CreditCard,Davis Allen and Curry,Investment,6059,0,-6059,1,3,Tue,1
id714954,2026-03-04,CreditCard,Reynolds-Johnson,Telephone,5663,0,-5663,1,3,Wed,0
id151551,2026-03-04,SavingsBank,Lopez Savage and Torres,Books,8564,0,-8564,1,3,Wed,0
id371028,2026-03-04,SavingsBank,Palmer PLC,Insurance,3862,0,-3862,1,3,Wed,0
id832428,2026-03-04,SavingsBank,Interest,Interest,0,780,780,1,3,Wed,0
id885191,2026-03-04,Cash,Martin Inc,Investment,4692,0,-4692,1,3,Wed,1
id339684,2026-03-04,Cash,Kelly Collins and Rogers,School,968,0,-968,1,3,Wed,0
id323567,2026-03-05,CheckingAccount,Little Clark and Sanders,School,454,0,-454,1,3,Thu,0
id548594,2026-03-05,CreditCard,Banks-Hendricks,House,6377,0,-6377,1,3,Thu,0
id959809,2026-03-05,Cash,Accountant,Hire,7658,0,-7658,1,3,Thu,0
id397565,2026-03-05,Cash,Miles and Sons,Dinner,282,0,-282,1,3,Thu,0
id785774,2026-03-05,CheckingAccount,Rich-Mccoy,House,4347,0,-4347,1,3,Thu,0
id382383,2026-03-06,Cash,Jackson Wood and Henderson,School,1055,0,-1055,1,3,Fri,0
id648795,2026-03-06,CheckingAccount,Velez Houston and Lane,Fuel,1013,0,-1013,1,3,Fri,0
id295870,2026-03-06,SavingsBank,Cleaning,Hire,8507,0,-8507,1,3,Fri,0
id886997,2026-03-06,Cash,Cab,Hire,6149,0,-6149,1,3,Fri,0
id834320,2026-03-06,SavingsBank,Dividend,Dividend,0,6526,6526,1,3,Fri,0
id569394,2026-03-06,CheckingAccount,Cleaning,Hire,3452,0,-3452,1,3,Fri,0
id329190,2026-03-06,Cash,Browning Garcia and Hamilton,House,6912,0,-6912,1,3,Fri,0
id371687,2026-03-07,CheckingAccount,Garcia Andrews and Meyers,Insurance,6442,0,-6442,1,3,Sat,0
id291817,2026-03-07,SavingsBank,Evans PLC,Dinner,6414,0,-6414,1,3,Sat,0
id488155,2026-03-07,CreditCard,Anderson-Fitzpatrick,School,2669,0,-2669,1,3,Sat,0
id308354,2026-03-07,CreditCard,Accountant,Hire,4708,0,-4708,1,3,Sat,0
id146564,2026-03-07,SavingsBank,Williams-Barrera,Fuel,9779,0,-9779,1,3,Sat,0
id665360,2026-03-07,Cash,Webb-Ferguson,Grocery,4990,0,-4990,1,3,Sat,0
id803384,2026-03-08,CheckingAccount,Porter Ltd,Grocery,2087,0,-2087,1,3,Sun,0
id192046,2026-03-08,Cash,Williamson Mcdaniel and Perez,Investment,414,0,-414,1,3,Sun,1
id685750,2026-03-08,CreditCard,Bowen-Salazar,Fuel,2938,0,-2938,1,3,Sun,0
id315669,2026-03-08,CheckingAccount,Green-Gross,Insurance,7901,0,-7901,1,3,Sun,0
id786174,2026-03-08,CreditCard,Neal Strickland and Rodriguez,Investment,7290,0,-7290,1,3,Sun,1
id409506,2026-03-08,CreditCard,Baker LLC,Tax,9616,0,-9616,1,3,Sun,0
id751732,2026-03-08,SavingsBank,Walters Smith and Roach,Fuel,9295,0,-9295,1,3,Sun,0
id383631,2026-03-08,CheckingAccount,Gilbert Ray and Jones,Dinner,9749,0,-9749,1,3,Sun,0
id655439,2026-03-08,Cash,Smith Hamilton and Miles,Insurance,9676,0,-9676,1,3,Sun,0
id864098,2026-03-08,SavingsBank,Interest,Interest,0,3856,3856,1,3,Sun,0
id881300,2026-03-08,CreditCard,Roberts-Vaughn,Telephone,8659,0,-8659,1,3,Sun,0
id513394,2026-03-09,CheckingAccount,Schwartz-Duncan,Dinner,5947,0,-5947,1,3,Mon,0
id297061,2026-03-09,SavingsBank,Jimenez PLC,Internet,5301,0,-5301,1,3,Mon,0
id499120,2026-03-09,CheckingAccount,Rubio Potter and Smith,Tax,6175,0,-6175,1,3,Mon,0
id520332,2026-03-09,Cash,Wood-Torres,Tax,3941,0,-3941,1,3,Mon,0
id685569,2026-03-09,SavingsBank,Interest,Interest,0,4740,4740,1,3,Mon,0
id144790,2026-03-09,CreditCard,Morrison PLC,Investment,9240,0,-9240,1,3,Mon,1
id520471,2026-03-09,Cash,King LLC,Fuel,6827,0,-6827,1,3,Mon,0
id753370,2026-03-09,SavingsBank,Little Thompson and Bishop,Dinner,9486,0,-9486,1,3,Mon,0
id812940,2026-03-09,Cash,Torres and Sons,Telephone,4373,0,-4373,1,3,Mon,0
id688692,2026-03-09,Cash,Cleaning,Hire,4886,0,-4886,1,3,Mon,0
id676008,2026-03-09,SavingsBank,Dividend,Dividend,0,9981,9981,1,3,Mon,0
id556943,2026-03-09,CreditCard,Harding Randall and Snyder,School,312,0,-312,1,3,Mon,0
id305389,2026-03-09,SavingsBank,Benitez Miller and Yates,Telephone,2939,0,-2939,1,3,Mon,0
id251136,2026-03-10,CheckingAccount,Carlson Barnett and Gibson,Investment,5639,0,-5639,1,3,Tue,1
id751452,2026-03-10,SavingsBank,Gardner-Meza,Tax,2824,0,-2824,1,3,Tue,0
id536140,2026-03-10,CheckingAccount,Underwood-Rhodes,Fuel,720,0,-720,1,3,Tue,0
id227387,2026-03-10,CheckingAccount,Green-Cisneros,Internet,5119,0,-5119,1,3,Tue,0
id498136,2026-03-10,CreditCard,Butler Fernandez and Montgomery,Telephone,3049,0,-3049,1,3,Tue,0
id313682,2026-03-10,CreditCard,Harmon and Sons,Internet,8636,0,-8636,1,3,Tue,0
id486705,2026-03-11,Cash,Underwood-Cooper,Dinner,3706,0,-3706,1,3,Wed,0
id373552,2026-03-11,CheckingAccount,Anderson Beasley and Brady,Insurance,7086,0,-7086,1,3,Wed,0
id164054,2026-03-11,CheckingAccount,Ashley LLC,Grocery,3332,0,-3332,1,3,Wed,0
id794613,2026-03-11,CreditCard,Bennett Taylor and Jones,Dinner,9935,0,-9935,1,3,Wed,0
id571588,2026-03-11,CreditCard,Cleaning,Hire,8081,0,-8081,1,3,Wed,0
id517935,2026-03-11,Cash,Anderson Davis and French,Dinner,9367,0,-9367,1,3,Wed,0
id676558,2026-03-11,SavingsBank,Morris-Mullins,Fuel,5868,0,-5868,1,3,Wed,0
id451323,2026-03-11,CreditCard,Carey-Lopez,Fuel,3206,0,-3206,1,3,Wed,0
id727772,2026-03-12,SavingsBank,Gonzalez Miller and Oconnor,Fuel,4725,0,-4725,1,3,Thu,0
id818668,2026-03-12,CreditCard,Lowery-Davis,School,7302,0,-7302,1,3,Thu,0
id165991,2026-03-12,Cash,Wright Ramos and Black,Tax,3825,0,-3825,1,3,Thu,0
id869336,2026-03-12,CheckingAccount,Adams PLC,School,5443,0,-5443,1,3,Thu,0
id668585,2026-03-12,SavingsBank,Watson-Mitchell,Fuel,7668,0,-7668,1,3,Thu,0
id410874,2026-03-12,Cash,Gonzales-Nelson,House,1059,0,-1059,1,3,Thu,0
id860142,2026-03-13,CreditCard,Cantu-Norris,School,9240,0,-9240,1,3,Fri,0
id963077,2026-03-13,CreditCard,Accountant,Hire,5313,0,-5313,1,3,Fri,0
id593284,2026-03-13,CreditCard,Andrade Burnett and Pugh,Tax,482,0,-482,1,3,Fri,0
id488996,2026-03-13,CreditCard,Solomon Ltd,House,9504,0,-9504,1,3,Fri,0
id629092,2026-03-13,SavingsBank,Interest,Interest,0,3545,3545,1,3,Fri,0
id697048,2026-03-13,CheckingAccount,Ellis-Silva,House,1799,0,-1799,1,3,Fri,0
id911515,2026-03-13,SavingsBank,Dividend,Dividend,0,2893,2893,1,3,Fri,0
id787429,2026-03-13,Cash,Garcia Whitaker and Henry,Internet,8783,0,-8783,1,3,Fri,0
id532197,2026-03-13,CheckingAccount,Hays Ltd,Internet,6976,0,-6976,1,3,Fri,0
id804511,2026-03-14,Cash,David Group,Telephone,259,0,-259,1,3,Sat,0
id504717,2026-03-14,SavingsBank,Fernandez Monroe and Soto,Grocery,951,0,-951,1,3,Sat,0
id554517,2026-03-14,CheckingAccount,Smith-Haney,Internet,6976,0,-6976,1,3,Sat,0
id535558,2026-03-14,CheckingAccount,Glass-King,Fuel,970,0,-970,1,3,Sat,0
id255205,2026-03-14,CreditCard,Cobb Navarro and Hicks,Internet,8128,0,-8128,1,3,Sat,0
id632239,2026-03-14,SavingsBank,Dividend,Dividend,0,7645,7645,1,3,Sat,0
id164436,2026-03-14,CheckingAccount,Williams-Myers,School,7606,0,-7606,1,3,Sat,0
id663777,2026-03-14,CheckingAccount,Reynolds LLC,Telephone,4486,0,-4486,1,3,Sat,0
id353719,2026-03-14,Cash,Bishop and Sons,Tax,9952,0,-9952,1,3,Sat,0
id949546,2026-03-14,CheckingAccount,Larson-King,Investment,987,0,-987,1,3,Sat,1
id431550,2026-03-15,SavingsBank,Wong White and Davidson,House,6883,0,-6883,1,3,Sun,0
id460750,2026-03-15,CreditCard,Smith Moses and Willis,School,7949,0,-7949,1,3,Sun,0
id445211,2026-03-15,CheckingAccount,Driver,Hire,4433,0,-4433,1,3,Sun,0
id783669,2026-03-15,Cash,Lopez LLC,Grocery,3958,0,-3958,1,3,Sun,0
id943653,2026-03-15,CreditCard,Cleaning,Hire,3904,0,-3904,1,3,Sun,0
id387099,2026-03-15,SavingsBank,Campbell Ballard and Powers,School,2639,0,-2639,1,3,Sun,0
id654335,2026-03-16,CheckingAccount,Weaver Ltd,Books,777,0,-777,1,3,Mon,0
id159809,2026-03-16,Cash,Driver,Hire,1880,0,-1880,1,3,Mon,0
id634774,2026-03-16,Cash,Suarez-Deleon,Dinner,1204,0,-1204,1,3,Mon,0
id723613,2026-03-16,Cash,White Martinez and Peterson,Telephone,8363,0,-8363,1,3,Mon,0
id780289,2026-03-16,CheckingAccount,Santos PLC,Telephone,6768,0,-6768,1,3,Mon,0
id404327,2026-03-16,CreditCard,Cleaning,Hire,7426,0,-7426,1,3,Mon,0
id442191,2026-03-16,CheckingAccount,Schneider-Woods,Fuel,7026,0,-7026,1,3,Mon,0
id273972,2026-03-17,Cash,Waller LLC,Dinner,887,0,-887,1,3,Tue,0
id269544,2026-03-17,SavingsBank,Cleaning,Hire,8255,0,-8255,1,3,Tue,0
id945081,2026-03-17,SavingsBank,Ramirez-Duarte,Dinner,9559,0,-9559,1,3,Tue,0
id356354,2026-03-17,CreditCard,Allen-Bishop,Investment,5811,0,-5811,1,3,Tue,1
id795673,2026-03-17,CheckingAccount,Diaz-Butler,Dinner,5052,0,-5052,1,3,Tue,0
id489839,2026-03-17,CreditCard,Porter Johnson and Holmes,Telephone,2284,0,-2284,1,3,Tue,0
id768232,2026-03-18,SavingsBank,Interest,Interest,0,8607,8607,1,3,Wed,0
id527954,2026-03-18,CheckingAccount,Jones Berry and Matthews,Books,474,0,-474,1,3,Wed,0
id815305,2026-03-18,CheckingAccount,Accountant,Hire,6917,0,-6917,1,3,Wed,0
id854761,2026-03-18,Cash,Cohen-King,Telephone,3538,0,-3538,1,3,Wed,0
id402334,2026-03-18,CreditCard,Gentry-Rivas,Insurance,7524,0,-7524,1,3,Wed,0
id653718,2026-03-18,Cash,Jones-Huber,Dinner,1505,0,-1505,1,3,Wed,0
id523314,2026-03-19,Cash,Long Saunders and Simon,Insurance,381,0,-381,1,3,Thu,0
id882511,2026-03-19,SavingsBank,Interest,Interest,0,8420,8420,1,3,Thu,0
id232216,2026-03-19,CreditCard,Accountant,Hire,9668,0,-9668,1,3,Thu,0
id373506,2026-03-19,Cash,Meza Group,House,7981,0,-7981,1,3,Thu,0
id900987,2026-03-19,CheckingAccount,Driver,Hire,5758,0,-5758,1,3,Thu,0
id985150,2026-03-20,CreditCard,Bennett Ltd,Investment,913,0,-913,1,3,Fri,1
id525746,2026-03-20,CheckingAccount,Bell and Sons,Tax,8368,0,-8368,1,3,Fri,0
id460444,2026-03-20,SavingsBank,Burns and Sons,Internet,7509,0,-7509,1,3,Fri,0
id653409,2026-03-20,Cash,Garcia Jones and Forbes,Insurance,8825,0,-8825,1,3,Fri,0
id822773,2026-03-20,CheckingAccount,Gill LLC,Dinner,5772,0,-5772,1,3,Fri,0
id899633,2026-03-20,CheckingAccount,Johnson-Costa,House,7929,0,-7929,1,3,Fri,0
id605802,2026-03-20,CheckingAccount,Chang Group,Investment,7349,0,-7349,1,3,Fri,1
id688121,2026-03-20,CheckingAccount,Accountant,Hire,5739,0,-5739,1,3,Fri,0
id975066,2026-03-20,Cash,Jones-Duarte,House,3137,0,-3137,1,3,Fri,0
id292966,2026-03-20,Cash,Williamson Adams and Collins,Fuel,1479,0,-1479,1,3,Fri,0
id582057,2026-03-21,CreditCard,Smith-Barrett,House,3988,0,-3988,1,3,Sat,0
id793307,2026-03-21,SavingsBank,Cole Ltd,Books,9948,0,-9948,1,3,Sat,0
id383754,2026-03-21,Cash,Montoya-Clark,Grocery,4531,0,-4531,1,3,Sat,0
id535284,2026-03-21,CheckingAccount,Hanna Ltd,Grocery,9717,0,-9717,1,3,Sat,0
id472312,2026-03-21,CreditCard,Graves-Horton,School,3634,0,-3634,1,3,Sat,0
id181465,2026-03-22,CheckingAccount,Curry Haley and Medina,Grocery,2479,0,-2479,1,3,Sun,0
id702943,2026-03-22,Cash,Gomez-Carroll,House,7477,0,-7477,1,3,Sun,0
id743958,2026-03-22,Cash,Johnson Bailey and Ramos,Fuel,1335,0,-1335,1,3,Sun,0
id136951,2026-03-22,Cash,Lee LLC,Fuel,4859,0,-4859,1,3,Sun,0
id329335,2026-03-22,CreditCard,Ortiz Huynh and Lane,Books,1047,0,-1047,1,3,Sun,0
id216717,2026-03-22,CheckingAccount,Cleaning,Hire,6668,0,-6668,1,3,Sun,0
id731736,2026-03-22,CreditCard,Erickson Ltd,Books,2380,0,-2380,1,3,Sun,0
id540094,2026-03-22,CheckingAccount,Pierce-White,Tax,117,0,-117,1,3,Sun,0
id321624,2026-03-23,CreditCard,Parks Inc,Investment,9555,0,-9555,1,3,Mon,1
id541488,2026-03-23,SavingsBank,Interest,Interest,0,3798,3798,1,3,Mon,0
id688634,2026-03-23,CreditCard,Long Stewart and Jackson,Telephone,5968,0,-5968,1,3,Mon,0
id407515,2026-03-23,Cash,Banks Gamble and Kelley,School,8856,0,-8856,1,3,Mon,0
id638204,2026-03-23,SavingsBank,Khan Lloyd and Case,Books,3438,0,-3438,1,3,Mon,0
id884975,2026-03-23,Cash,Driver,Hire,5568,0,-5568,1,3,Mon,0
id605289,2026-03-23,Cash,Delgado-Hernandez,Insurance,6719,0,-6719,1,3,Mon,0
id660772,2026-03-23,Cash,Hoffman-White,Telephone,1709,0,-1709,1,3,Mon,0
id551288,2026-03-23,CheckingAccount,Carrillo-Taylor,House,2520,0,-2520,1,3,Mon,0
id949443,2026-03-23,CheckingAccount,Knapp-Landry,Grocery,4557,0,-4557,1,3,Mon,0
id323462,2026-03-24,CreditCard,Davis Group,Internet,5801,0,-5801,1,3,Tue,0
id880484,2026-03-24,SavingsBank,Thomas Ramirez and Caldwell,Insurance,2855,0,-2855,1,3,Tue,0
id628350,2026-03-24,CheckingAccount,Young and Sons,School,7693,0,-7693,1,3,Tue,0
id442808,2026-03-24,CreditCard,Knight-Casey,Internet,5941,0,-5941,1,3,Tue,0
id603723,2026-03-24,SavingsBank,Summers-Fox,School,8274,0,-8274,1,3,Tue,0
id486500,2026-03-24,SavingsBank,Cunningham Inc,Internet,4516,0,-4516,1,3,Tue,0
id859392,2026-03-24,CheckingAccount,Peck Santos and Montes,House,7069,0,-7069,1,3,Tue,0
id552309,2026-03-24,Cash,Holland Pena and Coleman,House,8557,0,-8557,1,3,Tue,0
id353352,2026-03-24,CheckingAccount,Smith Moreno and Oliver,Investment,5307,0,-5307,1,3,Tue,1
id663928,2026-03-24,CreditCard,Stewart PLC,Tax,4408,0,-4408,1,3,Tue,0
id490106,2026-03-24,Cash,Fletcher LLC,School,9808,0,-9808,1,3,Tue,0
id919805,2026-03-25,SavingsBank,Ingram PLC,Books,5072,0,-5072,1,3,Wed,0
id116533,2026-03-25,CheckingAccount,Bautista Inc,Telephone,2021,0,-2021,1,3,Wed,0
id734553,2026-03-25,Cash,Brown Duncan and Bell,Books,8160,0,-8160,1,3,Wed,0
id640119,2026-03-25,SavingsBank,Dividend,Dividend,0,4832,4832,1,3,Wed,0
id875623,2026-03-25,SavingsBank,Salary,Salary,0,2535,2535,1,3,Wed,0
id765767,2026-03-25,SavingsBank,Moody Baldwin and Moore,Telephone,3940,0,-3940,1,3,Wed,0
id366582,2026-03-25,CreditCard,Garza-Diaz,School,304,0,-304,1,3,Wed,0
id203741,2026-03-26,Cash,Lucero-Leonard,Books,7678,0,-7678,1,3,Thu,0
id702710,2026-03-26,CreditCard,Walsh Patel and Morgan,Insurance,6236,0,-6236,1,3,Thu,0
id999288,2026-03-26,SavingsBank,Salary,Salary,0,94950,94950,1,3,Thu,0
id308081,2026-03-26,Cash,Barnes Anderson and Scott,School,2699,0,-2699,1,3,Thu,0
id673044,2026-03-26,SavingsBank,Interest,Interest,0,3581,3581,1,3,Thu,0
id665651,2026-03-26,CheckingAccount,Jones-Anderson,Insurance,2818,0,-2818,1,3,Thu,0
id580260,2026-03-27,SavingsBank,Neal LLC,Telephone,9917,0,-9917,1,3,Fri,0
id325023,2026-03-27,CreditCard,Martin and Sons,Books,7390,0,-7390,1,3,Fri,0
id897160,2026-03-27,CreditCard,Rogers-Price,Telephone,1692,0,-1692,1,3,Fri,0
id787929,2026-03-27,CreditCard,Myers-Bradley,Internet,7659,0,-7659,1,3,Fri,0
id430719,2026-03-27,CheckingAccount,Williamson-Gonzales,Tax,2240,0,-2240,1,3,Fri,0
id818131,2026-03-27,SavingsBank,Robles Mccarthy and Simmons,Tax,831,0,-831,1,3,Fri,0
id927616,2026-03-27,Cash,Hill LLC,Dinner,8631,0,-8631,1,3,Fri,0
id533926,2026-03-27,Cash,Roberts Inc,House,2828,0,-2828,1,3,Fri,0
id217419,2026-03-27,Cash,Gutierrez-Sandoval,Books,4071,0,-4071,1,3,Fri,0
id891121,2026-03-27,CheckingAccount,Ryan LLC,School,3706,0,-3706,1,3,Fri,0
id511212,2026-03-28,Cash,Davis-Walsh,Tax,5600,0,-5600,1,3,Sat,0
id975610,2026-03-28,CheckingAccount,Carrillo LLC,Investment,5027,0,-5027,1,3,Sat,1
id435961,2026-03-28,SavingsBank,Dividend,Dividend,0,8578,8578,1,3,Sat,0
id977855,2026-03-28,Cash,Cole-Mendez,House,5266,0,-5266,1,3,Sat,0
id142783,2026-03-29,Cash,Sutton White and Meyer,Dinner,3513,0,-3513,1,3,Sun,0
id916787,2026-03-29,CreditCard,Scott-Castillo,Books,7498,0,-7498,1,3,Sun,0
id860680,2026-03-29,CreditCard,Smith Mills and Contreras,Tax,5675,0,-5675,1,3,Sun,0
id367299,2026-03-29,SavingsBank,Russo Gordon and Lopez,Telephone,7267,0,-7267,1,3,Sun,0
id253903,2026-03-29,Cash,Gonzalez-Franklin,Investment,6124,0,-6124,1,3,Sun,1
id994779,2026-03-29,SavingsBank,Thompson Group,Telephone,9145,0,-9145,1,3,Sun,0
id395698,2026-03-29,CreditCard,Holmes-Willis,Tax,1599,0,-1599,1,3,Sun,0
id351691,2026-03-30,Cash,Brown Allen and Ward,Grocery,4945,0,-4945,1,3,Mon,0
id863470,2026-03-30,SavingsBank,Lee Watson and Bridges,Internet,8732,0,-8732,1,3,Mon,0
id748723,2026-03-30,SavingsBank,Cab,Hire,7822,0,-7822,1,3,Mon,0
id574876,2026-03-30,Cash,Mccarthy-Martin,School,1345,0,-1345,1,3,Mon,0
id155440,2026-03-30,SavingsBank,Norris-Gonzalez,Insurance,960,0,-960,1,3,Mon,0
id337324,2026-03-30,SavingsBank,Watson Ltd,Books,3237,0,-3237,1,3,Mon,0
id713165,2026-03-30,CreditCard,Nelson Inc,Books,5304,0,-5304,1,3,Mon,0
id968128,2026-03-30,CheckingAccount,Freeman-Hall,Books,9350,0,-9350,1,3,Mon,0
id359668,2026-03-31,CreditCard,Estrada Ltd,Grocery,2268,0,-2268,1,3,Tue,0
id230794,2026-03-31,SavingsBank,Accountant,Hire,465,0,-465,1,3,Tue,0
id921185,2026-03-31,SavingsBank,Miranda-Ferguson,Internet,5298,0,-5298,1,3,Tue,0
id236744,2026-03-31,CreditCard,Accountant,Hire,6602,0,-6602,1,3,Tue,0
id721050,2026-04-01,SavingsBank,Shaw Caldwell and Strong,Books,3793,0,-3793,2,4,Wed,0
id237962,2026-04-01,CreditCard,Park-Williams,Insurance,4808,0,-4808,2,4,Wed,0
id217539,2026-04-01,Cash,Huber-Livingston,Tax,4674,0,-4674,2,4,Wed,0
id408788,2026-04-01,Cash,Dickerson-Garcia,Books,218,0,-218,2,4,Wed,0
id192788,2026-04-01,CreditCard,White-Anderson,Dinner,1679,0,-1679,2,4,Wed,0
id421518,2026-04-01,CreditCard,Hernandez-Collins,Investment,5399,0,-5399,2,4,Wed,1
id583050,2026-04-01,Cash,Hale Robbins and Morgan,Insurance,2113,0,-2113,2,4,Wed,0
id959278,2026-04-02,CreditCard,Blankenship LLC,House,7935,0,-7935,2,4,Thu,0
id467057,2026-04-02,Cash,Steele LLC,Investment,4655,0,-4655,2,4,Thu,1
id632486,2026-04-02,Cash,Cab,Hire,7077,0,-7077,2,4,Thu,0
id581911,2026-04-02,CreditCard,Holloway Smith and Richard,Internet,5309,0,-5309,2,4,Thu,0
id399297,2026-04-02,Cash,Perez Nelson and Barron,Tax,8197,0,-8197,2,4,Thu,0
id376168,2026-04-02,SavingsBank,Interest,Interest,0,4127,4127,2,4,Thu,0
id984676,2026-04-02,CreditCard,Castillo Barrett and Hebert,Dinner,7658,0,-7658,2,4,Thu,0
id518041,2026-04-02,SavingsBank,Miller-Rowe,Fuel,3776,0,-3776,2,4,Thu,0
id601187,2026-04-02,CheckingAccount,Washington PLC,Internet,6733,0,-6733,2,4,Thu,0
id602724,2026-04-02,SavingsBank,Mills-Gutierrez,Telephone,8131,0,-8131,2,4,Thu,0
id631136,2026-04-02,CreditCard,Ross-Payne,Investment,9950,0,-9950,2,4,Thu,1
id315084,2026-04-02,CheckingAccount,Sanchez Gray and Miller,Books,6118,0,-6118,2,4,Thu,0
id246373,2026-04-03,CheckingAccount,Moses and Sons,Books,1979,0,-1979,2,4,Fri,0
id791310,2026-04-03,CreditCard,Ramirez-Robinson,School,1041,0,-1041,2,4,Fri,0
id527710,2026-04-03,CreditCard,Marshall and Sons,Dinner,3819,0,-3819,2,4,Fri,0
id425042,2026-04-03,SavingsBank,Jones and Sons,Tax,6903,0,-6903,2,4,Fri,0
id800193,2026-04-03,CheckingAccount,Reed and Sons,School,954,0,-954,2,4,Fri,0
id152642,2026-04-03,CheckingAccount,Johnson Group,Insurance,6352,0,-6352,2,4,Fri,0
id834005,2026-04-03,CreditCard,Burgess Morales and Melton,Dinner,1098,0,-1098,2,4,Fri,0
id227779,2026-04-04,Cash,Roberts Brown and Mccall,Telephone,450,0,-450,2,4,Sat,0
id929905,2026-04-04,CreditCard,Jones Martinez and Mosley,Internet,8405,0,-8405,2,4,Sat,0
id691068,2026-04-04,Cash,Townsend Perez and Washington,Books,8227,0,-8227,2,4,Sat,0
id882205,2026-04-04,CreditCard,Clay-Campbell,Investment,680,0,-680,2,4,Sat,1
id597321,2026-04-04,CreditCard,Morris and Sons,Dinner,3196,0,-3196,2,4,Sat,0
id346189,2026-04-04,CheckingAccount,Butler Marshall and Rowe,Dinner,9679,0,-9679,2,4,Sat,0
id184193,2026-04-04,CheckingAccount,Hansen Group,Insurance,2327,0,-2327,2,4,Sat,0
id856448,2026-04-04,CreditCard,Shaffer Inc,Telephone,3876,0,-3876,2,4,Sat,0
id540084,2026-04-04,Cash,Nelson Harris and Murray,Telephone,4000,0,-4000,2,4,Sat,0
id326616,2026-04-04,CheckingAccount,Washington Brewer and Meyer,House,4066,0,-4066,2,4,Sat,0
id828167,2026-04-05,CheckingAccount,Ortiz-Smith,Insurance,1786,0,-1786,2,4,Sun,0
id712751,2026-04-05,CheckingAccount,Guzman and Sons,Books,3949,0,-3949,2,4,Sun,0
id828770,2026-04-05,CreditCard,Williams-Burgess,Grocery,4176,0,-4176,2,4,Sun,0
id821633,2026-04-05,Cash,Gutierrez LLC,Fuel,1372,0,-1372,2,4,Sun,0
id455086,2026-04-05,SavingsBank,Ferguson-Santiago,Tax,4808,0,-4808,2,4,Sun,0
id271598,2026-04-05,CreditCard,Le Middleton and Alexander,Internet,7517,0,-7517,2,4,Sun,0
id943087,2026-04-05,SavingsBank,Cleaning,Hire,7012,0,-7012,2,4,Sun,0
id221877,2026-04-05,SavingsBank,Robinson Inc,Grocery,7758,0,-7758,2,4,Sun,0
id837066,2026-04-05,Cash,Hill and Sons,Investment,895,0,-895,2,4,Sun,1
id273483,2026-04-05,SavingsBank,Griffin Ltd,Dinner,3307,0,-3307,2,4,Sun,0
id307167,2026-04-06,CheckingAccount,Williams-Moore,Dinner,1108,0,-1108,2,4,Mon,0
id654978,2026-04-06,CheckingAccount,Austin Group,Books,5011,0,-5011,2,4,Mon,0
id136518,2026-04-06,CreditCard,Martin-Cowan,Dinner,8657,0,-8657,2,4,Mon,0
id607131,2026-04-06,CheckingAccount,Peck Inc,School,256,0,-256,2,4,Mon,0
id400576,2026-04-06,SavingsBank,Salary,Salary,0,137430,137430,2,4,Mon,0
id903524,2026-04-06,SavingsBank,Wilkins Group,Internet,4679,0,-4679,2,4,Mon,0
id225579,2026-04-06,CreditCard,Rodriguez Thornton and Powell,Grocery,8933,0,-8933,2,4,Mon,0
id967936,2026-04-06,SavingsBank,Salary,Salary,0,97965,97965,2,4,Mon,0
id847979,2026-04-07,SavingsBank,Faulkner and Sons,House,2120,0,-2120,2,4,Tue,0
id522787,2026-04-07,CheckingAccount,Foster Harris and Small,Telephone,9950,0,-9950,2,4,Tue,0
id688246,2026-04-07,Cash,Lewis-Bell,School,474,0,-474,2,4,Tue,0
id862824,2026-04-07,Cash,Gordon Inc,School,5649,0,-5649,2,4,Tue,0
id675861,2026-04-07,Cash,Sullivan-Whitney,Internet,2308,0,-2308,2,4,Tue,0
id929866,2026-04-08,Cash,Carpenter LLC,Insurance,3707,0,-3707,2,4,Wed,0
id617725,2026-04-08,SavingsBank,Sullivan-Stevenson,Telephone,9206,0,-9206,2,4,Wed,0
id136453,2026-04-08,Cash,Davenport Allen and Meyers,Insurance,5254,0,-5254,2,4,Wed,0
id412806,2026-04-08,CheckingAccount,Torres Powers and Bates,Books,3905,0,-3905,2,4,Wed,0
id267812,2026-04-08,SavingsBank,Salary,Salary,0,99345,99345,2,4,Wed,0
id404275,2026-04-08,CreditCard,Gilbert and Sons,Dinner,3974,0,-3974,2,4,Wed,0
id734957,2026-04-09,CreditCard,Garcia Inc,Fuel,205,0,-205,2,4,Thu,0
id822842,2026-04-09,Cash,Accountant,Hire,473,0,-473,2,4,Thu,0
id753924,2026-04-09,SavingsBank,Jimenez Inc,Internet,4663,0,-4663,2,4,Thu,0
id444639,2026-04-09,SavingsBank,Salary,Salary,0,27225,27225,2,4,Thu,0
id112159,2026-04-09,SavingsBank,Cherry LLC,Investment,1634,0,-1634,2,4,Thu,1
id145466,2026-04-09,CheckingAccount,Kim-Miles,Books,6606,0,-6606,2,4,Thu,0
id133289,2026-04-09,Cash,Mcfarland Inc,Dinner,5567,0,-5567,2,4,Thu,0
id993915,2026-04-09,SavingsBank,Salary,Salary,0,53895,53895,2,4,Thu,0
id364333,2026-04-09,CheckingAccount,Garcia-Woods,Books,3135,0,-3135,2,4,Thu,0
id366881,2026-04-09,CreditCard,Porter Inc,Books,8187,0,-8187,2,4,Thu,0
id723744,2026-04-09,CheckingAccount,Lowe LLC,Books,4669,0,-4669,2,4,Thu,0
id618724,2026-04-09,Cash,Oneill Group,School,6552,0,-6552,2,4,Thu,0
id935072,2026-04-09,CreditCard,Robertson Randall and Mays,Dinner,7514,0,-7514,2,4,Thu,0
id322947,2026-04-10,Cash,Hunter Group,Dinner,2798,0,-2798,2,4,Fri,0
id362320,2026-04-10,CreditCard,Singh Keith and Bauer,Internet,6854,0,-6854,2,4,Fri,0
id438734,2026-04-10,SavingsBank,Snyder-Gilbert,Internet,1032,0,-1032,2,4,Fri,0
id350288,2026-04-10,SavingsBank,Dennis-Wallace,Grocery,1995,0,-1995,2,4,Fri,0
id314458,2026-04-10,CreditCard,Martinez Fuller and Sanchez,Tax,4409,0,-4409,2,4,Fri,0
id118405,2026-04-10,Cash,Morris-Roberts,Insurance,8519,0,-8519,2,4,Fri,0
id708948,2026-04-10,CheckingAccount,Cleaning,Hire,1990,0,-1990,2,4,Fri,0
id235172,2026-04-10,CheckingAccount,Scott and Sons,Telephone,9306,0,-9306,2,4,Fri,0
id133696,2026-04-11,Cash,Wilson Ltd,Dinner,1487,0,-1487,2,4,Sat,0
id330400,2026-04-11,Cash,Cleaning,Hire,4802,0,-4802,2,4,Sat,0
id607174,2026-04-11,CreditCard,Driver,Hire,4554,0,-4554,2,4,Sat,0
id160431,2026-04-11,Cash,Boyd Williams and Olson,Tax,2927,0,-2927,2,4,Sat,0
id473001,2026-04-11,SavingsBank,Salary,Salary,0,18855,18855,2,4,Sat,0
id696678,2026-04-11,Cash,Price Graham and Atkinson,Tax,4848,0,-4848,2,4,Sat,0
id240283,2026-04-11,CreditCard,Hopkins Ltd,Dinner,4495,0,-4495,2,4,Sat,0
id281676,2026-04-11,CreditCard,Torres-Nielsen,School,5416,0,-5416,2,4,Sat,0
id215931,2026-04-11,Cash,Johnson Hughes and Parker,Grocery,9404,0,-9404,2,4,Sat,0
id718607,2026-04-12,CreditCard,Bauer and Sons,Dinner,6384,0,-6384,2,4,Sun,0
id326804,2026-04-12,Cash,Knight Cameron and Gibson,Fuel,4096,0,-4096,2,4,Sun,0
id503450,2026-04-12,SavingsBank,Jones Weiss and Brooks,Investment,9972,0,-9972,2,4,Sun,1
id185440,2026-04-12,CreditCard,Smith-Gutierrez,House,8594,0,-8594,2,4,Sun,0
id243085,2026-04-13,Cash,Smith and Sons,Books,1623,0,-1623,2,4,Mon,0
id230084,2026-04-13,Cash,Levy Mosley and Fuentes,Investment,6085,0,-6085,2,4,Mon,1
id933823,2026-04-13,CreditCard,Torres-Cisneros,Internet,2054,0,-2054,2,4,Mon,0
id976755,2026-04-13,CreditCard,West Inc,Fuel,673,0,-673,2,4,Mon,0
id558587,2026-04-13,Cash,Alexander Inc,Fuel,8382,0,-8382,2,4,Mon,0
id362115,2026-04-13,Cash,Aguilar Williams and Lewis,Internet,9586,0,-9586,2,4,Mon,0
id630019,2026-04-13,SavingsBank,Dividend,Dividend,0,6976,6976,2,4,Mon,0
id993515,2026-04-13,CreditCard,Jackson Inc,Investment,7581,0,-7581,2,4,Mon,1
id694814,2026-04-13,CheckingAccount,Johnson Ross and White,Insurance,2597,0,-2597,2,4,Mon,0
id302562,2026-04-13,CheckingAccount,Contreras-Hess,Telephone,2793,0,-2793,2,4,Mon,0
id777652,2026-04-13,CheckingAccount,Poole Young and Smith,Dinner,5345,0,-5345,2,4,Mon,0
id736415,2026-04-14,CheckingAccount,Melendez Ltd,School,6331,0,-6331,2,4,Tue,0
id417833,2026-04-14,CheckingAccount,Accountant,Hire,9891,0,-9891,2,4,Tue,0
id167973,2026-04-14,CreditCard,Watson Kennedy and Newton,Dinner,2692,0,-2692,2,4,Tue,0
id241310,2026-04-14,Cash,Robinson-Robertson,Books,769,0,-769,2,4,Tue,0
id433482,2026-04-14,SavingsBank,Chapman PLC,Investment,292,0,-292,2,4,Tue,1
id454956,2026-04-14,SavingsBank,Lang Williams and Nguyen,Tax,1125,0,-1125,2,4,Tue,0
id296336,2026-04-15,Cash,Wright-Bradford,Investment,2611,0,-2611,2,4,Wed,1
id306807,2026-04-15,Cash,Thomas Carter and Payne,Insurance,3001,0,-3001,2,4,Wed,0
id555691,2026-04-15,CheckingAccount,Chung-Cervantes,Dinner,9634,0,-9634,2,4,Wed,0
id449411,2026-04-15,CheckingAccount,Baker Peck and Montgomery,Insurance,8090,0,-8090,2,4,Wed,0
id530806,2026-04-15,SavingsBank,Evans Inc,Tax,7933,0,-7933,2,4,Wed,0
id552961,2026-04-15,Cash,Hart-Brown,Internet,2001,0,-2001,2,4,Wed,0
id309883,2026-04-15,SavingsBank,Gates Garcia and Smith,House,4242,0,-4242,2,4,Wed,0
id918911,2026-04-15,SavingsBank,Alvarado Spencer and Jones,House,2773,0,-2773,2,4,Wed,0
id700218,2026-04-16,CreditCard,Krueger-Morris,Insurance,8608,0,-8608,2,4,Thu,0
id125601,2026-04-16,CheckingAccount,Hammond and Sons,Investment,4594,0,-4594,2,4,Thu,1
id783626,2026-04-16,Cash,Rios Parker and Jackson,Internet,7012,0,-7012,2,4,Thu,0
id133074,2026-04-16,CheckingAccount,Herrera Inc,Insurance,6699,0,-6699,2,4,Thu,0
id859494,2026-04-16,SavingsBank,Salary,Salary,0,10440,10440,2,4,Thu,0
id724754,2026-04-16,SavingsBank,Gilbert-Delacruz,School,182,0,-182,2,4,Thu,0
id396798,2026-04-16,Cash,Holt Myers and Weaver,Insurance,8543,0,-8543,2,4,Thu,0
id208022,2026-04-17,CreditCard,Decker-Shaw,Insurance,8894,0,-8894,2,4,Fri,0
id303990,2026-04-17,CreditCard,Romero-Young,Fuel,9501,0,-9501,2,4,Fri,0
id246415,2026-04-17,SavingsBank,Salary,Salary,0,114345,114345,2,4,Fri,0
id969162,2026-04-17,CreditCard,Cleaning,Hire,2534,0,-2534,2,4,Fri,0
id827346,2026-04-17,CreditCard,Shaw LLC,Telephone,2455,0,-2455,2,4,Fri,0
id978104,2026-04-17,CreditCard,Gates Espinoza and Dunn,Grocery,3838,0,-3838,2,4,Fri,0
id783495,2026-04-17,CreditCard,Ramirez Hill and Carr,Insurance,2594,0,-2594,2,4,Fri,0
id261307,2026-04-17,CreditCard,Hoover Inc,Dinner,8342,0,-8342,2,4,Fri,0
id519924,2026-04-17,Cash,Cox Group,School,4953,0,-4953,2,4,Fri,0
id412724,2026-04-18,Cash,Davis Rodgers and Robertson,Grocery,8495,0,-8495,2,4,Sat,0
id186932,2026-04-18,CheckingAccount,Driver,Hire,5183,0,-5183,2,4,Sat,0
id590919,2026-04-18,CheckingAccount,Powers-Smith,Books,9007,0,-9007,2,4,Sat,0
id369227,2026-04-19,SavingsBank,Salary,Salary,0,128550,128550,2,4,Sun,0
id268824,2026-04-19,Cash,Hammond-Johnson,Tax,3446,0,-3446,2,4,Sun,0
id139766,2026-04-19,CreditCard,Moreno-Burke,Telephone,5975,0,-5975,2,4,Sun,0
id261356,2026-04-19,Cash,Mitchell-Hudson,Grocery,5755,0,-5755,2,4,Sun,0
id185751,2026-04-19,SavingsBank,Salary,Salary,0,149595,149595,2,4,Sun,0
id403529,2026-04-19,CreditCard,Tapia Ltd,School,6248,0,-6248,2,4,Sun,0
id265674,2026-04-19,Cash,Craig-Gomez,Telephone,2281,0,-2281,2,4,Sun,0
id184537,2026-04-20,Cash,Dawson PLC,Grocery,3704,0,-3704,2,4,Mon,0
id615817,2026-04-20,Cash,Vargas Ltd,Internet,6891,0,-6891,2,4,Mon,0
id230421,2026-04-20,Cash,Roberts Marks and Gonzalez,Tax,6581,0,-6581,2,4,Mon,0
id443776,2026-04-20,Cash,Miller Horton and Taylor,Investment,5246,0,-5246,2,4,Mon,1
id468957,2026-04-20,CheckingAccount,Driver,Hire,240,0,-240,2,4,Mon,0
id607703,2026-04-20,CheckingAccount,Wilson-Baker,Insurance,3263,0,-3263,2,4,Mon,0
id793243,2026-04-20,CheckingAccount,Hamilton-Bryant,Books,8623,0,-8623,2,4,Mon,0
id915642,2026-04-21,CreditCard,Soto PLC,Tax,3124,0,-3124,2,4,Tue,0
id501510,2026-04-21,SavingsBank,Cab,Hire,5266,0,-5266,2,4,Tue,0
id958328,2026-04-21,CheckingAccount,Turner Ltd,Internet,1268,0,-1268,2,4,Tue,0
id228052,2026-04-21,CreditCard,Sweeney PLC,Internet,8692,0,-8692,2,4,Tue,0
id715032,2026-04-21,CheckingAccount,Anderson Diaz and Aguirre,Fuel,8531,0,-8531,2,4,Tue,0
id608250,2026-04-21,CreditCard,Rose Group,Investment,794,0,-794,2,4,Tue,1
id571283,2026-04-21,CreditCard,Jones-Rodriguez,Books,1654,0,-1654,2,4,Tue,0
id669562,2026-04-21,CreditCard,Smith Mora and Martinez,Tax,1113,0,-1113,2,4,Tue,0
id191963,2026-04-22,CreditCard,Allen Burke and Smith,Internet,4238,0,-4238,2,4,Wed,0
id947937,2026-04-22,CheckingAccount,Lawson-Hall,Internet,6763,0,-6763,2,4,Wed,0
id403453,2026-04-22,CheckingAccount,Perez Little and Moran,Fuel,5527,0,-5527,2,4,Wed,0
id899926,2026-04-22,Cash,Jenkins Ltd,House,4367,0,-4367,2,4,Wed,0
id357185,2026-04-22,CreditCard,Woodard-Smith,Internet,777,0,-777,2,4,Wed,0
id830451,2026-04-22,Cash,Green LLC,Tax,870,0,-870,2,4,Wed,0
id301673,2026-04-22,SavingsBank,Johnson Brown and Le,Dinner,5828,0,-5828,2,4,Wed,0
id990681,2026-04-22,SavingsBank,Salary,Salary,0,82230,82230,2,4,Wed,0
id303220,2026-04-22,CheckingAccount,Davidson LLC,School,3156,0,-3156,2,4,Wed,0
id211846,2026-04-23,CreditCard,Peterson-Medina,Grocery,3838,0,-3838,2,4,Thu,0
id306892,2026-04-23,Cash,Kelly Cameron and Turner,Insurance,8205,0,-8205,2,4,Thu,0
id359209,2026-04-23,SavingsBank,Galloway Shepherd and Burke,Investment,5440,0,-5440,2,4,Thu,1
id885026,2026-04-23,CheckingAccount,Liu-Smith,Internet,9716,0,-9716,2,4,Thu,0
id809998,2026-04-23,Cash,Santana-Duffy,Internet,4579,0,-4579,2,4,Thu,0
id596965,2026-04-23,CreditCard,Mcgrath and Sons,Grocery,7748,0,-7748,2,4,Thu,0
id902185,2026-04-24,SavingsBank,Dividend,Dividend,0,3390,3390,2,4,Fri,0
id717495,2026-04-24,CreditCard,Forbes-Obrien,Insurance,7294,0,-7294,2,4,Fri,0
id191366,2026-04-24,CreditCard,Accountant,Hire,7950,0,-7950,2,4,Fri,0
id247401,2026-04-24,CheckingAccount,Carlson Bush and Smith,Insurance,400,0,-400,2,4,Fri,0
id999242,2026-04-24,CreditCard,Ford Group,Internet,461,0,-461,2,4,Fri,0
id792378,2026-04-24,CheckingAccount,Wilson-Bryan,Telephone,530,0,-530,2,4,Fri,0
id303448,2026-04-24,SavingsBank,Schmidt Henderson and Marshall,House,2828,0,-2828,2,4,Fri,0
id765608,2026-04-24,SavingsBank,Sharp-Walker,Internet,6495,0,-6495,2,4,Fri,0
id657898,2026-04-24,CreditCard,Cab,Hire,4360,0,-4360,2,4,Fri,0
id666550,2026-04-24,Cash,Sullivan LLC,Books,8973,0,-8973,2,4,Fri,0
id613874,2026-04-24,CheckingAccount,Henson PLC,House,9694,0,-9694,2,4,Fri,0
id823054,2026-04-25,CreditCard,Lee-Burton,Dinner,4190,0,-4190,2,4,Sat,0
id462107,2026-04-25,CheckingAccount,Webster Group,Insurance,5934,0,-5934,2,4,Sat,0
id476595,2026-04-25,Cash,Rodriguez and Sons,Fuel,7151,0,-7151,2,4,Sat,0
id122143,2026-04-25,Cash,Kramer-Bauer,School,1386,0,-1386,2,4,Sat,0
id944911,2026-04-25,CheckingAccount,Bradley Inc,House,6031,0,-6031,2,4,Sat,0
id842347,2026-04-25,SavingsBank,Salary,Salary,0,99495,99495,2,4,Sat,0
id327126,2026-04-25,CreditCard,Daniels Pierce and Williams,Insurance,5782,0,-5782,2,4,Sat,0
id363757,2026-04-25,CheckingAccount,Levine LLC,Fuel,1385,0,-1385,2,4,Sat,0
id948895,2026-04-26,SavingsBank,Haynes Jones and Poole,Investment,4003,0,-4003,2,4,Sun,1
id712307,2026-04-26,SavingsBank,Mann Diaz and Gibson,Internet,3920,0,-3920,2,4,Sun,0
id780630,2026-04-27,CreditCard,Giles Rosales and Buck,House,9682,0,-9682,2,4,Mon,0
id888368,2026-04-27,SavingsBank,Vance Bray and Sawyer,Insurance,795,0,-795,2,4,Mon,0
id667144,2026-04-27,SavingsBank,Interest,Interest,0,8023,8023,2,4,Mon,0
id726930,2026-04-27,Cash,Flores-Chambers,School,5837,0,-5837,2,4,Mon,0
id925139,2026-04-27,CheckingAccount,Cab,Hire,9262,0,-9262,2,4,Mon,0
id716080,2026-04-28,CreditCard,Francis-Gray,Books,7103,0,-7103,2,4,Tue,0
id731425,2026-04-28,SavingsBank,Martinez-Howe,Insurance,6526,0,-6526,2,4,Tue,0
id309125,2026-04-28,Cash,Montgomery Rogers and Brown,House,7918,0,-7918,2,4,Tue,0
id778906,2026-04-28,CheckingAccount,Dean-Salazar,School,8048,0,-8048,2,4,Tue,0
id713722,2026-04-28,Cash,Strickland-Long,Dinner,8305,0,-8305,2,4,Tue,0
id333722,2026-04-29,SavingsBank,Cleaning,Hire,6231,0,-6231,2,4,Wed,0
id559683,2026-04-29,CreditCard,Kim LLC,House,976,0,-976,2,4,Wed,0
id993248,2026-04-29,SavingsBank,Jones-Andrews,Books,8608,0,-8608,2,4,Wed,0
id907973,2026-04-29,SavingsBank,James Inc,Insurance,9127,0,-9127,2,4,Wed,0
id149332,2026-04-30,CreditCard,Norman-Armstrong,Fuel,4214,0,-4214,2,4,Thu,0
id712556,2026-04-30,CheckingAccount,Sandoval-Anderson,Dinner,4644,0,-4644,2,4,Thu,0
id158441,2026-04-30,Cash,Dickerson Group,House,3705,0,-3705,2,4,Thu,0
id359987,2026-04-30,SavingsBank,Richardson Sullivan and Anderson,Books,5520,0,-5520,2,4,Thu,0
id844857,2026-04-30,Cash,Banks LLC,Books,5151,0,-5151,2,4,Thu,0
id237833,2026-05-01,CreditCard,Torres-Montgomery,Fuel,7003,0,-7003,2,5,Fri,0
id718780,2026-05-01,CheckingAccount,Vasquez-Tucker,Dinner,9180,0,-9180,2,5,Fri,0
id223726,2026-05-01,CheckingAccount,Owens Johnson and Pearson,Dinner,4167,0,-4167,2,5,Fri,0
id257801,2026-05-01,CreditCard,Jackson-Watkins,Books,8264,0,-8264,2,5,Fri,0
id633831,2026-05-01,SavingsBank,Interest,Interest,0,3514,3514,2,5,Fri,0
id759407,2026-05-01,Cash,Jackson Ray and Tapia,Internet,1653,0,-1653,2,5,Fri,0
id215234,2026-05-02,CheckingAccount,Clark Johnson and Barnes,School,7680,0,-7680,2,5,Sat,0
id458798,2026-05-02,Cash,Accountant,Hire,9027,0,-9027,2,5,Sat,0
id855862,2026-05-02,CreditCard,Bradley-Conner,School,9652,0,-9652,2,5,Sat,0
id825254,2026-05-02,SavingsBank,Salazar-Anderson,Investment,923,0,-923,2,5,Sat,1
id195092,2026-05-02,SavingsBank,Brooks-Rosario,Telephone,4062,0,-4062,2,5,Sat,0
id897693,2026-05-03,Cash,White Group,School,3541,0,-3541,2,5,Sun,0
id528914,2026-05-03,CheckingAccount,Huff Ross and Aguirre,Investment,4484,0,-4484,2,5,Sun,1
id493159,2026-05-03,CreditCard,Davis Jacobs and Horn,House,7217,0,-7217,2,5,Sun,0
id408703,2026-05-04,CheckingAccount,Rocha-Potts,Telephone,1272,0,-1272,2,5,Mon,0
id623396,2026-05-04,SavingsBank,Medina Holloway and Lane,Insurance,8275,0,-8275,2,5,Mon,0
id625038,2026-05-04,Cash,Walton-Martinez,Internet,1344,0,-1344,2,5,Mon,0
id433704,2026-05-04,CheckingAccount,Wright Ltd,Telephone,9781,0,-9781,2,5,Mon,0
id983738,2026-05-05,CreditCard,Hawkins-Rasmussen,Grocery,1561,0,-1561,2,5,Tue,0
id644896,2026-05-05,Cash,Chavez Morrow and Lee,Grocery,3218,0,-3218,2,5,Tue,0
id136028,2026-05-05,CreditCard,Clements Riley and Brown,Tax,1641,0,-1641,2,5,Tue,0
id708066,2026-05-05,CheckingAccount,Thompson Henderson and Perkins,Dinner,8589,0,-8589,2,5,Tue,0
id415764,2026-05-05,CheckingAccount,Ford-Martinez,Internet,8108,0,-8108,2,5,Tue,0
id963915,2026-05-05,SavingsBank,Gross-Patterson,Tax,4716,0,-4716,2,5,Tue,0
id234790,2026-05-05,Cash,Shepard Smith and Duncan,Books,5523,0,-5523,2,5,Tue,0
id597471,2026-05-05,CreditCard,Watson Ltd,Investment,1231,0,-1231,2,5,Tue,1
id822369,2026-05-06,CreditCard,Smith-Neal,Books,2299,0,-2299,2,5,Wed,0
id870100,2026-05-06,Cash,Turner Group,Tax,2893,0,-2893,2,5,Wed,0
id353344,2026-05-06,CheckingAccount,Martinez Brooks and Meyer,Internet,3019,0,-3019,2,5,Wed,0
id370986,2026-05-06,CreditCard,Stewart LLC,Dinner,3998,0,-3998,2,5,Wed,0
id592773,2026-05-06,CreditCard,Cleaning,Hire,7217,0,-7217,2,5,Wed,0
id772994,2026-05-06,Cash,Williams Peters and Manning,Investment,4634,0,-4634,2,5,Wed,1
id118785,2026-05-06,Cash,Diaz-Anderson,School,4585,0,-4585,2,5,Wed,0
id370594,2026-05-06,SavingsBank,Adams Lin and King,Fuel,2451,0,-2451,2,5,Wed,0
id203916,2026-05-07,CheckingAccount,Moreno Sims and Perez,School,7915,0,-7915,2,5,Thu,0
id577485,2026-05-07,Cash,Munoz-Gonzalez,Internet,8415,0,-8415,2,5,Thu,0
id232562,2026-05-07,CheckingAccount,Ellis Johnson and Hunt,Fuel,2280,0,-2280,2,5,Thu,0
id231826,2026-05-07,CreditCard,Sandoval Glass and Walter,Fuel,7807,0,-7807,2,5,Thu,0
id927393,2026-05-07,Cash,Clark-Walker,Fuel,9662,0,-9662,2,5,Thu,0
id931661,2026-05-07,CheckingAccount,Spencer Fox and Esparza,School,1495,0,-1495,2,5,Thu,0
id407233,2026-05-07,SavingsBank,Wagner-Johnson,Fuel,180,0,-180,2,5,Thu,0
id635086,2026-05-07,Cash,Carter-Bush,Books,9338,0,-9338,2,5,Thu,0
id136054,2026-05-07,CreditCard,Manning Munoz and Perkins,Fuel,6273,0,-6273,2,5,Thu,0
id196244,2026-05-08,CheckingAccount,Martinez and Sons,Insurance,5163,0,-5163,2,5,Fri,0
id469992,2026-05-08,CreditCard,Robertson Inc,Fuel,8206,0,-8206,2,5,Fri,0
id456985,2026-05-08,Cash,Evans Group,Internet,9419,0,-9419,2,5,Fri,0
id333261,2026-05-08,CreditCard,Monroe Group,Fuel,9958,0,-9958,2,5,Fri,0
id151526,2026-05-08,Cash,Harrington-Terry,Telephone,5799,0,-5799,2,5,Fri,0
id253584,2026-05-08,CheckingAccount,Romero Salazar and Hardin,Investment,9060,0,-9060,2,5,Fri,1
id646787,2026-05-08,Cash,Davis Schneider and Price,Books,9531,0,-9531,2,5,Fri,0
id157934,2026-05-09,SavingsBank,Villa Miller and Martin,House,198,0,-198,2,5,Sat,0
id315196,2026-05-09,SavingsBank,Harvey-Robinson,Grocery,678,0,-678,2,5,Sat,0
id478943,2026-05-09,CheckingAccount,Cab,Hire,9975,0,-9975,2,5,Sat,0
id571168,2026-05-09,CheckingAccount,Ramirez-Lewis,Insurance,5465,0,-5465,2,5,Sat,0
id884622,2026-05-09,CreditCard,Austin-Casey,Insurance,2699,0,-2699,2,5,Sat,0
id559943,2026-05-09,CreditCard,Thomas Oconnell and Humphrey,Books,8555,0,-8555,2,5,Sat,0
id365777,2026-05-09,Cash,Wheeler-Mason,Tax,7471,0,-7471,2,5,Sat,0
id128957,2026-05-09,SavingsBank,Salary,Salary,0,65565,65565,2,5,Sat,0
id925767,2026-05-09,Cash,Johnson Jennings and Bright,Telephone,4256,0,-4256,2,5,Sat,0
id441672,2026-05-10,CheckingAccount,Petersen Lambert and Carr,House,3947,0,-3947,2,5,Sun,0
id117701,2026-05-10,CreditCard,Pope Collins and Butler,House,4224,0,-4224,2,5,Sun,0
id725258,2026-05-10,CreditCard,Anderson-Wade,Telephone,8376,0,-8376,2,5,Sun,0
id993558,2026-05-10,SavingsBank,Driver,Hire,8294,0,-8294,2,5,Sun,0
id281273,2026-05-10,CheckingAccount,Lester Inc,Books,9787,0,-9787,2,5,Sun,0
id489376,2026-05-11,SavingsBank,Interest,Interest,0,1303,1303,2,5,Mon,0
id378065,2026-05-11,CheckingAccount,Weiss Williams and Ward,Books,6350,0,-6350,2,5,Mon,0
id986517,2026-05-11,Cash,Hill-Mclean,School,7408,0,-7408,2,5,Mon,0
id620965,2026-05-12,CheckingAccount,Pena PLC,Books,8394,0,-8394,2,5,Tue,0
id712946,2026-05-12,CheckingAccount,Anderson Cobb and Boone,Fuel,2848,0,-2848,2,5,Tue,0
id790752,2026-05-12,Cash,Hill-Simpson,Investment,4458,0,-4458,2,5,Tue,1
id871962,2026-05-12,CheckingAccount,Stewart Group,Investment,6417,0,-6417,2,5,Tue,1
id734711,2026-05-12,CheckingAccount,Atkinson Baker and Chavez,Books,8175,0,-8175,2,5,Tue,0
id874196,2026-05-12,Cash,Brown-Todd,Tax,5876,0,-5876,2,5,Tue,0
id388834,2026-05-12,Cash,Rodriguez Rodriguez and Rodriguez,Grocery,1139,0,-1139,2,5,Tue,0
id597427,2026-05-12,SavingsBank,Paul Grimes and Hall,Tax,1579,0,-1579,2,5,Tue,0
id587128,2026-05-12,Cash,Shannon Gould and Perry,House,5237,0,-5237,2,5,Tue,0
id720308,2026-05-13,SavingsBank,Johnson Green and Howard,Insurance,2501,0,-2501,2,5,Wed,0
id824440,2026-05-13,CheckingAccount,Mason PLC,Telephone,9911,0,-9911,2,5,Wed,0
id628244,2026-05-13,CheckingAccount,Cleaning,Hire,5072,0,-5072,2,5,Wed,0
id888858,2026-05-13,CheckingAccount,Perry PLC,Telephone,8201,0,-8201,2,5,Wed,0
id791735,2026-05-13,SavingsBank,Ruiz Martin and Chavez,Fuel,105,0,-105,2,5,Wed,0
id169348,2026-05-14,CheckingAccount,Wilson-Barker,Grocery,447,0,-447,2,5,Thu,0
id671714,2026-05-14,SavingsBank,Meyer Armstrong and Young,Investment,5315,0,-5315,2,5,Thu,1
id139199,2026-05-14,CheckingAccount,Jackson Wade and Hubbard,Investment,9178,0,-9178,2,5,Thu,1
id300296,2026-05-14,Cash,Martinez Farrell and Silva,Grocery,1574,0,-1574,2,5,Thu,0
id442589,2026-05-14,CreditCard,Morgan and Sons,Investment,9316,0,-9316,2,5,Thu,1
id325145,2026-05-14,SavingsBank,Nelson Richardson and Faulkner,Books,494,0,-494,2,5,Thu,0
id604692,2026-05-14,Cash,Manning-Wood,Fuel,2163,0,-2163,2,5,Thu,0
id253174,2026-05-14,CheckingAccount,Marquez-Farley,House,2081,0,-2081,2,5,Thu,0
id577092,2026-05-14,CheckingAccount,Fields Cortez and Kim,Dinner,7130,0,-7130,2,5,Thu,0
id828327,2026-05-14,Cash,Wilson Parrish and Davila,Tax,1484,0,-1484,2,5,Thu,0
id624844,2026-05-15,CheckingAccount,Sanders Hays and Frye,Books,369,0,-369,2,5,Fri,0
id217792,2026-05-15,SavingsBank,Fisher LLC,Books,8927,0,-8927,2,5,Fri,0
id310504,2026-05-15,Cash,Jones Keller and Perez,Tax,1681,0,-1681,2,5,Fri,0
id936222,2026-05-15,SavingsBank,Schmidt Miles and Greene,Telephone,5137,0,-5137,2,5,Fri,0
id255931,2026-05-15,CreditCard,Booth Wheeler and Richardson,Investment,7959,0,-7959,2,5,Fri,1
id381991,2026-05-15,Cash,Payne-Miranda,Tax,1430,0,-1430,2,5,Fri,0
id643304,2026-05-16,CreditCard,Henderson Inc,Insurance,6523,0,-6523,2,5,Sat,0
id314043,2026-05-16,CreditCard,Taylor Ltd,House,2135,0,-2135,2,5,Sat,0
id394993,2026-05-16,CheckingAccount,Martin-Thompson,Telephone,7839,0,-7839,2,5,Sat,0
id178030,2026-05-16,CheckingAccount,Lawrence Taylor and Williams,Dinner,8233,0,-8233,2,5,Sat,0
id593270,2026-05-16,SavingsBank,Cleaning,Hire,512,0,-512,2,5,Sat,0
id607772,2026-05-16,Cash,Cunningham-Adams,Telephone,3506,0,-3506,2,5,Sat,0
id255478,2026-05-16,CreditCard,Gonzalez Davis and Silva,School,7942,0,-7942,2,5,Sat,0
id879381,2026-05-16,Cash,Giles Ltd,Grocery,6621,0,-6621,2,5,Sat,0
id385114,2026-05-16,CheckingAccount,Flores-Zamora,Telephone,7788,0,-7788,2,5,Sat,0
id857099,2026-05-17,CheckingAccount,Grimes Newton and Walker,Insurance,1366,0,-1366,2,5,Sun,0
id225955,2026-05-17,CheckingAccount,Hall Lyons and Perkins,Investment,7494,0,-7494,2,5,Sun,1
id835140,2026-05-17,Cash,Patterson-Clark,Books,3663,0,-3663,2,5,Sun,0
id175364,2026-05-17,CheckingAccount,Andrade and Sons,Internet,8964,0,-8964,2,5,Sun,0
id665033,2026-05-17,SavingsBank,Accountant,Hire,7523,0,-7523,2,5,Sun,0
id344108,2026-05-18,SavingsBank,Dividend,Dividend,0,1620,1620,2,5,Mon,0
id470295,2026-05-18,CreditCard,Woods-Chapman,Grocery,1813,0,-1813,2,5,Mon,0
id556269,2026-05-18,Cash,Shelton Johnson and Jones,Books,6550,0,-6550,2,5,Mon,0
id337219,2026-05-18,SavingsBank,Miles-Key,Internet,7900,0,-7900,2,5,Mon,0
id323285,2026-05-18,Cash,Cole Group,Grocery,9953,0,-9953,2,5,Mon,0
id899103,2026-05-19,CreditCard,Allen Group,Investment,5107,0,-5107,2,5,Tue,1
id689787,2026-05-19,CheckingAccount,Green-Schneider,Internet,2790,0,-2790,2,5,Tue,0
id145056,2026-05-19,CheckingAccount,Powell-Sanders,School,3317,0,-3317,2,5,Tue,0
id413259,2026-05-19,CreditCard,Evans Boyd and Fritz,Insurance,4464,0,-4464,2,5,Tue,0
id498815,2026-05-19,Cash,Brown-Moreno,House,2959,0,-2959,2,5,Tue,0
id742086,2026-05-19,CreditCard,Stevens Ltd,Internet,2364,0,-2364,2,5,Tue,0
id918471,2026-05-19,Cash,Bullock and Sons,Dinner,3320,0,-3320,2,5,Tue,0
id524036,2026-05-19,Cash,Mueller Gonzalez and Evans,Internet,8470,0,-8470,2,5,Tue,0
id551486,2026-05-19,CreditCard,Cruz Group,Dinner,442,0,-442,2,5,Tue,0
id528083,2026-05-20,CreditCard,Schaefer Perez and Medina,Insurance,3890,0,-3890,2,5,Wed,0
id896868,2026-05-20,CreditCard,Allen Kim and Fields,School,9822,0,-9822,2,5,Wed,0
id271147,2026-05-20,SavingsBank,Richard PLC,Internet,4865,0,-4865,2,5,Wed,0
id208583,2026-05-20,SavingsBank,Velasquez Snyder and Navarro,Tax,9096,0,-9096,2,5,Wed,0
id284861,2026-05-20,Cash,Murphy Inc,Grocery,9469,0,-9469,2,5,Wed,0
id137126,2026-05-20,CheckingAccount,Stafford-Wagner,Tax,1371,0,-1371,2,5,Wed,0
id230982,2026-05-20,CreditCard,Ward-Nguyen,House,3549,0,-3549,2,5,Wed,0
id885221,2026-05-20,SavingsBank,Ross Mcbride and Morris,Insurance,1153,0,-1153,2,5,Wed,0
id834077,2026-05-21,CheckingAccount,Ramos-Thomas,Internet,4349,0,-4349,2,5,Thu,0
id362141,2026-05-21,CheckingAccount,Kelly Group,House,4502,0,-4502,2,5,Thu,0
id432824,2026-05-22,CreditCard,Morrison-Velez,Investment,4198,0,-4198,2,5,Fri,1
id891334,2026-05-22,CheckingAccount,Rosario Group,Telephone,4227,0,-4227,2,5,Fri,0
id426658,2026-05-22,CreditCard,Smith-White,Investment,4356,0,-4356,2,5,Fri,1
id452205,2026-05-22,CreditCard,Brown Ltd,School,7003,0,-7003,2,5,Fri,0
id850162,2026-05-22,SavingsBank,Juarez Tate and Kelly,Books,8125,0,-8125,2,5,Fri,0
id509540,2026-05-22,CreditCard,Wu-Schwartz,Books,3561,0,-3561,2,5,Fri,0
id270338,2026-05-22,CheckingAccount,Moore-Christensen,Books,2402,0,-2402,2,5,Fri,0
id118210,2026-05-22,SavingsBank,Jones Ltd,House,1408,0,-1408,2,5,Fri,0
id949539,2026-05-22,CreditCard,Williams Group,Tax,6274,0,-6274,2,5,Fri,0
id889526,2026-05-22,SavingsBank,Sullivan Eaton and Manning,Grocery,6001,0,-6001,2,5,Fri,0
id534562,2026-05-23,SavingsBank,Morris-Williams,House,8983,0,-8983,2,5,Sat,0
id691194,2026-05-23,SavingsBank,Salary,Salary,0,7770,7770,2,5,Sat,0
id370295,2026-05-23,Cash,Rogers-Hansen,Tax,5949,0,-5949,2,5,Sat,0
id326125,2026-05-24,CreditCard,Gutierrez Pierce and Hughes,House,2075,0,-2075,2,5,Sun,0
id237524,2026-05-24,CreditCard,Driver,Hire,8785,0,-8785,2,5,Sun,0
id540587,2026-05-24,CreditCard,Mann Adams and Bradley,Fuel,169,0,-169,2,5,Sun,0
id647412,2026-05-24,SavingsBank,Evans PLC,Investment,3426,0,-3426,2,5,Sun,1
id987605,2026-05-24,CheckingAccount,Weiss Martin and Montgomery,Dinner,6841,0,-6841,2,5,Sun,0
id683737,2026-05-25,CreditCard,Jackson Inc,Internet,7013,0,-7013,2,5,Mon,0
id658247,2026-05-25,Cash,Vega Massey and Warren,Investment,5713,0,-5713,2,5,Mon,1
id917139,2026-05-25,CreditCard,King-Swanson,Internet,8562,0,-8562,2,5,Mon,0
id950846,2026-05-25,SavingsBank,Banks-Nelson,Grocery,1831,0,-1831,2,5,Mon,0
id722149,2026-05-25,SavingsBank,Dividend,Dividend,0,1890,1890,2,5,Mon,0
id465757,2026-05-26,CheckingAccount,Ramirez LLC,School,9352,0,-9352,2,5,Tue,0
id242714,2026-05-26,Cash,Garcia-Murray,School,327,0,-327,2,5,Tue,0
id371858,2026-05-26,Cash,Cleaning,Hire,2054,0,-2054,2,5,Tue,0
id855676,2026-05-26,Cash,Perry Thomas and Ramirez,Fuel,7919,0,-7919,2,5,Tue,0
id628781,2026-05-26,Cash,Henderson and Sons,House,4983,0,-4983,2,5,Tue,0
id518512,2026-05-26,Cash,Harmon Ltd,House,4250,0,-4250,2,5,Tue,0
id425134,2026-05-26,Cash,Hood Ltd,Dinner,2445,0,-2445,2,5,Tue,0
id369310,2026-05-27,CreditCard,Cleaning,Hire,579,0,-579,2,5,Wed,0
id957772,2026-05-27,Cash,Parker-Jones,School,7371,0,-7371,2,5,Wed,0
id522288,2026-05-27,SavingsBank,Dividend,Dividend,0,9684,9684,2,5,Wed,0
id892286,2026-05-27,CreditCard,Anderson Whitaker and Maldonado,Fuel,286,0,-286,2,5,Wed,0
id809497,2026-05-27,CreditCard,Campbell Blankenship and Black,Fuel,1835,0,-1835,2,5,Wed,0
id198606,2026-05-27,CreditCard,Thompson-Kemp,Grocery,4002,0,-4002,2,5,Wed,0
id441582,2026-05-27,Cash,Thomas Jones and Davidson,House,6250,0,-6250,2,5,Wed,0
id838572,2026-05-28,CreditCard,Cooper Ltd,Telephone,9455,0,-9455,2,5,Thu,0
id766188,2026-05-28,SavingsBank,Parker-Smith,Dinner,538,0,-538,2,5,Thu,0
id134575,2026-05-28,Cash,Cox Group,Tax,6319,0,-6319,2,5,Thu,0
id873934,2026-05-28,CreditCard,Smith PLC,Grocery,7589,0,-7589,2,5,Thu,0
id995210,2026-05-28,SavingsBank,Simpson and Sons,Books,5814,0,-5814,2,5,Thu,0
id496461,2026-05-29,Cash,Berry-Perez,Grocery,5618,0,-5618,2,5,Fri,0
id316828,2026-05-29,Cash,Rodriguez-Anderson,School,4428,0,-4428,2,5,Fri,0
id779100,2026-05-29,CheckingAccount,Gomez Wright and Chen,Tax,9098,0,-9098,2,5,Fri,0
id856419,2026-05-29,CheckingAccount,Hunter and Sons,Grocery,3701,0,-3701,2,5,Fri,0
id739950,2026-05-29,CreditCard,Robertson-Bonilla,Insurance,2722,0,-2722,2,5,Fri,0
id676295,2026-05-29,Cash,Cab,Hire,5564,0,-5564,2,5,Fri,0
id167448,2026-05-30,SavingsBank,Salary,Salary,0,5760,5760,2,5,Sat,0
id998028,2026-05-30,CreditCard,Turner-Taylor,Internet,205,0,-205,2,5,Sat,0
id506915,2026-05-30,SavingsBank,Tucker-Stewart,Tax,2102,0,-2102,2,5,Sat,0
id697819,2026-05-30,Cash,Williams-Gates,Books,5551,0,-5551,2,5,Sat,0
id314965,2026-05-30,CreditCard,Rivera-Bell,Investment,6751,0,-6751,2,5,Sat,1
id797260,2026-05-30,Cash,Ruiz-Wright,Fuel,5810,0,-5810,2,5,Sat,0
id628354,2026-05-30,Cash,Brown-Garcia,Insurance,8122,0,-8122,2,5,Sat,0
id366988,2026-05-30,Cash,Maddox Inc,Insurance,9781,0,-9781,2,5,Sat,0
id426412,2026-05-30,SavingsBank,Salary,Salary,0,4080,4080,2,5,Sat,0
id780262,2026-05-31,CheckingAccount,Cab,Hire,6853,0,-6853,2,5,Sun,0
id885416,2026-05-31,SavingsBank,Kelley Bowers and Alvarado,Telephone,3511,0,-3511,2,5,Sun,0
id496900,2026-05-31,Cash,Cab,Hire,9108,0,-9108,2,5,Sun,0
id259873,2026-05-31,SavingsBank,Dividend,Dividend,0,3730,3730,2,5,Sun,0
id513530,2026-05-31,CreditCard,Frazier Neal and Vargas,House,1802,0,-1802,2,5,Sun,0
id491481,2026-05-31,CheckingAccount,Rodriguez LLC,Grocery,2861,0,-2861,2,5,Sun,0
id810915,2026-06-01,SavingsBank,Interest,Interest,0,2579,2579,2,6,Mon,0
id298080,2026-06-01,CreditCard,Roberts Garcia and Burns,Insurance,9111,0,-9111,2,6,Mon,0
id470689,2026-06-01,CheckingAccount,Jones Wilson and Ellis,Investment,5345,0,-5345,2,6,Mon,1
id818658,2026-06-01,Cash,Miller Lang and Miller,Dinner,446,0,-446,2,6,Mon,0
id141338,2026-06-01,SavingsBank,Dividend,Dividend,0,6683,6683,2,6,Mon,0
id648329,2026-06-01,CheckingAccount,Williams Jones and Moore,Insurance,1206,0,-1206,2,6,Mon,0
id644965,2026-06-02,Cash,Alvarez Inc,Investment,9448,0,-9448,2,6,Tue,1
id923057,2026-06-02,CreditCard,Adams Goodwin and English,Fuel,5426,0,-5426,2,6,Tue,0
id888499,2026-06-02,CheckingAccount,Walker-Padilla,Books,8330,0,-8330,2,6,Tue,0
id632169,2026-06-02,SavingsBank,Garcia Schmidt and Hernandez,Books,3773,0,-3773,2,6,Tue,0
id484249,2026-06-02,CheckingAccount,Driver,Hire,1727,0,-1727,2,6,Tue,0
id794856,2026-06-02,SavingsBank,Dividend,Dividend,0,3754,3754,2,6,Tue,0
id622500,2026-06-02,CheckingAccount,Roberts Torres and Jones,Dinner,7601,0,-7601,2,6,Tue,0
id629719,2026-06-03,SavingsBank,Buchanan Inc,Telephone,4390,0,-4390,2,6,Wed,0
id999564,2026-06-03,Cash,Perez Sutton and Malone,Internet,8205,0,-8205,2,6,Wed,0
id142259,2026-06-03,CreditCard,Johnson PLC,Insurance,486,0,-486,2,6,Wed,0
id674000,2026-06-03,SavingsBank,Shannon LLC,Grocery,456,0,-456,2,6,Wed,0
id725683,2026-06-03,CheckingAccount,Gibson PLC,Fuel,1788,0,-1788,2,6,Wed,0
id179955,2026-06-03,CheckingAccount,Novak-Johnson,Telephone,5526,0,-5526,2,6,Wed,0
id827065,2026-06-03,CheckingAccount,Morris Group,Fuel,9416,0,-9416,2,6,Wed,0
id979024,2026-06-04,CheckingAccount,Allen Long and Olson,Insurance,4190,0,-4190,2,6,Thu,0
id636944,2026-06-04,SavingsBank,Miller-Spencer,Dinner,5177,0,-5177,2,6,Thu,0
id864112,2026-06-04,Cash,Peters and Sons,Fuel,6171,0,-6171,2,6,Thu,0
id193610,2026-06-05,SavingsBank,Morgan-Young,Tax,1705,0,-1705,2,6,Fri,0
id245720,2026-06-05,Cash,Campbell Inc,Dinner,5375,0,-5375,2,6,Fri,0
id811887,2026-06-05,SavingsBank,Driver,Hire,3491,0,-3491,2,6,Fri,0
id247082,2026-06-05,Cash,Montoya-Bell,Insurance,3848,0,-3848,2,6,Fri,0
id550269,2026-06-05,Cash,Sims Ltd,Investment,3179,0,-3179,2,6,Fri,1
id900071,2026-06-05,SavingsBank,Salary,Salary,0,117705,117705,2,6,Fri,0
id966365,2026-06-05,CreditCard,Barker Park and Cruz,Telephone,7562,0,-7562,2,6,Fri,0
id702326,2026-06-05,SavingsBank,Thomas LLC,Fuel,8065,0,-8065,2,6,Fri,0
id401937,2026-06-06,CreditCard,Medina Vega and Rodriguez,Internet,5147,0,-5147,2,6,Sat,0
id665530,2026-06-06,CreditCard,Snyder Ltd,Telephone,4120,0,-4120,2,6,Sat,0
id430166,2026-06-06,CreditCard,Mcbride Malone and Jones,Books,3401,0,-3401,2,6,Sat,0
id887643,2026-06-06,CreditCard,Acevedo-Frazier,Tax,5153,0,-5153,2,6,Sat,0
id740419,2026-06-06,CheckingAccount,Kramer Thomas and Dennis,Fuel,6534,0,-6534,2,6,Sat,0
id637089,2026-06-06,SavingsBank,Interest,Interest,0,5186,5186,2,6,Sat,0
id653673,2026-06-06,CheckingAccount,Brown and Sons,Fuel,5046,0,-5046,2,6,Sat,0
id932954,2026-06-06,SavingsBank,Martinez LLC,Books,6748,0,-6748,2,6,Sat,0
id246032,2026-06-06,CheckingAccount,George and Sons,House,8742,0,-8742,2,6,Sat,0
id504115,2026-06-06,SavingsBank,Hopkins Jones and Mercer,Investment,4591,0,-4591,2,6,Sat,1
id719913,2026-06-06,CreditCard,Driver,Hire,7844,0,-7844,2,6,Sat,0
id598618,2026-06-07,SavingsBank,Cab,Hire,285,0,-285,2,6,Sun,0
id367506,2026-06-07,CheckingAccount,Hamilton and Sons,Telephone,9677,0,-9677,2,6,Sun,0
id469109,2026-06-07,Cash,Reed Price and Taylor,Books,3485,0,-3485,2,6,Sun,0
id774066,2026-06-08,CheckingAccount,Murphy Jones and Butler,Insurance,9397,0,-9397,2,6,Mon,0
id823132,2026-06-08,Cash,Byrd and Sons,Grocery,278,0,-278,2,6,Mon,0
id725669,2026-06-08,Cash,Brandt-Evans,Internet,2501,0,-2501,2,6,Mon,0
id295896,2026-06-08,CheckingAccount,Walker-Robinson,Books,4956,0,-4956,2,6,Mon,0
id714847,2026-06-08,SavingsBank,Berg Mckinney and Barton,Grocery,9701,0,-9701,2,6,Mon,0
id497005,2026-06-08,SavingsBank,Ford-Chang,House,6240,0,-6240,2,6,Mon,0
id620677,2026-06-08,SavingsBank,Bass-Hughes,Books,5776,0,-5776,2,6,Mon,0
id681403,2026-06-08,CheckingAccount,Allen-Sharp,Tax,3714,0,-3714,2,6,Mon,0
id130502,2026-06-08,SavingsBank,Cohen PLC,Dinner,6982,0,-6982,2,6,Mon,0
id286093,2026-06-09,SavingsBank,Salary,Salary,0,64215,64215,2,6,Tue,0
id281404,2026-06-09,SavingsBank,Salary,Salary,0,29565,29565,2,6,Tue,0
id854446,2026-06-09,CheckingAccount,West Ltd,Dinner,6664,0,-6664,2,6,Tue,0
id771209,2026-06-09,CreditCard,Lawson Olson and Smith,Dinner,190,0,-190,2,6,Tue,0
id229576,2026-06-09,CreditCard,Cole-Shepard,Telephone,8430,0,-8430,2,6,Tue,0
id822890,2026-06-09,SavingsBank,Perez Hernandez and Shannon,School,1445,0,-1445,2,6,Tue,0
id712646,2026-06-09,CreditCard,Burns Inc,Dinner,5386,0,-5386,2,6,Tue,0
id661854,2026-06-10,CheckingAccount,Driver,Hire,1275,0,-1275,2,6,Wed,0
id584409,2026-06-10,CheckingAccount,Harris Ward and Alvarez,Fuel,9668,0,-9668,2,6,Wed,0
id861284,2026-06-10,CheckingAccount,Charles Padilla and Moreno,Internet,1282,0,-1282,2,6,Wed,0
id763554,2026-06-10,SavingsBank,Interest,Interest,0,9462,9462,2,6,Wed,0
id252163,2026-06-10,CreditCard,Campbell PLC,Tax,857,0,-857,2,6,Wed,0
id302361,2026-06-10,SavingsBank,Interest,Interest,0,9254,9254,2,6,Wed,0
id397814,2026-06-10,Cash,Hayes Ltd,Insurance,3216,0,-3216,2,6,Wed,0
id346275,2026-06-10,CheckingAccount,Cross-Sexton,School,9406,0,-9406,2,6,Wed,0
id445224,2026-06-11,CheckingAccount,West-Wiley,School,2198,0,-2198,2,6,Thu,0
id748988,2026-06-11,CheckingAccount,Davis Moore and Bailey,Grocery,6769,0,-6769,2,6,Thu,0
id460580,2026-06-11,Cash,Morris-Murphy,Grocery,497,0,-497,2,6,Thu,0
id664213,2026-06-11,CheckingAccount,Ramirez Lyons and Allen,Grocery,9328,0,-9328,2,6,Thu,0
id198782,2026-06-11,CheckingAccount,Boyer-King,Books,4729,0,-4729,2,6,Thu,0
id719329,2026-06-11,CheckingAccount,Stewart Porter and Jackson,Tax,8051,0,-8051,2,6,Thu,0
id177484,2026-06-11,Cash,Sims-Elliott,Insurance,6226,0,-6226,2,6,Thu,0
id639727,2026-06-11,CreditCard,Cox-Nelson,School,520,0,-520,2,6,Thu,0
id361875,2026-06-12,CreditCard,Sutton-Velasquez,Tax,7832,0,-7832,2,6,Fri,0
id942917,2026-06-12,CheckingAccount,Taylor Ltd,Insurance,5996,0,-5996,2,6,Fri,0
id442422,2026-06-12,SavingsBank,Collier Ltd,Insurance,5735,0,-5735,2,6,Fri,0
id770418,2026-06-12,CheckingAccount,Martin Riley and Hansen,Investment,1815,0,-1815,2,6,Fri,1
id872035,2026-06-12,CreditCard,Harrell-Burke,Fuel,4503,0,-4503,2,6,Fri,0
id464339,2026-06-12,Cash,Jordan Ashley and Schroeder,Internet,6376,0,-6376,2,6,Fri,0
id925852,2026-06-12,SavingsBank,Ferguson Watson and Dawson,Telephone,2049,0,-2049,2,6,Fri,0
id764884,2026-06-12,CreditCard,Mcdaniel LLC,Dinner,3282,0,-3282,2,6,Fri,0
id798849,2026-06-12,CheckingAccount,Carr-Thompson,Insurance,7546,0,-7546,2,6,Fri,0
id269603,2026-06-13,Cash,Eaton Warren and Harris,Insurance,2838,0,-2838,2,6,Sat,0
id947873,2026-06-13,CheckingAccount,Weiss-Hooper,Dinner,6477,0,-6477,2,6,Sat,0
id914636,2026-06-13,CheckingAccount,Conley PLC,Internet,8084,0,-8084,2,6,Sat,0
id448432,2026-06-13,Cash,Ferguson Inc,Telephone,9596,0,-9596,2,6,Sat,0
id464276,2026-06-13,SavingsBank,Turner LLC,Books,8293,0,-8293,2,6,Sat,0
id725585,2026-06-14,Cash,Castillo PLC,Tax,7284,0,-7284,2,6,Sun,0
id944416,2026-06-14,Cash,Chandler-Lawson,Dinner,9880,0,-9880,2,6,Sun,0
id257401,2026-06-14,SavingsBank,Driver,Hire,5035,0,-5035,2,6,Sun,0
id960558,2026-06-14,CheckingAccount,Hill-Andrews,House,2148,0,-2148,2,6,Sun,0
id541010,2026-06-14,Cash,Mcintyre-Castillo,House,3118,0,-3118,2,6,Sun,0
id868570,2026-06-14,CreditCard,Simon-Juarez,School,4041,0,-4041,2,6,Sun,0
id123522,2026-06-15,CreditCard,Hicks Jackson and Clark,Investment,2615,0,-2615,2,6,Mon,1
id727821,2026-06-15,SavingsBank,Hopkins-Miller,Internet,6287,0,-6287,2,6,Mon,0
id370915,2026-06-15,SavingsBank,Roth-Phillips,Telephone,1974,0,-1974,2,6,Mon,0
id574831,2026-06-16,CheckingAccount,Williams LLC,Tax,5039,0,-5039,2,6,Tue,0
id575434,2026-06-16,SavingsBank,Dividend,Dividend,0,3446,3446,2,6,Tue,0
id345491,2026-06-16,SavingsBank,Rowland Inc,Grocery,5993,0,-5993,2,6,Tue,0
id353580,2026-06-16,CreditCard,Daniels Group,Grocery,8937,0,-8937,2,6,Tue,0
id368920,2026-06-16,SavingsBank,Driver,Hire,6144,0,-6144,2,6,Tue,0
id439303,2026-06-16,CreditCard,Pacheco-Howard,Grocery,5241,0,-5241,2,6,Tue,0
id945653,2026-06-16,SavingsBank,Mason LLC,Investment,7043,0,-7043,2,6,Tue,1
id661351,2026-06-16,SavingsBank,Taylor-Holder,Insurance,9168,0,-9168,2,6,Tue,0
id239225,2026-06-17,Cash,Best-Horn,House,7971,0,-7971,2,6,Wed,0
id416134,2026-06-17,Cash,Miller Johnson and Anderson,Grocery,371,0,-371,2,6,Wed,0
id213398,2026-06-17,Cash,Long Edwards and Perez,Investment,2536,0,-2536,2,6,Wed,1
id221905,2026-06-17,CreditCard,Kelley Ltd,School,9697,0,-9697,2,6,Wed,0
id132950,2026-06-17,Cash,Williams-Morrison,House,8638,0,-8638,2,6,Wed,0
id345864,2026-06-18,CreditCard,Newman Clark and White,Investment,4876,0,-4876,2,6,Thu,1
id164615,2026-06-18,Cash,Smith-Sampson,School,909,0,-909,2,6,Thu,0
id154079,2026-06-18,SavingsBank,Perez Johnston and Murphy,Grocery,906,0,-906,2,6,Thu,0
id735804,2026-06-18,CreditCard,Tucker Johnson and Douglas,Insurance,1253,0,-1253,2,6,Thu,0
id392721,2026-06-18,CreditCard,Owen-Howard,Grocery,6515,0,-6515,2,6,Thu,0
id619915,2026-06-19,CreditCard,Jones Inc,Books,5491,0,-5491,2,6,Fri,0
id897392,2026-06-19,Cash,Lopez Wang and Smith,Telephone,5588,0,-5588,2,6,Fri,0
id131846,2026-06-19,SavingsBank,Wallace Sanchez and Roberts,Tax,9578,0,-9578,2,6,Fri,0
id631250,2026-06-19,Cash,Brown PLC,Tax,7197,0,-7197,2,6,Fri,0
id289334,2026-06-19,CreditCard,Jackson Luna and Sanchez,Internet,9224,0,-9224,2,6,Fri,0
id726888,2026-06-19,CreditCard,Shaw-Hunter,Grocery,6243,0,-6243,2,6,Fri,0
id344359,2026-06-19,SavingsBank,Interest,Interest,0,4788,4788,2,6,Fri,0
id557109,2026-06-20,Cash,Ortiz Rose and Vaughn,Investment,3150,0,-3150,2,6,Sat,1
id900403,2026-06-20,CheckingAccount,Heath Ltd,Fuel,1562,0,-1562,2,6,Sat,0
id639615,2026-06-20,SavingsBank,Armstrong-James,Investment,126,0,-126,2,6,Sat,1
id286788,2026-06-20,Cash,Sanders Beck and Young,Insurance,4624,0,-4624,2,6,Sat,0
id435889,2026-06-20,CreditCard,Cleaning,Hire,7748,0,-7748,2,6,Sat,0
id410018,2026-06-20,CreditCard,Castillo-Allen,School,7949,0,-7949,2,6,Sat,0
id417863,2026-06-20,Cash,Taylor Ltd,School,4977,0,-4977,2,6,Sat,0
id113172,2026-06-21,Cash,Brown-Dawson,Grocery,9244,0,-9244,2,6,Sun,0
id992843,2026-06-21,CheckingAccount,Fisher Group,Dinner,3715,0,-3715,2,6,Sun,0
id348105,2026-06-21,CreditCard,Moore-White,Tax,746,0,-746,2,6,Sun,0
id856361,2026-06-21,Cash,West Maldonado and Watson,School,8475,0,-8475,2,6,Sun,0
id334230,2026-06-21,CheckingAccount,Chambers Phillips and Harrison,Insurance,578,0,-578,2,6,Sun,0
id350148,2026-06-22,CreditCard,Wood Group,Telephone,1988,0,-1988,2,6,Mon,0
id477742,2026-06-22,CreditCard,Hopkins Inc,Fuel,1204,0,-1204,2,6,Mon,0
id291641,2026-06-22,CheckingAccount,Nelson Group,Fuel,2815,0,-2815,2,6,Mon,0
id659883,2026-06-22,Cash,Rivera LLC,Grocery,3878,0,-3878,2,6,Mon,0
id462515,2026-06-22,CheckingAccount,Hale and Sons,School,3289,0,-3289,2,6,Mon,0
id221625,2026-06-22,SavingsBank,Burke Russell and Dillon,Dinner,9654,0,-9654,2,6,Mon,0
id114499,2026-06-22,SavingsBank,Crawford-Smith,School,6528,0,-6528,2,6,Mon,0
id900747,2026-06-22,Cash,Ross-Lewis,Fuel,2673,0,-2673,2,6,Mon,0
id367785,2026-06-22,CreditCard,Barnes Group,Books,6785,0,-6785,2,6,Mon,0
id747208,2026-06-22,Cash,Holloway Meyers and Clark,Grocery,4147,0,-4147,2,6,Mon,0
id345632,2026-06-23,CreditCard,Brown and Sons,Insurance,488,0,-488,2,6,Tue,0
id146420,2026-06-23,CheckingAccount,Brady Ltd,Insurance,1439,0,-1439,2,6,Tue,0
id814804,2026-06-23,CreditCard,Gomez-Norman,Investment,9360,0,-9360,2,6,Tue,1
id506183,2026-06-23,CheckingAccount,Driver,Hire,5390,0,-5390,2,6,Tue,0
id978381,2026-06-23,SavingsBank,Dividend,Dividend,0,2277,2277,2,6,Tue,0
id992195,2026-06-23,SavingsBank,Ware Rodriguez and Merritt,Books,863,0,-863,2,6,Tue,0
id992699,2026-06-24,Cash,Smith-Abbott,Tax,8564,0,-8564,2,6,Wed,0
id729443,2026-06-24,CheckingAccount,Hughes Lowe and Maxwell,Investment,4332,0,-4332,2,6,Wed,1
id644730,2026-06-25,CheckingAccount,West Manning and Cole,Grocery,3830,0,-3830,2,6,Thu,0
id386762,2026-06-25,CreditCard,Carpenter Meyer and Robinson,Grocery,2009,0,-2009,2,6,Thu,0
id116124,2026-06-26,SavingsBank,Anderson PLC,Internet,8486,0,-8486,2,6,Fri,0
id533123,2026-06-26,SavingsBank,Dividend,Dividend,0,416,416,2,6,Fri,0
id851031,2026-06-26,Cash,Ross-Kim,Tax,9189,0,-9189,2,6,Fri,0
id837017,2026-06-27,Cash,Avery Ltd,Books,8806,0,-8806,2,6,Sat,0
id738981,2026-06-27,CheckingAccount,Williams-Ramos,Fuel,8589,0,-8589,2,6,Sat,0
id559993,2026-06-27,CreditCard,Holmes Wilkerson and Lee,School,145,0,-145,2,6,Sat,0
id206790,2026-06-27,Cash,Cowan Ltd,Investment,4037,0,-4037,2,6,Sat,1
id682128,2026-06-27,SavingsBank,Interest,Interest,0,1395,1395,2,6,Sat,0
id357912,2026-06-27,SavingsBank,Dividend,Dividend,0,3510,3510,2,6,Sat,0
id801021,2026-06-27,SavingsBank,Houston-Lopez,Dinner,6025,0,-6025,2,6,Sat,0
id294276,2026-06-27,SavingsBank,Keller-Haney,Insurance,468,0,-468,2,6,Sat,0
id334010,2026-06-27,SavingsBank,Carter PLC,Investment,717,0,-717,2,6,Sat,1
id143752,2026-06-27,SavingsBank,Dividend,Dividend,0,6558,6558,2,6,Sat,0
id723385,2026-06-27,CheckingAccount,Duffy Ltd,Dinner,7266,0,-7266,2,6,Sat,0
id466839,2026-06-28,CreditCard,Walker-Levine,School,7088,0,-7088,2,6,Sun,0
id880103,2026-06-28,SavingsBank,Anderson Dawson and Perez,School,1902,0,-1902,2,6,Sun,0
id975581,2026-06-28,CreditCard,Mendoza Gregory and Ray,Grocery,6951,0,-6951,2,6,Sun,0
id639630,2026-06-28,Cash,Parker-Fletcher,Telephone,2711,0,-2711,2,6,Sun,0
id235337,2026-06-28,CreditCard,Cummings Ray and Brown,Internet,4660,0,-4660,2,6,Sun,0
id783959,2026-06-28,SavingsBank,Dividend,Dividend,0,174,174,2,6,Sun,0
id697693,2026-06-29,SavingsBank,Bennett-Walker,Tax,2501,0,-2501,2,6,Mon,0
id340849,2026-06-29,SavingsBank,Anderson-Lambert,Telephone,6802,0,-6802,2,6,Mon,0
id655131,2026-06-29,CreditCard,Huynh Gordon and Mooney,Dinner,8076,0,-8076,2,6,Mon,0
id196352,2026-06-29,CheckingAccount,Nelson and Sons,Telephone,5333,0,-5333,2,6,Mon,0
id143546,2026-06-29,Cash,Williams-Baird,House,1131,0,-1131,2,6,Mon,0
id621539,2026-06-29,CheckingAccount,Shaw-Stanley,Grocery,9137,0,-9137,2,6,Mon,0
id881016,2026-06-29,SavingsBank,Lee and Sons,School,2108,0,-2108,2,6,Mon,0
id556458,2026-06-29,Cash,White-Blair,School,2234,0,-2234,2,6,Mon,0
id432029,2026-06-30,Cash,Silva-Jackson,Fuel,8807,0,-8807,2,6,Tue,0
id709333,2026-06-30,CreditCard,Miller Wilson and Williams,Tax,5981,0,-5981,2,6,Tue,0
id550100,2026-06-30,CreditCard,Lawson Brady and Todd,Telephone,8924,0,-8924,2,6,Tue,0
id894692,2026-06-30,CheckingAccount,Accountant,Hire,6616,0,-6616,2,6,Tue,0
id447358,2026-07-01,Cash,Smith-Hayden,School,1176,0,-1176,3,7,Wed,0
id610782,2026-07-01,CheckingAccount,Larson-Klein,Dinner,9584,0,-9584,3,7,Wed,0
id133484,2026-07-01,Cash,Martinez LLC,Books,718,0,-718,3,7,Wed,0
id434815,2026-07-01,SavingsBank,Anderson Group,Books,9278,0,-9278,3,7,Wed,0
id305184,2026-07-01,CreditCard,Bowen-Merritt,School,8578,0,-8578,3,7,Wed,0
id351262,2026-07-01,Cash,Sampson and Sons,Grocery,8565,0,-8565,3,7,Wed,0
id303370,2026-07-01,Cash,Cochran-Lee,Telephone,9946,0,-9946,3,7,Wed,0
id642370,2026-07-02,SavingsBank,Fernandez LLC,Investment,8776,0,-8776,3,7,Thu,1
id979168,2026-07-02,CheckingAccount,Little-Taylor,Fuel,291,0,-291,3,7,Thu,0
id346794,2026-07-02,SavingsBank,Smith-Ochoa,House,6483,0,-6483,3,7,Thu,0
id568424,2026-07-02,Cash,Wagner Johnson and Miller,School,2809,0,-2809,3,7,Thu,0
id255702,2026-07-03,CheckingAccount,Fisher-Kennedy,Dinner,9252,0,-9252,3,7,Fri,0
id280554,2026-07-03,CheckingAccount,Turner-Mcgee,Fuel,8739,0,-8739,3,7,Fri,0
id811647,2026-07-03,CheckingAccount,Robles Ltd,House,7322,0,-7322,3,7,Fri,0
id774799,2026-07-03,CheckingAccount,Hines-Vargas,Books,4193,0,-4193,3,7,Fri,0
id543477,2026-07-03,CreditCard,Williams Sullivan and Miller,Books,7252,0,-7252,3,7,Fri,0
id926055,2026-07-04,CreditCard,Hill and Sons,Tax,9861,0,-9861,3,7,Sat,0
id719276,2026-07-04,SavingsBank,Cab,Hire,8637,0,-8637,3,7,Sat,0
id352428,2026-07-04,CheckingAccount,Walton-Conley,Grocery,3117,0,-3117,3,7,Sat,0
id994625,2026-07-04,CreditCard,Reynolds Green and Lynn,Dinner,5637,0,-5637,3,7,Sat,0
id197939,2026-07-04,CheckingAccount,Fischer PLC,Dinner,588,0,-588,3,7,Sat,0
id259632,2026-07-04,SavingsBank,Huff LLC,House,3908,0,-3908,3,7,Sat,0
id274363,2026-07-04,CheckingAccount,Walker and Sons,Telephone,7111,0,-7111,3,7,Sat,0
id331104,2026-07-05,SavingsBank,Interest,Interest,0,1377,1377,3,7,Sun,0
id588638,2026-07-05,CreditCard,Wood-Hanson,Grocery,4933,0,-4933,3,7,Sun,0
id699672,2026-07-05,CreditCard,Taylor LLC,House,5097,0,-5097,3,7,Sun,0
id999445,2026-07-05,Cash,Martinez Webster and Collins,School,7773,0,-7773,3,7,Sun,0
id807846,2026-07-05,CheckingAccount,Lee-Nichols,Telephone,7362,0,-7362,3,7,Sun,0
id262117,2026-07-05,CheckingAccount,Bryan-Meadows,Tax,961,0,-961,3,7,Sun,0
id365751,2026-07-06,Cash,Lang-Stevens,Grocery,8468,0,-8468,3,7,Mon,0
id697490,2026-07-06,Cash,Hernandez PLC,Grocery,7371,0,-7371,3,7,Mon,0
id504185,2026-07-06,CheckingAccount,Accountant,Hire,4411,0,-4411,3,7,Mon,0
id445982,2026-07-06,CheckingAccount,Love LLC,House,3284,0,-3284,3,7,Mon,0
id173073,2026-07-06,Cash,Robinson-Kemp,Fuel,340,0,-340,3,7,Mon,0
id220313,2026-07-06,CheckingAccount,Pitts-Torres,Investment,7042,0,-7042,3,7,Mon,1
id640165,2026-07-06,CreditCard,Johnson-Hooper,Investment,3543,0,-3543,3,7,Mon,1
id699221,2026-07-06,CreditCard,Williams Clark and Boyer,Books,8777,0,-8777,3,7,Mon,0
id340019,2026-07-06,CheckingAccount,Ortiz-Mosley,Internet,784,0,-784,3,7,Mon,0
id931522,2026-07-07,CreditCard,Becker Group,Dinner,3398,0,-3398,3,7,Tue,0
id665952,2026-07-07,CheckingAccount,Taylor-Williams,Tax,5629,0,-5629,3,7,Tue,0
id255231,2026-07-07,CheckingAccount,Padilla-Miller,Telephone,2092,0,-2092,3,7,Tue,0
id490991,2026-07-07,CheckingAccount,Cab,Hire,1334,0,-1334,3,7,Tue,0
id319386,2026-07-07,Cash,Spencer-Figueroa,House,6485,0,-6485,3,7,Tue,0
id831244,2026-07-07,SavingsBank,Anderson LLC,Books,1474,0,-1474,3,7,Tue,0
id378922,2026-07-07,SavingsBank,Nguyen Munoz and Jordan,Investment,3887,0,-3887,3,7,Tue,1
id333702,2026-07-08,CreditCard,Alexander Group,School,7684,0,-7684,3,7,Wed,0
id391062,2026-07-08,CheckingAccount,Cortez Miller and Yates,School,6106,0,-6106,3,7,Wed,0
id872731,2026-07-08,CreditCard,Cab,Hire,9055,0,-9055,3,7,Wed,0
id885577,2026-07-08,SavingsBank,Salary,Salary,0,3525,3525,3,7,Wed,0
id294230,2026-07-08,CreditCard,Holmes Group,Grocery,2859,0,-2859,3,7,Wed,0
id340798,2026-07-08,CheckingAccount,Lin-Romero,Books,9285,0,-9285,3,7,Wed,0
id618996,2026-07-08,CheckingAccount,Mcdaniel-Schaefer,Fuel,2454,0,-2454,3,7,Wed,0
id871786,2026-07-08,SavingsBank,Dividend,Dividend,0,397,397,3,7,Wed,0
id236091,2026-07-09,SavingsBank,Fitzpatrick LLC,Insurance,3949,0,-3949,3,7,Thu,0
id351251,2026-07-09,Cash,Myers Rodriguez and Davis,School,462,0,-462,3,7,Thu,0
id325198,2026-07-09,SavingsBank,Carroll LLC,Internet,3141,0,-3141,3,7,Thu,0
id233372,2026-07-10,CheckingAccount,Cruz-Brennan,School,9820,0,-9820,3,7,Fri,0
id425493,2026-07-10,CreditCard,Barnes Inc,Insurance,7538,0,-7538,3,7,Fri,0
id512666,2026-07-10,CheckingAccount,Zimmerman Group,House,3275,0,-3275,3,7,Fri,0
id908303,2026-07-10,CheckingAccount,White-Perez,Telephone,8508,0,-8508,3,7,Fri,0
id407462,2026-07-10,CheckingAccount,Wright and Sons,Investment,7100,0,-7100,3,7,Fri,1
id732374,2026-07-10,CreditCard,Eaton Fields and Hernandez,Internet,5407,0,-5407,3,7,Fri,0
id873640,2026-07-10,CreditCard,Meadows Small and Villegas,Dinner,9601,0,-9601,3,7,Fri,0
id614673,2026-07-10,CheckingAccount,Nielsen Harris and Evans,Investment,4614,0,-4614,3,7,Fri,1
id207165,2026-07-10,SavingsBank,Barber-Costa,Fuel,8866,0,-8866,3,7,Fri,0
id634839,2026-07-11,SavingsBank,Salary,Salary,0,125205,125205,3,7,Sat,0
id191152,2026-07-11,CreditCard,Jensen LLC,Grocery,4412,0,-4412,3,7,Sat,0
id577863,2026-07-11,CheckingAccount,Hall Watson and Wilson,Tax,2254,0,-2254,3,7,Sat,0
id381998,2026-07-11,CreditCard,Sanchez Lang and Anderson,Grocery,449,0,-449,3,7,Sat,0
id529528,2026-07-11,SavingsBank,Dividend,Dividend,0,3684,3684,3,7,Sat,0
id885354,2026-07-11,CreditCard,Wilson Ramos and Hickman,House,2744,0,-2744,3,7,Sat,0
id443595,2026-07-11,CheckingAccount,Shields LLC,Internet,1630,0,-1630,3,7,Sat,0
id175555,2026-07-12,CheckingAccount,Gutierrez Inc,Books,9838,0,-9838,3,7,Sun,0
id788150,2026-07-12,CheckingAccount,Silva-Perez,Grocery,5767,0,-5767,3,7,Sun,0
id794147,2026-07-12,Cash,Stanley LLC,Internet,4012,0,-4012,3,7,Sun,0
id930507,2026-07-12,CreditCard,Bennett-Hamilton,Insurance,3897,0,-3897,3,7,Sun,0
id656403,2026-07-13,CheckingAccount,Greene Johnson and Nielsen,School,3287,0,-3287,3,7,Mon,0
id735129,2026-07-13,CheckingAccount,Robinson Inc,Books,8605,0,-8605,3,7,Mon,0
id207724,2026-07-13,CreditCard,Christensen Foster and Harris,School,4053,0,-4053,3,7,Mon,0
id370023,2026-07-14,SavingsBank,Salary,Salary,0,86340,86340,3,7,Tue,0
id116693,2026-07-14,Cash,Peterson LLC,Investment,9855,0,-9855,3,7,Tue,1
id612649,2026-07-14,SavingsBank,Deleon-Vega,Grocery,5183,0,-5183,3,7,Tue,0
id601394,2026-07-14,Cash,Jones and Sons,Grocery,6275,0,-6275,3,7,Tue,0
id526231,2026-07-14,Cash,Driver,Hire,8877,0,-8877,3,7,Tue,0
id117267,2026-07-14,CreditCard,Bailey PLC,School,959,0,-959,3,7,Tue,0
id990098,2026-07-14,CreditCard,Smith Ltd,Dinner,9573,0,-9573,3,7,Tue,0
id293205,2026-07-14,CreditCard,Bell Inc,Telephone,8345,0,-8345,3,7,Tue,0
id764504,2026-07-15,CheckingAccount,Jensen Ltd,Fuel,5001,0,-5001,3,7,Wed,0
id236156,2026-07-15,SavingsBank,Evans-Gonzalez,Tax,9379,0,-9379,3,7,Wed,0
id437898,2026-07-15,CreditCard,Brown and Sons,Fuel,8713,0,-8713,3,7,Wed,0
id372128,2026-07-15,SavingsBank,Dividend,Dividend,0,602,602,3,7,Wed,0
id209462,2026-07-15,CreditCard,Robbins and Sons,Grocery,6397,0,-6397,3,7,Wed,0
id309923,2026-07-15,SavingsBank,Ho-Harris,Fuel,4671,0,-4671,3,7,Wed,0
id213522,2026-07-15,SavingsBank,Norton Inc,Investment,7800,0,-7800,3,7,Wed,1
id849953,2026-07-16,SavingsBank,Moreno Lopez and Branch,House,3875,0,-3875,3,7,Thu,0
id832374,2026-07-16,SavingsBank,Salary,Salary,0,94425,94425,3,7,Thu,0
id960755,2026-07-16,CheckingAccount,Moore Perez and Wilson,House,9019,0,-9019,3,7,Thu,0
id338311,2026-07-16,CheckingAccount,Thomas Carpenter and Howell,House,9531,0,-9531,3,7,Thu,0
id979518,2026-07-16,CheckingAccount,Peters Mcknight and Gregory,Internet,5162,0,-5162,3,7,Thu,0
id607912,2026-07-16,SavingsBank,Dividend,Dividend,0,3088,3088,3,7,Thu,0
id150066,2026-07-17,SavingsBank,Rangel Austin and James,Dinner,4295,0,-4295,3,7,Fri,0
id125985,2026-07-17,Cash,York-Lewis,Telephone,7320,0,-7320,3,7,Fri,0
id158147,2026-07-17,SavingsBank,Interest,Interest,0,3380,3380,3,7,Fri,0
id598031,2026-07-17,CreditCard,Grimes LLC,Grocery,3535,0,-3535,3,7,Fri,0
id486027,2026-07-17,CheckingAccount,Romero LLC,Telephone,1219,0,-1219,3,7,Fri,0
id721585,2026-07-17,CheckingAccount,Tran Cline and Morrison,Dinner,7848,0,-7848,3,7,Fri,0
id151062,2026-07-17,SavingsBank,Dividend,Dividend,0,9679,9679,3,7,Fri,0
id906394,2026-07-19,Cash,Klein-Matthews,School,4764,0,-4764,3,7,Sun,0
id361737,2026-07-19,Cash,Daniel Stewart and Henderson,School,622,0,-622,3,7,Sun,0
id361020,2026-07-19,CheckingAccount,Nunez Gibson and Guerrero,Fuel,2074,0,-2074,3,7,Sun,0
id543598,2026-07-19,CreditCard,Cole-Hill,Investment,6904,0,-6904,3,7,Sun,1
id663067,2026-07-19,SavingsBank,Interest,Interest,0,6818,6818,3,7,Sun,0
id454069,2026-07-19,Cash,Washington Brown and Harrington,Dinner,276,0,-276,3,7,Sun,0
id344706,2026-07-19,CreditCard,Griffin-Vargas,Fuel,6756,0,-6756,3,7,Sun,0
id347143,2026-07-19,Cash,Johnson-Campbell,Fuel,5912,0,-5912,3,7,Sun,0
id354059,2026-07-19,Cash,Hogan Ltd,Internet,4172,0,-4172,3,7,Sun,0
id264366,2026-07-19,CheckingAccount,Johnston-Jones,Insurance,4726,0,-4726,3,7,Sun,0
id414593,2026-07-20,CreditCard,Fuller-Henry,Telephone,4051,0,-4051,3,7,Mon,0
id829831,2026-07-20,CreditCard,Jacobs Harrison and Wright,Dinner,2701,0,-2701,3,7,Mon,0
id519413,2026-07-20,SavingsBank,Lucas-Mckee,Tax,9021,0,-9021,3,7,Mon,0
id866881,2026-07-20,CheckingAccount,Hale Gonzales and Moore,Fuel,3835,0,-3835,3,7,Mon,0
id871322,2026-07-20,SavingsBank,Dividend,Dividend,0,685,685,3,7,Mon,0
id983160,2026-07-20,CheckingAccount,Brown-Jones,Dinner,6703,0,-6703,3,7,Mon,0
id816818,2026-07-20,SavingsBank,Salary,Salary,0,44085,44085,3,7,Mon,0
id531750,2026-07-20,CreditCard,Randall Hamilton and Cooper,House,2098,0,-2098,3,7,Mon,0
id820264,2026-07-20,CreditCard,Morrison Henry and Turner,Dinner,4191,0,-4191,3,7,Mon,0
id399663,2026-07-21,CreditCard,Cohen Inc,Fuel,9558,0,-9558,3,7,Tue,0
id958993,2026-07-21,CreditCard,Hall Benjamin and Werner,Insurance,4165,0,-4165,3,7,Tue,0
id739956,2026-07-21,CreditCard,Cardenas-Murray,School,3262,0,-3262,3,7,Tue,0
id582618,2026-07-21,Cash,Fleming Elliott and Smith,Insurance,5500,0,-5500,3,7,Tue,0
id883156,2026-07-21,SavingsBank,Kelly PLC,Dinner,5293,0,-5293,3,7,Tue,0
id504802,2026-07-21,Cash,West Knight and Blevins,Grocery,7326,0,-7326,3,7,Tue,0
id868864,2026-07-21,Cash,Cleaning,Hire,723,0,-723,3,7,Tue,0
id459017,2026-07-21,CheckingAccount,Peterson PLC,Tax,9194,0,-9194,3,7,Tue,0
id549669,2026-07-22,CheckingAccount,Accountant,Hire,9370,0,-9370,3,7,Wed,0
id869493,2026-07-22,CheckingAccount,Welch-Lee,Fuel,2102,0,-2102,3,7,Wed,0
id615601,2026-07-22,CreditCard,Boyle-Newton,Fuel,1555,0,-1555,3,7,Wed,0
id495343,2026-07-22,CreditCard,Scott-Cannon,Telephone,8107,0,-8107,3,7,Wed,0
id346524,2026-07-22,CreditCard,Accountant,Hire,7720,0,-7720,3,7,Wed,0
id255352,2026-07-22,CreditCard,Mejia Adams and Jones,Dinner,4473,0,-4473,3,7,Wed,0
id776498,2026-07-22,CheckingAccount,Morgan Thompson and Hicks,Fuel,8992,0,-8992,3,7,Wed,0
id678207,2026-07-22,CreditCard,Smith-Wright,Grocery,7140,0,-7140,3,7,Wed,0
id389785,2026-07-22,CheckingAccount,Jackson Inc,Books,3363,0,-3363,3,7,Wed,0
id475519,2026-07-22,Cash,Ford Perez and Estes,House,7385,0,-7385,3,7,Wed,0
id652936,2026-07-23,CheckingAccount,Rodriguez Inc,Dinner,6038,0,-6038,3,7,Thu,0
id755613,2026-07-23,CheckingAccount,White Group,Dinner,3104,0,-3104,3,7,Thu,0
id443558,2026-07-23,SavingsBank,Carlson Group,Internet,5406,0,-5406,3,7,Thu,0
id864849,2026-07-23,CheckingAccount,Anderson-Hartman,Books,9135,0,-9135,3,7,Thu,0
id493457,2026-07-23,SavingsBank,Salary,Salary,0,132270,132270,3,7,Thu,0
id662375,2026-07-23,Cash,Harrison Perez and Ford,Insurance,9456,0,-9456,3,7,Thu,0
id159866,2026-07-23,CheckingAccount,Walters Inc,Books,6900,0,-6900,3,7,Thu,0
id141868,2026-07-23,CheckingAccount,Ramirez Sanchez and Baker,Dinner,2100,0,-2100,3,7,Thu,0
id165324,2026-07-24,Cash,Cooke-Payne,House,3584,0,-3584,3,7,Fri,0
id216390,2026-07-24,CreditCard,Cooke-Bailey,Dinner,4129,0,-4129,3,7,Fri,0
id447308,2026-07-24,CreditCard,Sanchez Jones and Ayers,Insurance,6741,0,-6741,3,7,Fri,0
id401352,2026-07-24,Cash,Castillo and Sons,Insurance,7542,0,-7542,3,7,Fri,0
id149651,2026-07-24,SavingsBank,Braun-Clark,Books,6144,0,-6144,3,7,Fri,0
id571043,2026-07-24,SavingsBank,Dividend,Dividend,0,1175,1175,3,7,Fri,0
id803267,2026-07-24,CheckingAccount,West-Brewer,House,3590,0,-3590,3,7,Fri,0
id179056,2026-07-24,Cash,Cohen Miller and Stanton,Fuel,7275,0,-7275,3,7,Fri,0
id132999,2026-07-25,CheckingAccount,Campbell LLC,Insurance,5183,0,-5183,3,7,Sat,0
id287981,2026-07-25,SavingsBank,Avila Cooper and Pearson,Grocery,5889,0,-5889,3,7,Sat,0
id405762,2026-07-25,CheckingAccount,Pratt Duke and Johnson,Books,252,0,-252,3,7,Sat,0
id989515,2026-07-25,CheckingAccount,Roman Ltd,Insurance,6243,0,-6243,3,7,Sat,0
id150973,2026-07-26,SavingsBank,Reyes Anderson and Moore,Insurance,9362,0,-9362,3,7,Sun,0
id816259,2026-07-26,CheckingAccount,Collier Morrison and Hutchinson,Insurance,1652,0,-1652,3,7,Sun,0
id217111,2026-07-26,Cash,Miller-Castro,Insurance,4602,0,-4602,3,7,Sun,0
id118257,2026-07-26,Cash,Case Miller and Salazar,Investment,1732,0,-1732,3,7,Sun,1
id165968,2026-07-26,Cash,French and Sons,Grocery,4517,0,-4517,3,7,Sun,0
id231837,2026-07-27,CheckingAccount,Robertson Inc,Tax,5326,0,-5326,3,7,Mon,0
id699610,2026-07-27,CheckingAccount,Anderson Williams and Palmer,Dinner,1711,0,-1711,3,7,Mon,0
id125834,2026-07-27,CheckingAccount,Green Trujillo and Dunn,Internet,5596,0,-5596,3,7,Mon,0
id455066,2026-07-27,CreditCard,Henson Group,Books,2031,0,-2031,3,7,Mon,0
id791774,2026-07-27,SavingsBank,Hunter Morris and Gibson,Telephone,853,0,-853,3,7,Mon,0
id960192,2026-07-27,SavingsBank,Bell-Ramirez,Insurance,8729,0,-8729,3,7,Mon,0
id547863,2026-07-28,Cash,Harris-Robertson,Tax,258,0,-258,3,7,Tue,0
id580556,2026-07-28,Cash,Howard Jones and Taylor,Investment,3835,0,-3835,3,7,Tue,1
id748454,2026-07-28,SavingsBank,Dividend,Dividend,0,4260,4260,3,7,Tue,0
id235339,2026-07-28,CheckingAccount,Peterson Group,Tax,323,0,-323,3,7,Tue,0
id832526,2026-07-28,SavingsBank,Romero Malone and Patterson,House,8840,0,-8840,3,7,Tue,0
id741127,2026-07-28,Cash,Warren Miller and Edwards,Tax,6765,0,-6765,3,7,Tue,0
id155344,2026-07-28,SavingsBank,Moore Martinez and Jones,School,1246,0,-1246,3,7,Tue,0
id768437,2026-07-28,SavingsBank,Davidson-Wallace,School,7065,0,-7065,3,7,Tue,0
id331488,2026-07-28,CreditCard,Cline and Sons,Tax,2119,0,-2119,3,7,Tue,0
id609012,2026-07-28,Cash,Sutton PLC,School,9465,0,-9465,3,7,Tue,0
id905023,2026-07-28,CreditCard,Powell PLC,House,6456,0,-6456,3,7,Tue,0
id556008,2026-07-29,Cash,White-Roach,Grocery,124,0,-124,3,7,Wed,0
id209474,2026-07-29,CheckingAccount,Warren White and Smith,Telephone,4589,0,-4589,3,7,Wed,0
id992078,2026-07-29,CreditCard,Cuevas Lopez and Wu,Insurance,6309,0,-6309,3,7,Wed,0
id185736,2026-07-29,CreditCard,Martinez David and Luna,Tax,3987,0,-3987,3,7,Wed,0
id791093,2026-07-29,CheckingAccount,Sanchez PLC,Telephone,3173,0,-3173,3,7,Wed,0
id654271,2026-07-30,CheckingAccount,Johnson Davis and Bauer,Telephone,3738,0,-3738,3,7,Thu,0
id293382,2026-07-30,CheckingAccount,Wilson Inc,House,1303,0,-1303,3,7,Thu,0
id841027,2026-07-30,SavingsBank,Rogers Inc,Internet,9282,0,-9282,3,7,Thu,0
id969837,2026-07-30,SavingsBank,Allen Luna and Russell,Telephone,4990,0,-4990,3,7,Thu,0
id940692,2026-07-30,CreditCard,Gray Stewart and Webb,Dinner,2036,0,-2036,3,7,Thu,0
id668928,2026-07-30,CheckingAccount,Sanders Boyd and Mendoza,House,8996,0,-8996,3,7,Thu,0
id344592,2026-07-30,CheckingAccount,Robinson-Williamson,Insurance,3053,0,-3053,3,7,Thu,0
id556810,2026-07-30,SavingsBank,Swanson Ltd,Insurance,9720,0,-9720,3,7,Thu,0
id844288,2026-07-30,CreditCard,Alvarado Alvarado and Erickson,Investment,5834,0,-5834,3,7,Thu,1
id378051,2026-07-30,SavingsBank,Edwards Inc,Books,374,0,-374,3,7,Thu,0
id794432,2026-07-30,Cash,Clay Thompson and Cohen,Telephone,6660,0,-6660,3,7,Thu,0
id149806,2026-07-30,CheckingAccount,Weber Group,Fuel,4620,0,-4620,3,7,Thu,0
id465119,2026-07-31,SavingsBank,Dividend,Dividend,0,2515,2515,3,7,Fri,0
id816662,2026-07-31,Cash,Contreras and Sons,Investment,1297,0,-1297,3,7,Fri,1
id700596,2026-07-31,SavingsBank,Dividend,Dividend,0,8489,8489,3,7,Fri,0
id613189,2026-08-01,Cash,Gonzalez Boyer and Shah,Fuel,805,0,-805,3,8,Sat,0
id893282,2026-08-01,Cash,Carter LLC,Fuel,9124,0,-9124,3,8,Sat,0
id637355,2026-08-01,CheckingAccount,Bass Shepard and Singh,Fuel,588,0,-588,3,8,Sat,0
id226695,2026-08-01,CreditCard,Dominguez Inc,School,5224,0,-5224,3,8,Sat,0
id139280,2026-08-01,SavingsBank,Interest,Interest,0,1396,1396,3,8,Sat,0
id439359,2026-08-01,SavingsBank,Wilkerson Castillo and Brown,Internet,2464,0,-2464,3,8,Sat,0
id911531,2026-08-01,CreditCard,Palmer-Kennedy,Tax,8278,0,-8278,3,8,Sat,0
id558123,2026-08-01,CreditCard,Blake-Frey,Grocery,4900,0,-4900,3,8,Sat,0
id438354,2026-08-01,CheckingAccount,Barnes LLC,Dinner,993,0,-993,3,8,Sat,0
id112628,2026-08-01,CreditCard,Armstrong Ltd,Insurance,6984,0,-6984,3,8,Sat,0
id629223,2026-08-02,SavingsBank,Allen PLC,Tax,8746,0,-8746,3,8,Sun,0
id398578,2026-08-02,SavingsBank,Wright Smith and Burns,Grocery,297,0,-297,3,8,Sun,0
id288099,2026-08-02,Cash,Moore LLC,Books,5087,0,-5087,3,8,Sun,0
id776496,2026-08-02,Cash,Williams Smith and Oconnor,Books,2196,0,-2196,3,8,Sun,0
id246423,2026-08-02,CreditCard,Navarro Robinson and Anderson,Internet,2747,0,-2747,3,8,Sun,0
id886920,2026-08-02,SavingsBank,Moran Payne and Campbell,Fuel,2127,0,-2127,3,8,Sun,0
id452533,2026-08-02,SavingsBank,Mitchell Inc,Telephone,6292,0,-6292,3,8,Sun,0
id149292,2026-08-02,SavingsBank,Interest,Interest,0,3010,3010,3,8,Sun,0
id387248,2026-08-03,Cash,Kirk Johnson and Lewis,Books,1872,0,-1872,3,8,Mon,0
id852562,2026-08-03,CreditCard,Martin PLC,Investment,5744,0,-5744,3,8,Mon,1
id428458,2026-08-03,CreditCard,Holt PLC,House,6930,0,-6930,3,8,Mon,0
id263679,2026-08-03,SavingsBank,Chambers Lambert and Lewis,Fuel,2877,0,-2877,3,8,Mon,0
id630352,2026-08-03,CreditCard,Perkins Baker and Stanton,Dinner,1185,0,-1185,3,8,Mon,0
id166692,2026-08-03,SavingsBank,Oconnell-Russell,Internet,2357,0,-2357,3,8,Mon,0
id551142,2026-08-03,Cash,Dixon Stokes and Miller,Grocery,489,0,-489,3,8,Mon,0
id777175,2026-08-03,Cash,Driver,Hire,4443,0,-4443,3,8,Mon,0
id194946,2026-08-04,CheckingAccount,Faulkner Group,Fuel,6375,0,-6375,3,8,Tue,0
id275043,2026-08-04,CreditCard,Ramirez-Gaines,Books,2224,0,-2224,3,8,Tue,0
id387496,2026-08-04,CreditCard,Howard and Sons,Books,1125,0,-1125,3,8,Tue,0
id868216,2026-08-04,CreditCard,Accountant,Hire,4720,0,-4720,3,8,Tue,0
id289568,2026-08-04,SavingsBank,Baker LLC,Fuel,9400,0,-9400,3,8,Tue,0
id628991,2026-08-04,CreditCard,Armstrong PLC,Investment,4028,0,-4028,3,8,Tue,1
id498712,2026-08-04,CheckingAccount,Lopez Mendoza and Martinez,House,7812,0,-7812,3,8,Tue,0
id786959,2026-08-05,Cash,Johnson-Branch,Telephone,2328,0,-2328,3,8,Wed,0
id321657,2026-08-05,SavingsBank,Dividend,Dividend,0,3899,3899,3,8,Wed,0
id403764,2026-08-05,SavingsBank,Salary,Salary,0,60810,60810,3,8,Wed,0
id887864,2026-08-05,CheckingAccount,Jones Gill and Willis,Tax,4785,0,-4785,3,8,Wed,0
id548747,2026-08-05,Cash,Harrell Ryan and Graham,Internet,9289,0,-9289,3,8,Wed,0
id835954,2026-08-06,Cash,Cleaning,Hire,8957,0,-8957,3,8,Thu,0
id541247,2026-08-06,CheckingAccount,Mathis-Davis,Fuel,5716,0,-5716,3,8,Thu,0
id290399,2026-08-06,CheckingAccount,Wang Jordan and Williamson,Fuel,4008,0,-4008,3,8,Thu,0
id964959,2026-08-06,SavingsBank,Interest,Interest,0,4494,4494,3,8,Thu,0
id698605,2026-08-06,CheckingAccount,Sloan-Larson,Telephone,701,0,-701,3,8,Thu,0
id271805,2026-08-06,CheckingAccount,Sanchez PLC,Investment,7292,0,-7292,3,8,Thu,1
id536249,2026-08-06,CheckingAccount,Jones Keller and Oliver,Investment,6265,0,-6265,3,8,Thu,1
id892107,2026-08-06,SavingsBank,Day Inc,School,6649,0,-6649,3,8,Thu,0
id660857,2026-08-07,CreditCard,Hurst Ltd,School,1720,0,-1720,3,8,Fri,0
id828732,2026-08-07,CheckingAccount,Humphrey Ayala and Smith,Telephone,2623,0,-2623,3,8,Fri,0
id833637,2026-08-07,CreditCard,White Kidd and Rollins,Fuel,4888,0,-4888,3,8,Fri,0
id286483,2026-08-07,Cash,Williams-Briggs,Telephone,9243,0,-9243,3,8,Fri,0
id913791,2026-08-07,CheckingAccount,Wilson Ltd,Tax,4521,0,-4521,3,8,Fri,0
id673361,2026-08-07,CreditCard,Diaz Strickland and Allen,House,7001,0,-7001,3,8,Fri,0
id735918,2026-08-08,CreditCard,Fleming Miranda and Williams,Books,3460,0,-3460,3,8,Sat,0
id820323,2026-08-08,Cash,Lawrence-Smith,Tax,4892,0,-4892,3,8,Sat,0
id205074,2026-08-08,CreditCard,Fitzgerald Arnold and Ray,Books,8470,0,-8470,3,8,Sat,0
id368359,2026-08-08,CheckingAccount,Ellis-Sutton,Insurance,7432,0,-7432,3,8,Sat,0
id748797,2026-08-08,SavingsBank,Clark Mills and Hughes,Telephone,5600,0,-5600,3,8,Sat,0
id349160,2026-08-08,Cash,Anderson Guerrero and Clark,Internet,5377,0,-5377,3,8,Sat,0
id642037,2026-08-08,CreditCard,Mills Bates and Brown,House,2703,0,-2703,3,8,Sat,0
id960180,2026-08-08,Cash,Peters Jackson and Ortiz,Internet,188,0,-188,3,8,Sat,0
id376081,2026-08-09,SavingsBank,Dividend,Dividend,0,6825,6825,3,8,Sun,0
id726705,2026-08-09,CreditCard,Thomas Yu and Montgomery,Fuel,4877,0,-4877,3,8,Sun,0
id372586,2026-08-09,Cash,Weaver Murray and Logan,Fuel,1161,0,-1161,3,8,Sun,0
id535162,2026-08-09,Cash,Madden-Johnson,Tax,2885,0,-2885,3,8,Sun,0
id940945,2026-08-09,SavingsBank,Interest,Interest,0,6999,6999,3,8,Sun,0
id496957,2026-08-10,Cash,Sparks Group,Insurance,6381,0,-6381,3,8,Mon,0
id720685,2026-08-10,CreditCard,Bailey-Turner,Internet,9066,0,-9066,3,8,Mon,0
id231438,2026-08-10,Cash,Garcia Walters and Smith,School,9501,0,-9501,3,8,Mon,0
id496427,2026-08-10,Cash,Johnson-Reed,House,6022,0,-6022,3,8,Mon,0
id398617,2026-08-10,CreditCard,Cleaning,Hire,9150,0,-9150,3,8,Mon,0
id112077,2026-08-10,CheckingAccount,Weeks-Arnold,Grocery,8317,0,-8317,3,8,Mon,0
id172513,2026-08-11,Cash,Sherman-Ellis,Investment,2150,0,-2150,3,8,Tue,1
id738717,2026-08-11,CheckingAccount,Hatfield LLC,Books,711,0,-711,3,8,Tue,0
id987529,2026-08-11,CreditCard,Cleaning,Hire,7054,0,-7054,3,8,Tue,0
id668968,2026-08-11,Cash,Fuller Group,Insurance,2243,0,-2243,3,8,Tue,0
id718825,2026-08-11,Cash,Green-Cummings,Books,1244,0,-1244,3,8,Tue,0
id140121,2026-08-11,Cash,Bishop Banks and Russell,Books,1923,0,-1923,3,8,Tue,0
id808500,2026-08-11,Cash,York Henderson and Collins,Insurance,5340,0,-5340,3,8,Tue,0
id379521,2026-08-11,SavingsBank,Phillips LLC,Dinner,159,0,-159,3,8,Tue,0
id424592,2026-08-11,CheckingAccount,Martinez House and Park,Telephone,8453,0,-8453,3,8,Tue,0
id589175,2026-08-11,SavingsBank,Cab,Hire,672,0,-672,3,8,Tue,0
id636414,2026-08-11,Cash,Patterson-Smith,Fuel,5246,0,-5246,3,8,Tue,0
id483600,2026-08-12,CheckingAccount,Mccoy Ltd,Tax,2977,0,-2977,3,8,Wed,0
id130947,2026-08-12,CheckingAccount,Martinez and Sons,Internet,7067,0,-7067,3,8,Wed,0
id456772,2026-08-12,CreditCard,Allen-Baird,House,6659,0,-6659,3,8,Wed,0
id183939,2026-08-13,Cash,Garcia Thompson and Ali,Internet,738,0,-738,3,8,Thu,0
id769447,2026-08-13,CreditCard,Mcdonald Inc,Insurance,390,0,-390,3,8,Thu,0
id252616,2026-08-13,CheckingAccount,Deleon Wallace and Fisher,Tax,8261,0,-8261,3,8,Thu,0
id370878,2026-08-13,Cash,Wilson Brown and Williams,Fuel,5988,0,-5988,3,8,Thu,0
id895860,2026-08-13,Cash,Williams-Castro,Investment,7651,0,-7651,3,8,Thu,1
id636994,2026-08-13,CreditCard,Williams Molina and Baldwin,Grocery,8659,0,-8659,3,8,Thu,0
id620577,2026-08-14,SavingsBank,Powell and Sons,Investment,6626,0,-6626,3,8,Fri,1
id288200,2026-08-14,CreditCard,Gray Nichols and King,Fuel,5277,0,-5277,3,8,Fri,0
id788451,2026-08-14,SavingsBank,Lynch-Rivera,Internet,8980,0,-8980,3,8,Fri,0
id602636,2026-08-14,SavingsBank,Morris-Lucero,Insurance,8854,0,-8854,3,8,Fri,0
id568214,2026-08-14,CreditCard,Barber LLC,Telephone,2895,0,-2895,3,8,Fri,0
id117846,2026-08-14,Cash,Driver,Hire,447,0,-447,3,8,Fri,0
id192320,2026-08-14,Cash,Collins Brown and Pena,Insurance,9684,0,-9684,3,8,Fri,0
id315287,2026-08-14,Cash,Allen PLC,Fuel,2262,0,-2262,3,8,Fri,0
id397622,2026-08-15,SavingsBank,Salary,Salary,0,36420,36420,3,8,Sat,0
id114336,2026-08-15,Cash,Weber-Gonzalez,School,1795,0,-1795,3,8,Sat,0
id423297,2026-08-15,SavingsBank,Dividend,Dividend,0,3103,3103,3,8,Sat,0
id848593,2026-08-15,CheckingAccount,Foster-Smith,Internet,1812,0,-1812,3,8,Sat,0
id790377,2026-08-15,CheckingAccount,Taylor Group,House,1427,0,-1427,3,8,Sat,0
id410213,2026-08-16,Cash,Dixon Williamson and Henderson,Tax,4207,0,-4207,3,8,Sun,0
id434078,2026-08-16,SavingsBank,Salary,Salary,0,74910,74910,3,8,Sun,0
id773399,2026-08-16,SavingsBank,Bean-White,Insurance,5065,0,-5065,3,8,Sun,0
id331566,2026-08-16,CreditCard,Turner-Fisher,Grocery,9658,0,-9658,3,8,Sun,0
id982133,2026-08-17,CreditCard,Hull-Ibarra,Books,7300,0,-7300,3,8,Mon,0
id574726,2026-08-17,Cash,Ward Miller and Green,Internet,5694,0,-5694,3,8,Mon,0
id267925,2026-08-17,SavingsBank,Davis and Sons,Internet,1392,0,-1392,3,8,Mon,0
id649504,2026-08-17,Cash,Wolfe Larson and Morrison,Investment,5439,0,-5439,3,8,Mon,1
id390251,2026-08-17,Cash,Mclean-Madden,School,2765,0,-2765,3,8,Mon,0
id387811,2026-08-17,CheckingAccount,Hunter Morgan and Holloway,School,3407,0,-3407,3,8,Mon,0
id203680,2026-08-17,CheckingAccount,Coleman Allen and Ross,Internet,974,0,-974,3,8,Mon,0
id244054,2026-08-17,CheckingAccount,Morgan and Sons,Investment,701,0,-701,3,8,Mon,1
id245332,2026-08-18,CreditCard,Young-Caldwell,Books,2373,0,-2373,3,8,Tue,0
id607605,2026-08-18,CreditCard,Nelson PLC,Fuel,7399,0,-7399,3,8,Tue,0
id545980,2026-08-18,SavingsBank,Kramer-Nguyen,School,830,0,-830,3,8,Tue,0
id639043,2026-08-18,SavingsBank,Chambers-Mcknight,Dinner,7212,0,-7212,3,8,Tue,0
id824488,2026-08-18,Cash,Accountant,Hire,1915,0,-1915,3,8,Tue,0
id627335,2026-08-18,CreditCard,Burgess Ltd,Telephone,107,0,-107,3,8,Tue,0
id812227,2026-08-18,SavingsBank,Cab,Hire,9578,0,-9578,3,8,Tue,0
id845129,2026-08-19,CheckingAccount,Cardenas White and Velasquez,Investment,8534,0,-8534,3,8,Wed,1
id267395,2026-08-19,SavingsBank,Salary,Salary,0,132225,132225,3,8,Wed,0
id921654,2026-08-19,CreditCard,Rosario-Hayes,Insurance,1557,0,-1557,3,8,Wed,0
id447087,2026-08-19,CheckingAccount,Thompson-Huffman,Dinner,1303,0,-1303,3,8,Wed,0
id512641,2026-08-19,Cash,Bradley-Brown,Grocery,2911,0,-2911,3,8,Wed,0
id956389,2026-08-19,Cash,Lopez Ltd,Internet,4307,0,-4307,3,8,Wed,0
id420963,2026-08-19,Cash,Guerrero Ramos and Hall,Insurance,7807,0,-7807,3,8,Wed,0
id653645,2026-08-19,SavingsBank,Kane-Moran,Grocery,6381,0,-6381,3,8,Wed,0
id113473,2026-08-19,SavingsBank,Salary,Salary,0,34350,34350,3,8,Wed,0
id580234,2026-08-20,CreditCard,Cleaning,Hire,3250,0,-3250,3,8,Thu,0
id612715,2026-08-20,CreditCard,Allen and Sons,Grocery,8403,0,-8403,3,8,Thu,0
id855004,2026-08-20,Cash,Taylor Clark and Gilbert,Insurance,4452,0,-4452,3,8,Thu,0
id152565,2026-08-20,SavingsBank,Davis Smith and Hill,Tax,4449,0,-4449,3,8,Thu,0
id391902,2026-08-20,CreditCard,Powers-Perez,Investment,4686,0,-4686,3,8,Thu,1
id836248,2026-08-20,CheckingAccount,Pacheco Williams and Anderson,House,933,0,-933,3,8,Thu,0
id442099,2026-08-20,CheckingAccount,Nelson-Haney,Fuel,4899,0,-4899,3,8,Thu,0
id802204,2026-08-20,CheckingAccount,Thomas Morales and Trujillo,Books,7189,0,-7189,3,8,Thu,0
id216647,2026-08-20,CreditCard,Hernandez Inc,Insurance,3144,0,-3144,3,8,Thu,0
id577286,2026-08-20,Cash,Johnson Group,Telephone,3106,0,-3106,3,8,Thu,0
id517449,2026-08-20,Cash,Reynolds Ltd,Insurance,8196,0,-8196,3,8,Thu,0
id750530,2026-08-21,CheckingAccount,Dunn Inc,Books,527,0,-527,3,8,Fri,0
id297148,2026-08-21,CheckingAccount,Harmon Levine and Armstrong,Grocery,3575,0,-3575,3,8,Fri,0
id736129,2026-08-21,CheckingAccount,Accountant,Hire,2477,0,-2477,3,8,Fri,0
id700099,2026-08-21,CheckingAccount,Shannon PLC,School,1744,0,-1744,3,8,Fri,0
id534578,2026-08-21,Cash,Garrett-Nelson,Investment,7651,0,-7651,3,8,Fri,1
id539559,2026-08-21,CreditCard,Evans-Garcia,Grocery,8319,0,-8319,3,8,Fri,0
id214522,2026-08-22,SavingsBank,Dividend,Dividend,0,7594,7594,3,8,Sat,0
id616085,2026-08-22,CreditCard,Hansen Johnson and Jones,Tax,6022,0,-6022,3,8,Sat,0
id258069,2026-08-22,Cash,Mcdonald-Parker,Grocery,6629,0,-6629,3,8,Sat,0
id408486,2026-08-22,CreditCard,Barrett Inc,Grocery,9227,0,-9227,3,8,Sat,0
id855394,2026-08-22,SavingsBank,Jones-Blake,School,4015,0,-4015,3,8,Sat,0
id748419,2026-08-22,CheckingAccount,Kennedy-Roach,Dinner,8363,0,-8363,3,8,Sat,0
id125386,2026-08-22,CreditCard,Collins Ltd,Telephone,8965,0,-8965,3,8,Sat,0
id144045,2026-08-23,CheckingAccount,Hill and Sons,Tax,5219,0,-5219,3,8,Sun,0
id129538,2026-08-23,CheckingAccount,Cowan-Gutierrez,Investment,9858,0,-9858,3,8,Sun,1
id639822,2026-08-23,CreditCard,Wilson Ltd,Tax,508,0,-508,3,8,Sun,0
id244399,2026-08-23,Cash,Johns-Thomas,Investment,5466,0,-5466,3,8,Sun,1
id804270,2026-08-23,Cash,Hunter LLC,Fuel,8386,0,-8386,3,8,Sun,0
id592803,2026-08-23,Cash,Calderon Mclaughlin and Munoz,Investment,4289,0,-4289,3,8,Sun,1
id505719,2026-08-23,Cash,Barnett Nguyen and Fletcher,Telephone,9525,0,-9525,3,8,Sun,0
id892173,2026-08-23,CheckingAccount,Cook-Murphy,Investment,2861,0,-2861,3,8,Sun,1
id748978,2026-08-23,Cash,Cannon PLC,Insurance,4332,0,-4332,3,8,Sun,0
id651634,2026-08-24,Cash,Parker Butler and Myers,Telephone,9685,0,-9685,3,8,Mon,0
id268666,2026-08-24,SavingsBank,Barron-Drake,Telephone,6648,0,-6648,3,8,Mon,0
id349385,2026-08-24,Cash,Diaz PLC,Insurance,8508,0,-8508,3,8,Mon,0
id665376,2026-08-24,Cash,Hess-Wright,Books,7474,0,-7474,3,8,Mon,0
id457375,2026-08-24,CreditCard,Mendoza Hamilton and Wright,Dinner,5623,0,-5623,3,8,Mon,0
id797748,2026-08-24,CreditCard,Jennings Velasquez and Miller,Investment,753,0,-753,3,8,Mon,1
id523667,2026-08-25,CreditCard,Smith Inc,Dinner,4742,0,-4742,3,8,Tue,0
id296834,2026-08-25,SavingsBank,Henderson Inc,School,9777,0,-9777,3,8,Tue,0
id890651,2026-08-25,CreditCard,Garrison-Williams,Dinner,7739,0,-7739,3,8,Tue,0
id197968,2026-08-25,CreditCard,Allen Saunders and Ellis,Insurance,9596,0,-9596,3,8,Tue,0
id617543,2026-08-25,Cash,Acosta Bauer and Petersen,House,6973,0,-6973,3,8,Tue,0
id857759,2026-08-25,SavingsBank,Rivera Taylor and King,House,1250,0,-1250,3,8,Tue,0
id391209,2026-08-25,CreditCard,Richard Williamson and Singleton,Grocery,6832,0,-6832,3,8,Tue,0
id756517,2026-08-25,Cash,Driver,Hire,4716,0,-4716,3,8,Tue,0
id906314,2026-08-25,Cash,Morris Richardson and Allison,Books,3565,0,-3565,3,8,Tue,0
id219116,2026-08-25,Cash,White Humphrey and Williams,School,9575,0,-9575,3,8,Tue,0
id262918,2026-08-25,CheckingAccount,Parker PLC,Books,1420,0,-1420,3,8,Tue,0
id158307,2026-08-26,CheckingAccount,Munoz Martinez and Combs,Dinner,1890,0,-1890,3,8,Wed,0
id812456,2026-08-26,CreditCard,Robinson Rush and Leonard,School,3797,0,-3797,3,8,Wed,0
id753886,2026-08-26,CreditCard,Holmes Ltd,Telephone,4109,0,-4109,3,8,Wed,0
id822604,2026-08-26,Cash,Smith and Sons,Dinner,2996,0,-2996,3,8,Wed,0
id600603,2026-08-26,Cash,Morgan LLC,Books,5753,0,-5753,3,8,Wed,0
id434227,2026-08-26,SavingsBank,Franklin Daniels and Jones,Grocery,3621,0,-3621,3,8,Wed,0
id876433,2026-08-26,CreditCard,Taylor LLC,Telephone,1327,0,-1327,3,8,Wed,0
id901426,2026-08-27,Cash,Harris-Arellano,Books,3333,0,-3333,3,8,Thu,0
id631348,2026-08-27,CheckingAccount,Richardson Group,House,5466,0,-5466,3,8,Thu,0
id999035,2026-08-27,CreditCard,Fisher Hurley and Ramirez,Books,466,0,-466,3,8,Thu,0
id288567,2026-08-27,CreditCard,Gibbs and Sons,School,278,0,-278,3,8,Thu,0
id603616,2026-08-27,SavingsBank,Harrington-Brown,Telephone,7769,0,-7769,3,8,Thu,0
id529708,2026-08-27,CreditCard,Solis-Gentry,Tax,2074,0,-2074,3,8,Thu,0
id844662,2026-08-27,CreditCard,Howard LLC,Investment,2167,0,-2167,3,8,Thu,1
id666405,2026-08-27,CheckingAccount,Accountant,Hire,9089,0,-9089,3,8,Thu,0
id235834,2026-08-27,SavingsBank,Salary,Salary,0,126315,126315,3,8,Thu,0
id219946,2026-08-27,CheckingAccount,Nguyen PLC,Insurance,9708,0,-9708,3,8,Thu,0
id630100,2026-08-27,CheckingAccount,Hawkins Abbott and Schmidt,Telephone,2752,0,-2752,3,8,Thu,0
id339783,2026-08-27,CreditCard,Porter-Vega,Grocery,6714,0,-6714,3,8,Thu,0
id226715,2026-08-28,CreditCard,Anderson Group,Tax,4674,0,-4674,3,8,Fri,0
id231710,2026-08-28,SavingsBank,Reynolds LLC,House,4732,0,-4732,3,8,Fri,0
id919496,2026-08-28,Cash,Maldonado Gonzalez and Woods,Tax,7045,0,-7045,3,8,Fri,0
id347822,2026-08-28,CreditCard,Baker-Clark,House,5775,0,-5775,3,8,Fri,0
id853284,2026-08-28,Cash,Medina LLC,Dinner,3695,0,-3695,3,8,Fri,0
id880251,2026-08-29,SavingsBank,Benjamin Hart and Cooper,Internet,2640,0,-2640,3,8,Sat,0
id724194,2026-08-29,SavingsBank,Salary,Salary,0,112380,112380,3,8,Sat,0
id558809,2026-08-29,CheckingAccount,Hayden-Lawrence,Tax,3468,0,-3468,3,8,Sat,0
id290553,2026-08-29,SavingsBank,Salary,Salary,0,40260,40260,3,8,Sat,0
id913425,2026-08-29,CheckingAccount,May-Bennett,Fuel,9025,0,-9025,3,8,Sat,0
id300704,2026-08-30,SavingsBank,Baxter Thomas and Montoya,Telephone,4617,0,-4617,3,8,Sun,0
id376064,2026-08-30,CreditCard,Rivera-Kelly,Dinner,930,0,-930,3,8,Sun,0
id737851,2026-08-30,CreditCard,Jones Group,Insurance,8041,0,-8041,3,8,Sun,0
id672806,2026-08-30,SavingsBank,Leach Lara and Smith,Fuel,9403,0,-9403,3,8,Sun,0
id768348,2026-08-30,CheckingAccount,Miller-Richardson,Fuel,362,0,-362,3,8,Sun,0
id909356,2026-08-30,SavingsBank,Dividend,Dividend,0,7692,7692,3,8,Sun,0
id248111,2026-08-30,Cash,Garcia Alexander and Lopez,Insurance,3841,0,-3841,3,8,Sun,0
id163868,2026-08-30,CreditCard,Miller Daniel and Harris,Fuel,8196,0,-8196,3,8,Sun,0
id839390,2026-08-31,CheckingAccount,Martinez-Lamb,Books,7304,0,-7304,3,8,Mon,0
id420320,2026-08-31,SavingsBank,Rosario-Grimes,Insurance,630,0,-630,3,8,Mon,0
id636072,2026-08-31,CreditCard,Farmer Baker and Thompson,Dinner,8794,0,-8794,3,8,Mon,0
id850957,2026-08-31,SavingsBank,Rose Stewart and Peterson,Tax,3110,0,-3110,3,8,Mon,0
id973124,2026-08-31,Cash,Hendricks Jackson and Berg,Dinner,4220,0,-4220,3,8,Mon,0
id956075,2026-08-31,CreditCard,Ramsey Ltd,Fuel,6892,0,-6892,3,8,Mon,0
id551911,2026-09-01,Cash,Lopez Group,Internet,6059,0,-6059,3,9,Tue,0
id852247,2026-09-01,Cash,Whitehead-Gregory,House,9898,0,-9898,3,9,Tue,0
id321522,2026-09-01,Cash,Palmer-Price,Insurance,1550,0,-1550,3,9,Tue,0
id579066,2026-09-01,Cash,Perez-Ryan,Telephone,3148,0,-3148,3,9,Tue,0
id348268,2026-09-01,Cash,Saunders-Contreras,Grocery,4619,0,-4619,3,9,Tue,0
id658588,2026-09-01,CreditCard,Cab,Hire,6952,0,-6952,3,9,Tue,0
id996116,2026-09-02,Cash,Torres-Gordon,Grocery,1652,0,-1652,3,9,Wed,0
id558500,2026-09-02,CreditCard,Rosales-Patton,Telephone,7119,0,-7119,3,9,Wed,0
id377985,2026-09-02,Cash,Carey-Griffin,Investment,6127,0,-6127,3,9,Wed,1
id824932,2026-09-02,Cash,Waller Chapman and Hogan,Fuel,8213,0,-8213,3,9,Wed,0
id177150,2026-09-02,SavingsBank,Black Murray and Henderson,Books,1626,0,-1626,3,9,Wed,0
id524308,2026-09-02,Cash,Webster and Sons,Insurance,3029,0,-3029,3,9,Wed,0
id956398,2026-09-02,CreditCard,Rojas Johnson and Rodgers,Telephone,8037,0,-8037,3,9,Wed,0
id389728,2026-09-02,CreditCard,Thompson Ltd,Investment,8076,0,-8076,3,9,Wed,1
id913646,2026-09-03,CheckingAccount,Cleaning,Hire,7468,0,-7468,3,9,Thu,0
id846435,2026-09-03,SavingsBank,Harris Martinez and Stewart,Fuel,9957,0,-9957,3,9,Thu,0
id592007,2026-09-04,CheckingAccount,Ashley LLC,Books,6492,0,-6492,3,9,Fri,0
id207066,2026-09-04,Cash,Kim Morales and Montgomery,Telephone,1074,0,-1074,3,9,Fri,0
id766398,2026-09-04,CheckingAccount,Smith Lopez and Carney,Books,6030,0,-6030,3,9,Fri,0
id803199,2026-09-04,SavingsBank,Interest,Interest,0,8097,8097,3,9,Fri,0
id722390,2026-09-04,CreditCard,Espinoza LLC,Tax,3618,0,-3618,3,9,Fri,0
id903067,2026-09-04,CheckingAccount,Dunn-Combs,Insurance,2304,0,-2304,3,9,Fri,0
id585548,2026-09-04,CheckingAccount,Rios-Pearson,Grocery,3717,0,-3717,3,9,Fri,0
id900699,2026-09-04,Cash,Reed LLC,Telephone,5866,0,-5866,3,9,Fri,0
id982397,2026-09-05,CreditCard,Murphy Potts and Cobb,Insurance,9985,0,-9985,3,9,Sat,0
id695403,2026-09-05,CheckingAccount,Norton Pearson and Davis,Fuel,5125,0,-5125,3,9,Sat,0
id277011,2026-09-05,Cash,Jones Inc,Tax,9397,0,-9397,3,9,Sat,0
id591197,2026-09-05,CheckingAccount,Cisneros-Howell,House,7296,0,-7296,3,9,Sat,0
id911931,2026-09-05,Cash,Hamilton-King,House,4332,0,-4332,3,9,Sat,0
id868192,2026-09-05,Cash,Fisher Tyler and Burgess,House,1941,0,-1941,3,9,Sat,0
id310888,2026-09-06,CheckingAccount,Meyers Lopez and Leach,House,1359,0,-1359,3,9,Sun,0
id136204,2026-09-06,CreditCard,Williams Clark and Simpson,Grocery,4822,0,-4822,3,9,Sun,0
id960444,2026-09-06,Cash,Stokes PLC,Internet,3864,0,-3864,3,9,Sun,0
id398522,2026-09-06,CreditCard,Russell Ferguson and Johnson,House,9106,0,-9106,3,9,Sun,0
id365411,2026-09-06,Cash,Hutchinson-Walters,Books,9343,0,-9343,3,9,Sun,0
id625894,2026-09-06,CreditCard,Wilson PLC,School,5364,0,-5364,3,9,Sun,0
id364007,2026-09-07,Cash,Lee-Peterson,Books,7089,0,-7089,3,9,Mon,0
id539592,2026-09-07,SavingsBank,Hopkins Patterson and Price,Insurance,1247,0,-1247,3,9,Mon,0
id824555,2026-09-07,SavingsBank,Dividend,Dividend,0,8264,8264,3,9,Mon,0
id852826,2026-09-08,SavingsBank,Johnson-Owens,Dinner,2368,0,-2368,3,9,Tue,0
id180690,2026-09-08,SavingsBank,Garza-Daniels,Telephone,4235,0,-4235,3,9,Tue,0
id276889,2026-09-09,SavingsBank,Freeman-Robles,Books,1069,0,-1069,3,9,Wed,0
id368966,2026-09-09,SavingsBank,Garcia-Nguyen,Fuel,8549,0,-8549,3,9,Wed,0
id321753,2026-09-09,Cash,Driver,Hire,8357,0,-8357,3,9,Wed,0
id279376,2026-09-09,CreditCard,Lewis LLC,Tax,3254,0,-3254,3,9,Wed,0
id873186,2026-09-10,CreditCard,Holloway Reed and Chapman,Fuel,3231,0,-3231,3,9,Thu,0
id341902,2026-09-10,CreditCard,Carr LLC,Telephone,7463,0,-7463,3,9,Thu,0
id303396,2026-09-10,CheckingAccount,Rose Vasquez and Saunders,Tax,8076,0,-8076,3,9,Thu,0
id546883,2026-09-10,CreditCard,Hickman Hughes and Austin,Books,6097,0,-6097,3,9,Thu,0
id170905,2026-09-10,Cash,Burch-Cook,Tax,560,0,-560,3,9,Thu,0
id567534,2026-09-10,SavingsBank,Interest,Interest,0,9004,9004,3,9,Thu,0
id375862,2026-09-10,CreditCard,Burns Cole and Sharp,Fuel,5232,0,-5232,3,9,Thu,0
id677604,2026-09-10,CreditCard,Cook Fields and Fernandez,House,6519,0,-6519,3,9,Thu,0
id911408,2026-09-10,CreditCard,Conway Rodriguez and Savage,School,6151,0,-6151,3,9,Thu,0
id254160,2026-09-10,SavingsBank,Salary,Salary,0,134310,134310,3,9,Thu,0
id669800,2026-09-10,SavingsBank,Willis-Wise,Books,8639,0,-8639,3,9,Thu,0
id765019,2026-09-11,SavingsBank,Accountant,Hire,6456,0,-6456,3,9,Fri,0
id598254,2026-09-11,Cash,Johnston Mason and Martin,House,1416,0,-1416,3,9,Fri,0
id648215,2026-09-11,CreditCard,Hernandez Chen and Thompson,Internet,9152,0,-9152,3,9,Fri,0
id453028,2026-09-11,CreditCard,Parker Blevins and Winters,Investment,8620,0,-8620,3,9,Fri,1
id752563,2026-09-11,Cash,Sullivan Saunders and Gomez,Grocery,9530,0,-9530,3,9,Fri,0
id593217,2026-09-11,Cash,Avila Carter and Ramirez,Dinner,337,0,-337,3,9,Fri,0
id198030,2026-09-11,Cash,Martin PLC,Internet,7779,0,-7779,3,9,Fri,0
id913041,2026-09-11,CheckingAccount,Colon Group,Dinner,3289,0,-3289,3,9,Fri,0
id960601,2026-09-12,SavingsBank,Mccarthy-Burns,Books,6371,0,-6371,3,9,Sat,0
id131821,2026-09-12,CreditCard,Molina Duncan and Davis,Internet,3216,0,-3216,3,9,Sat,0
id275134,2026-09-13,Cash,Jones Group,Telephone,4608,0,-4608,3,9,Sun,0
id894193,2026-09-13,CreditCard,Costa-Diaz,Books,7132,0,-7132,3,9,Sun,0
id940497,2026-09-13,Cash,Carter-Green,Books,1003,0,-1003,3,9,Sun,0
id707260,2026-09-13,CreditCard,Haynes and Sons,Tax,736,0,-736,3,9,Sun,0
id456679,2026-09-13,SavingsBank,Riley Gutierrez and Poole,Dinner,5827,0,-5827,3,9,Sun,0
